,Overarching_group,Group,Risk_factor,anal_year,median_Deaths,min_Deaths,max_Deaths,n_estimates_Deaths,mean_Deaths,std_Deaths,mad_Deaths,range_Deaths,fold_range_vs_median_Deaths,rmu_Deaths,cv_Deaths,max_vs_min_Deaths,f_med_Deaths,rcv_m_Deaths,median_DALYs,min_DALYs,max_DALYs,n_estimates_DALYs,mean_DALYs,std_DALYs,mad_DALYs,range_DALYs,fold_range_vs_median_DALYs,rmu_DALYs,cv_DALYs,max_vs_min_DALYs,f_med_DALYs,rcv_m_DALYs
0,Behavioural risks,Child and maternal malnutrition,Child and maternal malnutrition,1990,6737896.80836831,4254000.0,7263623.76339251,3.0,6085173.5239202725,1607480.8128993944,525726.9550241996,3009623.76339251,0.44667109767169894,0.49458306350048165,0.264163512606589,1.7074809034773177,1.583896757961521,0.11563361231329719,636351417.329119,403951000.0,665322525.270833,3,568541647.5333173,143273836.4650718,28971107.94171405,261371525.27083302,0.41073456922254714,0.4597227422209492,0.2520023591704876,1.6470376983120056,1.5753183364544685,0.06747086719760424
1,Behavioural risks,Child and maternal malnutrition,Child and maternal malnutrition,2005,4730454.53040622,2280000.0,4953802.64675433,3.0,3988085.7257201835,1483454.9976577808,223348.11634811014,2673802.64675433,0.5652316557674896,0.6704476359448077,0.3719716926069569,2.1727204591027762,2.0747607589500965,0.06997253779743551,462960101.054238,248339000.0,468161213.629146,3,393153438.22779465,125439941.93409066,5201112.5749079585,219822213.62914598,0.47481891663789993,0.5591257566512241,0.31906103250560985,1.8851699234882398,1.8642263239130303,0.01664948840831223
2,Behavioural risks,Child and maternal malnutrition,Child and maternal malnutrition,2006,4605440.32702338,4301090.0,4795381.89324262,3.0,4567304.073422,249342.93515238204,189941.5662192395,494291.89324261993,0.10732782495134272,0.10822399500812685,0.05459302274253107,1.114922471569444,1.0707612086757963,0.06112192996730231,452254593.795451,406715030.0,454678576.274539,3,437882733.3566633,27019219.49578583,2423982.4790880084,47963546.274538994,0.10605430421837196,0.10953513948098938,0.061704235946152715,1.1179291217109408,1.1119692178463407,0.007943185283891664
3,Behavioural risks,Child and maternal malnutrition,Child and maternal malnutrition,2007,4639812.40165086,4485531.71016537,4650000.0,3.0,4591781.37060541,92155.78955089419,10187.598349140026,164468.28983462974,0.03544718527329066,0.03581797053480906,0.02006972503979295,1.0366663977565698,1.0343951846635817,0.0032540153451147283,441805834.951302,441451735.61895,455000000.0,3,446085856.85675067,7721904.400343697,354099.3323519826,13548264.38104999,0.030665652893749912,0.030371427770687374,0.017310354680945182,1.0306902505707771,1.0298641711016612,0.0011877960158753484
4,Behavioural risks,Child and maternal malnutrition,Child and maternal malnutrition,2010,4199765.0854189005,4164737.2969023,4234792.8739355,2.0,4199765.0854189005,49536.77358011282,35027.78851660015,70055.5770332003,0.016680832286649835,0.016680832286649835,0.011795129625725681,1.0168211274899157,1.0084105637449579,0.012360496724407529,409897536.990698,406683603.467776,413111470.51362,2,409897536.990698,4545188.376681867,3213933.522922009,6427867.045844018,0.01568164349811619,0.01568164349811619,0.011088596457667941,1.01580557217216,1.0079027860860799,0.011620097832104097
5,Behavioural risks,Child and maternal malnutrition,Child and maternal malnutrition,2013,3787583.48125494,1665000.0,3838076.96147437,3.0,3096886.814243103,1240307.33469113,50493.48021943029,2173076.96147437,0.5737370469137131,0.7016972501158337,0.4005013450884767,2.305151328212835,2.2748249136666305,0.019757013424401625,372698472.804898,176859000.0,380926179.151682,3,310161217.31886,115516382.58067842,8227706.346783996,204067179.15168202,0.5475396172565163,0.6579390580025083,0.37243980269113486,2.153841077647629,2.1073198016775962,0.03271669109392077
6,Behavioural risks,Child and maternal malnutrition,Child and maternal malnutrition,2015,3539444.3334772,1414000.0,3544990.58935279,3.0,2832811.64094333,1228730.0535902048,5546.255875589792,2130990.58935279,0.6020692483272578,0.7522528355055641,0.4337492955165336,2.5070654804475176,2.503143092982461,0.0023222716430036545,347388861.899032,172120000.0,359106213.366965,3,292871691.7553323,104738017.82393469,11717351.467933,186986213.366965,0.5382619705905027,0.6384577910082719,0.35762424560798384,2.0863712140771846,2.0182945729667208,0.04998754070740427
7,Behavioural risks,Child and maternal malnutrition,Child and maternal malnutrition,2016,3376582.38302363,2736960.0,3402435.52217358,3.0,3171992.6350657367,376971.00867328694,25853.139149949886,665475.5221735798,0.19708552811250116,0.20979730999904683,0.11884359519185156,1.2431440438199972,1.2336981114169114,0.011347080531148291,332861694.071778,275068980.0,346733093.380144,3,318221255.8173073,38009118.785533,13871399.308366,71664113.380144,0.21529696764894315,0.22520215752428177,0.11944242595583955,1.260531425172493,1.2101026225195513,0.061759626118364434
8,Behavioural risks,Child and maternal malnutrition,Child and maternal malnutrition,2017,3225285.48291372,3190000.0,3255737.2627084,3.0,3223674.248540707,32898.236795486366,30451.779794679955,65737.26270839991,0.02038184311331502,0.020392030223946436,0.01020519886907889,1.0206072923850784,1.011061279910257,0.013992416452681178,327000000.0,319785693.137199,333346044.656987,3,326710579.26472867,6784807.0426916415,6346044.656987011,13560351.519788027,0.041468964892318126,0.04150570070398693,0.02076702584275367,1.042404497170454,1.0225598174578305,0.028760973032583338
9,Behavioural risks,Child and maternal malnutrition,Child and maternal malnutrition,2019,2944328.240744155,2937803.72020609,2950852.76128222,2.0,2944328.240744155,9227.065432913492,6524.520538065117,13049.041076130234,0.004431924707155679,0.004431924707155679,0.0031338440141379844,1.0044417674967117,1.002220883748356,0.003284056208002358,300172468.350037,294779309.42354,305565627.276534,2,300172468.350037,7627078.497885617,5393158.926497012,10786317.852994025,0.03593373473684432,0.03593373473684432,0.025408987505781282,1.036591163314981,1.0182955816574903,0.02662689744000164
10,Behavioural risks,Child and maternal malnutrition,Child growth failure,1990,3788853.94585319,3674704.17734272,3903003.71436366,2.0,3788853.94585319,161432.15076925617,114149.76851047017,228299.53702094033,0.06025556547800126,0.06025556547800126,0.042607118953724724,1.062127323997555,1.0310636619987776,0.04464937401919894,330011504.5639335,323812609.066259,336210400.061608,2,330011504.5639335,8766562.084544767,6198895.497674495,12397790.99534899,0.03756775392340043,0.03756775392340043,0.026564413553183903,1.038286930923101,1.0191434654615505,0.027837705657239715
11,Behavioural risks,Child and maternal malnutrition,Child growth failure,2005,2210850.699834105,2200364.04619921,2221337.353469,2.0,2210850.699834105,14830.367794377773,10486.653634895105,20973.30726979021,0.009486532614510775,0.009486532614510775,0.006707991541667918,1.0095317442156986,1.0047658721078492,0.007029520667352484,192223823.21618348,189195286.606348,195252359.826019,2,192223823.21618348,4282997.547772796,3028536.6098354906,6057073.219670981,0.03151052308880011,0.03151052308880011,0.022281304554825892,1.0320149266311995,1.0160074633155995,0.023349297608800883
12,Behavioural risks,Child and maternal malnutrition,Child growth failure,2006,2089773.42413615,1874900.0,2123772.30599927,3.0,2029481.9100451402,134946.8642721588,33998.881863120245,248872.30599927017,0.11909056892239242,0.12262849191581841,0.0664932580104433,1.1327389759449944,1.1146052718204438,0.02411091190040012,179672274.465189,164876440.0,186714585.102559,3,177087766.52258268,11146116.200684084,7042310.63736999,21838145.102559,0.12154432378374594,0.12331820278378261,0.0629411981389618,1.1324515807265065,1.0897389248893838,0.058087450585507044
13,Behavioural risks,Child and maternal malnutrition,Child growth failure,2007,1984748.92287683,1980000.0,2031482.81009081,3.0,1998743.9109892135,28451.971863315754,4748.92287682998,51482.81009081006,0.025939205456873293,0.025757581953222967,0.014234926098778893,1.0260014192377829,1.023546498338057,0.003545991950085462,170635162.669918,170000000.0,178538066.728608,3,173057743.132842,4756712.934374597,635162.6699180007,8538066.728608012,0.05003697124914585,0.04933651955725581,0.02748627624667025,1.0502239219329883,1.0463146278588409,0.005516512904432122
14,Behavioural risks,Child and maternal malnutrition,Child growth failure,2010,1776620.899442805,1733429.69669252,1819812.10219309,2.0,1776620.899442805,61081.584704659064,43191.20275028492,86382.40550056985,0.048621743404944545,0.048621743404944545,0.03438076447474858,1.0498332327324218,1.024916616366211,0.03602871186306391,153761262.147554,148588295.628248,158934228.66686,2,153761262.147554,7315679.409304494,5172966.519306004,10345933.038612008,0.06728569272983552,0.06728569272983552,0.047578169606101076,1.0696281829929353,1.0348140914964676,0.04985869831280812
15,Behavioural risks,Child and maternal malnutrition,Child growth failure,2013,1532583.437027775,1502529.78271915,1562637.0913364,2.0,1532583.437027775,42502.28552213012,30053.65430862503,60107.30861725006,0.03921959951088832,0.03921959951088832,0.027732444769569733,1.0400040713392535,1.0200020356696269,0.029061723237568247,132234209.3937915,128150968.046074,136317450.741509,2,132234209.3937915,5774575.292384675,4083241.347717494,8166482.695434988,0.06175771559321177,0.06175771559321177,0.04366929948655023,1.0637254858074805,1.0318627429037404,0.04576246725456992
16,Behavioural risks,Child and maternal malnutrition,Child growth failure,2015,1378994.3733420651,1347070.54353401,1410918.20315012,2.0,1378994.3733420651,45147.113077441885,31923.829808055074,63847.65961611015,0.046300159631088265,0.046300159631088265,0.03273915684516209,1.0473974135375326,1.0236987067687664,0.03430841828663641,118328672.497988,114259929.987629,122397415.008347,2,118328672.497988,5754070.839953656,4068742.510359004,8137485.020718008,0.06877018772315201,0.06877018772315201,0.048627866082512634,1.0712190618495834,1.0356095309247917,0.05095870910285563
17,Behavioural risks,Child and maternal malnutrition,Child growth failure,2016,1273310.16724804,1010580.0,1334963.86020283,3.0,1206284.6758169567,172265.8833495651,61653.69295479008,324383.86020283005,0.2547563575212074,0.2689115320006374,0.14280698976209572,1.3209878091816878,1.259979583257179,0.07175845705879763,107726032.565584,91199770.0,115229037.790135,3,104718280.118573,12293752.833019719,7503005.224550992,24029267.790134996,0.2230590621213669,0.22946583693817874,0.1173983455333629,1.263479477965076,1.1812094763570566,0.10321974622071974
18,Behavioural risks,Child and maternal malnutrition,Child growth failure,2017,1212109.53110817,1190000.0,1256839.9083527,3.0,1219649.8131536234,34051.948947792676,22109.53110817005,66839.90835270006,0.055143455799404315,0.05480254055864895,0.02791944751727158,1.056167990212353,1.036902916854086,0.027032478716961683,102346390.961326,100000000.0,107801890.314605,3,103382760.42531033,4002863.8959738826,2346390.961326003,7801890.314604998,0.07623024360041308,0.07546606690040486,0.03871887227141495,1.0780189031460499,1.0533042670292154,0.03397629727851503
19,Behavioural risks,Child and maternal malnutrition,Child growth failure,2019,1084533.991343905,1064705.90495918,1104362.07772863,2.0,1084533.991343905,28041.148681183487,19828.08638472506,39656.17276945012,0.036565172770942844,0.036565172770942844,0.025855481621591386,1.0372461283296541,1.018623064164827,0.027094793023268646,91566824.11586595,89759926.0379919,93373722.19374,2,91566824.11586595,2555339.7675553574,1806898.0778740495,3613796.155748099,0.03946621705668538,0.03946621705668538,0.027906829708562418,1.0402606855337484,1.0201303427668742,0.029244466839003867
20,Behavioural risks,Child and maternal malnutrition,Childhood undernutrition,1990,3635000.0,3635000.0,3635000.0,1.0,3635000.0,,0.0,0.0,0.0,0.0,,1.0,1.0,0.0,317851000.0,317851000.0,317851000.0,1,317851000.0,,0.0,0.0,0.0,0.0,,1.0,1.0,0.0
21,Behavioural risks,Child and maternal malnutrition,Childhood undernutrition,2005,2093000.0,2093000.0,2093000.0,1.0,2093000.0,,0.0,0.0,0.0,0.0,,1.0,1.0,0.0,184339000.0,184339000.0,184339000.0,1,184339000.0,,0.0,0.0,0.0,0.0,,1.0,1.0,0.0
22,Behavioural risks,Child and maternal malnutrition,Childhood undernutrition,2013,1327000.0,1327000.0,1327000.0,1.0,1327000.0,,0.0,0.0,0.0,0.0,,1.0,1.0,0.0,119802000.0,119802000.0,119802000.0,1,119802000.0,,0.0,0.0,0.0,0.0,,1.0,1.0,0.0
23,Behavioural risks,Child and maternal malnutrition,Childhood undernutrition,2015,1265000.0,1265000.0,1265000.0,1.0,1265000.0,,0.0,0.0,0.0,0.0,,1.0,1.0,0.0,113280000.0,113280000.0,113280000.0,1,113280000.0,,0.0,0.0,0.0,0.0,,1.0,1.0,0.0
24,Behavioural risks,Child and maternal malnutrition,Iron deficiency,1990,120772.53247833694,59083.5335639247,241000.0,4.0,135407.14963014965,85401.48003229829,54500.233218037654,181916.4664360753,1.5062735102346703,1.3434775558968706,0.6307014087923971,4.078970661753888,2.044097994708942,0.6687724764206584,42000113.6079722,29741477.2327547,53019000.0,4,41690176.11217477,12449790.735277604,10429886.392027803,23277522.7672453,0.5542252334009617,0.5583455129720014,0.2986264846130476,1.7826619567372881,1.4121730833772066,0.36802499577170755
25,Behavioural risks,Child and maternal malnutrition,Iron deficiency,2005,61119.0517908135,50942.532195204,87000.0,3.0,66353.8613286725,18589.988415723117,10176.519595609498,36057.467804796,0.5899546335929187,0.5434117485068654,0.28016437993925913,1.7078067432264514,1.4234514026455583,0.246757788263988,34449983.6772251,30666489.8168291,55120000.0,3,40078824.49801806,13162690.713109521,3783493.8603959978,24453510.1831709,0.7098264664588834,0.6101354141357153,0.32842007913082455,1.797401669680217,1.6000007580973068,0.16276169979185653
26,Behavioural risks,Child and maternal malnutrition,Iron deficiency,2006,49920.5813432099,27520.0,59777.5580904386,3.0,45739.37981121617,16530.255538795074,9856.976747228699,32257.5580904386,0.6461775328428985,0.705246949643345,0.36140095486693813,2.1721496399141933,1.8139746127619878,0.2926255894129303,33835120.0,30670654.8852879,34480893.9330105,3,32995556.272766132,2039149.538229757,645773.9330105036,3810239.047722604,0.11261195608948939,0.11547733931879484,0.06180073223717189,1.1242307691822486,1.1031756617701056,0.028285313269808602
27,Behavioural risks,Child and maternal malnutrition,Iron deficiency,2007,57836.8686072885,48523.4245258961,89000.0,3.0,65120.097711061535,21198.404660757904,9313.444081392401,40476.5754741039,0.6998403691067588,0.6215681010446089,0.32552783865305945,1.8341656812062441,1.5388108336969055,0.23864577147740268,34384988.5733343,30631567.0194937,37100000.0,3,34038851.864276,3248078.5507502262,2715011.426665701,6468432.980506301,0.18811793311231742,0.190030880192377,0.09542268240131525,1.2111688565064216,1.12253442833832,0.11701754461070038
28,Behavioural risks,Child and maternal malnutrition,Iron deficiency,2010,54115.1604832839,44857.4873475695,119608.0,3.0,72860.2159436178,40748.52897478065,9257.673135714402,74750.51265243051,1.3813229413875774,1.025944154629949,0.5592699451551656,2.6663999049532294,2.210249381722646,0.2535310154234282,34185347.9282188,30757256.6293291,48225000.0,3,37722534.852515966,9255500.15498722,3428091.2988896966,17467743.3706709,0.5109716422178606,0.46305857861791755,0.24535732265006865,1.5679226720764894,1.4106920924502853,0.14861429275554672
29,Behavioural risks,Child and maternal malnutrition,Iron deficiency,2013,49599.9894959043,41550.7923714005,199000.0,3.0,96716.9272891016,88671.12052959789,8049.1971245038,157449.20762859948,3.1743798583183325,1.627938480282359,0.9168107694793325,4.789319015176522,4.012097623860028,0.2405022714672078,34400883.2072589,31084941.6974302,44651000.0,3,36712274.9682297,7072226.196304348,3315941.5098287016,13566058.3025698,0.3943520351159832,0.3695237713900781,0.19263927943513595,1.4364189720739065,1.2979608613821354,0.1428517194735625
30,Behavioural risks,Child and maternal malnutrition,Iron deficiency,2015,45726.4306854144,38974.4254971928,84000.0,3.0,56233.61872753574,24282.222720363425,6752.005188221599,45025.5745028072,0.9846728429903285,0.8006878362384257,0.4318097122295497,2.155259479220553,1.837011958748705,0.2188334304460861,34507565.4648684,31253935.5679026,52870000.0,3,39543833.67759033,11654894.187250333,3253629.896965798,21616064.4320974,0.626415226368385,0.5466355287739165,0.29473354258657053,1.6916269595915092,1.5321277895951861,0.13973398129788064
31,Behavioural risks,Child and maternal malnutrition,Iron deficiency,2016,38308.632074211,20950.0,44486.3144437013,3.0,34581.6488393041,12202.759008648554,6177.682369490307,23536.314443701303,0.6143867104966592,0.6806012793973804,0.35286805048981335,2.1234517634224965,1.8285743233513603,0.2389885719189621,34566997.4524836,31362706.0167546,35849870.0,3,33926524.48974607,2311128.3748706006,1282872.5475163981,4487163.983245399,0.1298106377163227,0.13226123367283307,0.06812157772214818,1.1430732405822464,1.102168844551143,0.05500093313087861
32,Behavioural risks,Child and maternal malnutrition,Iron deficiency,2017,43314.3741438037,37710.1438982539,60000.0,3.0,47008.17268068587,11594.935617865307,5604.230245549807,22289.856101746103,0.5146064451432172,0.4741698056028517,0.24665786727398764,1.5910838251343347,1.385221446367897,0.19174856818502464,33700000.0,31418500.0715003,34575655.2577689,3,33231385.1097564,1629910.167482918,875655.2577688992,3157155.186268598,0.09368413015633821,0.09500522400258571,0.049047313619328875,1.1004871390767776,1.072616449649334,0.03850804427339788
33,Behavioural risks,Child and maternal malnutrition,Iron deficiency,2019,38926.610059327504,35503.9817568035,42349.2383618515,2.0,38926.610059327504,4840.327364391449,3422.628302524001,6845.256605048002,0.17585031408117074,0.17585031408117074,0.12434494956058012,1.1928025045736248,1.0964012522868125,0.1303050827341475,32901846.96110205,31263125.083916,34540568.8382881,2,32901846.96110205,2317502.7036740077,1638721.8771860488,3277443.7543720976,0.09961275907236544,0.09961275907236544,0.0704368574327714,1.1048341695072017,1.0524170847536007,0.07381305447262279
34,Behavioural risks,Child and maternal malnutrition,Low birth weight and short gestation,1990,3028051.019822395,2888496.72062351,3167605.31902128,2.0,3028051.019822395,197359.5826145359,139554.29919888498,279108.59839776997,0.09217433807114009,0.09217433807114009,0.06517709950148452,1.0966276320845265,1.0483138160422634,0.0683011845107148,277111502.32596153,267766627.782783,286456376.86914,2,277111502.32596153,13215648.317638146,9344874.543178514,18689749.086357027,0.06744486940990488,0.06744486940990488,0.04769072451598492,1.069798649820987,1.0348993249104936,0.049976648232739514
35,Behavioural risks,Child and maternal malnutrition,Low birth weight and short gestation,2005,2515245.050224865,2396184.49771156,2634305.60273817,2.0,2515245.050224865,168377.04810794967,119060.55251330486,238121.10502660973,0.09467113552427885,0.09467113552427885,0.06694260191184816,1.0993751129155638,1.049687556457782,0.07015131142349063,233501775.539372,225830840.621797,241172710.456947,2,233501775.539372,10848340.196515907,7670934.917575002,15341869.835150003,0.06570343972636357,0.06570343972636357,0.04645934777779327,1.0679352288328205,1.0339676144164103,0.0486862488372354
36,Behavioural risks,Child and maternal malnutrition,Low birth weight and short gestation,2006,2372731.99718563,2341510.0,2591709.82628691,3.0,2435317.274490847,136336.6273971458,31221.997185629793,250199.8262869101,0.10544799268677617,0.10273808218242099,0.055983106934454685,1.1068540498596675,1.0922893227558008,0.019501148837705568,223937036.887495,202783890.0,237582894.963188,3,221434607.283561,17533947.132604785,13645858.075692981,34799004.96318799,0.1553963803703934,0.15715251283475157,0.07918340925884028,1.1716063586865209,1.1043137444867785,0.09030735580527051
37,Behavioural risks,Child and maternal malnutrition,Low birth weight and short gestation,2007,2490000.0,2349054.75910021,2546165.19013898,3.0,2461739.98307973,101548.52004496615,56165.190138979815,197110.4310387699,0.07916081567822084,0.08006955746486974,0.04125070915000743,1.083910530512397,1.0600008324002537,0.033428438468260276,229000000.0,222032697.251905,233741186.114492,3,228257961.12213233,5889409.489374237,4741186.114491999,11708488.862587005,0.05112877232570744,0.051294985747823395,0.025801551281810643,1.0527331740212265,1.0313796248675497,0.030683134592476607
38,Behavioural risks,Child and maternal malnutrition,Low birth weight and short gestation,2010,2326023.1947209,2249515.29332354,2402531.09611826,2.0,2326023.1947209,108198.51178485001,76507.90139736002,153015.80279472005,0.06578429791328046,0.06578429791328046,0.04651652315007666,1.0680216770469906,1.0340108385234952,0.048746164753740814,217694975.5683295,213803561.541717,221586389.594942,2,217694975.5683295,5503290.493244312,3891414.0266125053,7782828.053225011,0.0357510688196024,0.0357510688196024,0.02527982319700784,1.03640176991021,1.0182008849551052,0.026491541995325375
39,Behavioural risks,Child and maternal malnutrition,Low birth weight and short gestation,2013,2193867.2995433398,2139715.72607502,2248018.87301166,2.0,2193867.2995433398,76581.88962274081,54151.57346831984,108303.14693663968,0.04936631625768036,0.04936631625768036,0.03490725698800541,1.0506156708654495,1.0253078354327247,0.03658044034694115,206628328.319349,204797607.185081,208459049.453617,2,206628328.319349,2589030.657004852,1830721.1342680007,3661442.2685360014,0.01771994333166726,0.01771994333166726,0.012529892092063212,1.0178783449614577,1.0089391724807288,0.013130478008765439
40,Behavioural risks,Child and maternal malnutrition,Low birth weight and short gestation,2015,2084744.47901666,2050503.60208877,2118985.35594455,2.0,2084744.47901666,48423.9125389702,34240.876927890116,68481.75385578023,0.03284899158868715,0.03284899158868715,0.023227744707500542,1.0333975291660158,1.016698764583008,0.024341102767217175,197348799.9428655,197311858.002196,197385741.883535,2,197348799.9428655,52243.793515167104,36941.94066949189,73883.88133898377,0.0003743822174767413,0.0003743822174767413,0.00026472820473340714,1.00037445231162,1.00018722615581,0.0002774172231502653
41,Behavioural risks,Child and maternal malnutrition,Low birth weight and short gestation,2016,1992223.90479271,1673600.0,2027959.68638134,3.0,1897927.8637246834,195093.57845377084,35735.78158863005,354359.68638134,0.17787141572232615,0.18670872226192473,0.10279293654022219,1.2117349942527127,1.1903823522900991,0.02658357235195421,189531293.800971,144947750.0,192279745.951096,3,175586263.250689,26569293.704667147,2748452.150124997,47331995.951096,0.24973182529318813,0.26956548351119525,0.15131761000422617,1.3265452271670033,1.3075835520107832,0.021490942233331485
42,Behavioural risks,Child and maternal malnutrition,Low birth weight and short gestation,2017,1926381.17539428,1880000.0,1940921.23097365,3.0,1915767.46878931,31817.246451547264,14540.055579369888,60921.23097365,0.03162470218864188,0.031799908896119757,0.01660809412932276,1.0324049100923671,1.0246708379756808,0.0111859286437513,181979174.953183,178000000.0,186542740.497246,3,182173971.81680965,4274700.359601924,3979174.9531829953,8542740.497245997,0.04694350603273013,0.04689330979639835,0.023464934737770737,1.0479929241418315,1.0250774053967278,0.032405561142555626
43,Behavioural risks,Child and maternal malnutrition,Low birth weight and short gestation,2019,1792744.367920395,1780007.22454732,1805481.51129347,2.0,1792744.367920395,18013.040904093174,12737.143373074941,25474.286746149883,0.014209659336819093,0.014209659336819093,0.010047746475415521,1.0143113389624743,1.0071556694812371,0.010529357568582946,171864424.1456405,170087071.421598,173641776.869683,2,171864424.1456405,2513556.3274616757,1777352.724042505,3554705.44808501,0.020683195290449985,0.020683195290449985,0.01462522764648285,1.0208993277288778,1.010449663864439,0.015326247710223437
44,Behavioural risks,Child and maternal malnutrition,Suboptimal breastfeeding,1990,903738.6272558256,522683.242968922,1344000.0,4.0,918540.1243701433,452350.3807834827,376170.37851553905,821316.757031078,0.9087989959275957,0.8941544688581429,0.49246665309658205,2.5713470215074645,1.729036925160351,0.6168647484426037,78814827.39059365,47135556.9370661,116801000.0,4,80391552.92956334,38359287.34061482,31562721.53146695,69665443.06293389,0.8839129053430914,0.8665766554350884,0.4771556953778971,2.4779806920696617,1.672088599606974,0.5934917940988426
45,Behavioural risks,Child and maternal malnutrition,Suboptimal breastfeeding,2005,304283.092072567,293618.799896541,592000.0,3.0,396633.9639897027,169275.95163426644,10664.292176025978,298381.200103459,0.9806039437521542,0.7522835339214811,0.4267812819949558,2.0162196705680837,1.9455566721361464,0.051940056534923625,27144634.4293917,26514917.0665653,51338000.0,3,34999183.83198567,14153332.516350564,629717.3628263995,24823082.9334347,0.9144747555176772,0.7092474799583454,0.4043903590521979,1.9361931199376081,1.8912761611706281,0.0343803168223267
46,Behavioural risks,Child and maternal malnutrition,Suboptimal breastfeeding,2006,283517.111608249,278090.0,294235.695738516,3.0,285280.93578225496,8216.092715384188,5427.111608249019,16145.695738515991,0.05694787043691873,0.056595775298632085,0.028800006186376386,1.0580592460660794,1.037805775000549,0.028368585436700088,25604880.4631228,24214140.0,26253455.7411608,3,25357492.068094533,1041922.7114006841,648575.2780379988,2039315.7411607988,0.07964558725817546,0.08042261181367852,0.04108934387528248,1.0842200359443201,1.0574350550183818,0.037539271602406325
47,Behavioural risks,Child and maternal malnutrition,Suboptimal breastfeeding,2007,271976.807815602,270000.0,282478.054644285,3.0,274818.28748662904,6706.785143948284,1976.807815601991,12478.054644285003,0.04587911279826852,0.04540474638134155,0.024404435400881372,1.0462150172010556,1.0386108172716064,0.010771613970513306,24565526.9615848,23800000.0,25210593.9960161,3,24525373.65253363,706153.7166722174,645067.034431301,1410593.9960161,0.057421686830572194,0.05751569847623408,0.02879278116927964,1.059268655294794,1.032164998385916,0.038915889999923466
48,Behavioural risks,Child and maternal malnutrition,Suboptimal breastfeeding,2010,248723.471360167,236372.554728467,544817.0,3.0,343304.3420295447,174624.31038417615,12350.916631700005,308444.445271533,1.2401099244264178,0.8984577458242236,0.5086574476507728,2.3049080322622846,2.190452702435434,0.07359200299063853,22218324.2860482,21358246.8146408,47537000.0,3,30371190.36689633,14872245.915939247,860077.4714073986,26178753.1853592,1.1782505668889671,0.8619600637679726,0.48968268073382926,2.2256976620110036,2.139540290617256,0.05736862943467615
49,Behavioural risks,Child and maternal malnutrition,Suboptimal breastfeeding,2013,215450.998276084,201813.326290509,501000.0,3.0,306088.1081888643,168936.3214390068,13637.671985574998,299186.67370949103,1.3886529935039158,0.9774527846893192,0.5519205644368539,2.4824921585149125,2.3253547396332173,0.09380801223637524,19271467.6102876,18237758.3595868,44203000.0,3,27237408.656624798,14701721.189253718,1033709.2507007979,25965241.6404132,1.3473411659915455,0.9532933902688948,0.5397621108011648,2.4237079540405464,2.2937018027834744,0.07949353627436162
50,Behavioural risks,Child and maternal malnutrition,Suboptimal breastfeeding,2015,190609.284298691,178211.210601547,391000.0,3.0,253273.49830007934,119435.63124429678,12398.073697143991,212788.789398453,1.1163610953231742,0.8401541844158527,0.47156781915962254,2.1940258341783907,2.051316657730534,0.09639585651229256,17070845.6489584,16105065.7581281,34030000.0,3,22401970.46902883,10081740.215817714,965779.8908303007,17924934.2418719,1.0500320025426282,0.8001498915755415,0.45003809953932045,2.11299975492651,1.9934571900997995,0.0838438720402722
51,Behavioural risks,Child and maternal malnutrition,Suboptimal breastfeeding,2016,167247.46074016,152480.0,178261.73447406,3.0,165996.39840474,12936.318094730954,11014.273733900016,25781.73447406001,0.15415321918767533,0.1553150232283824,0.07793131790238625,1.1690827287123557,1.0968485095760756,0.0975988131682304,15113595.2193448,13373250.0,15977472.9920491,3,14821439.403797967,1326465.4588407758,863877.7727042995,2604222.9920491,0.17230996028766193,0.17570648309514206,0.08949639928365334,1.194733740268753,1.1301362959149646,0.08470961677662779
52,Behavioural risks,Child and maternal malnutrition,Suboptimal breastfeeding,2017,168459.040040491,155841.575369156,169000.0,3.0,164433.53846988233,7445.772751207915,540.9599595089967,13158.424630844005,0.07811052839717733,0.08002275419776425,0.045281350875823204,1.0844346227871122,1.0809634055703485,0.004759036141958514,15000000.0,14081623.4594999,15107714.464282,3,14729779.307927301,563897.2462620044,107714.46428200044,1026091.0047821011,0.06840606698547341,0.06966098970877843,0.038282803460505686,1.0728673797970267,1.0652180867597716,0.010642189071061642
53,Behavioural risks,Child and maternal malnutrition,Suboptimal breastfeeding,2019,139860.540361691,133399.340637951,146321.740085431,2.0,139860.540361691,9137.516278514391,6461.199723739992,12922.399447479984,0.09239489146875582,0.09239489146875582,0.06533305430455233,1.09687003987937,1.048435019939685,0.06846461457834806,12599636.303713799,12054171.6185434,13145100.9888842,2,12599636.303713799,771403.5555635494,545464.6851704,1090929.3703408,0.0865841952929422,0.0865841952929422,0.06122427163521972,1.0905022265206994,1.0452511132603497,0.06415888871207016
54,Behavioural risks,Child and maternal malnutrition,Vitamin A deficiency,1990,278454.6104313755,188458.416483143,377000.0,4.0,280591.9093364735,96342.589105006,80447.7917584285,188541.583516857,0.6770998807481503,0.6719423377627265,0.34335483632735897,2.0004413017750333,1.4775387357469514,0.428161800593973,25207928.1494447,18794772.3130744,32920000.0,4,25532657.15299095,7113299.382619621,5746613.843462801,14125227.686925601,0.5603486174343433,0.5532220012311152,0.2785961265212992,1.751550880831875,1.3412201930166003,0.33784933317494714
55,Behavioural risks,Child and maternal malnutrition,Vitamin A deficiency,2005,95847.2619828256,86766.6649055485,191000.0,3.0,124537.97562945803,57736.59864758963,9080.597077277096,104233.3350944515,1.0874941332505519,0.8369602490133644,0.46360636870616273,2.201306229851253,1.9927538465754437,0.14040510485251034,10095938.4975658,9444155.7408938,16864000.0,3,12134698.079486534,4108640.612417081,651782.7566720005,7419844.2591062,0.7349335835291761,0.6114568496474831,0.338586142440796,1.7856545849808256,1.670374676318207,0.0956763004866561
56,Behavioural risks,Child and maternal malnutrition,Vitamin A deficiency,2006,83527.7777382503,77784.9848748489,108400.0,3.0,89904.2542043664,16273.118228247069,5742.792863401395,30615.015125151098,0.36652495677652164,0.34052910394605346,0.18100498549552207,1.3935851523839557,1.297771866260963,0.10189208014405805,8996125.8139088,8612807.23736729,9600080.0,3,9069671.017092029,497728.38942796236,383318.57654151134,987272.7626327109,0.10974421468253595,0.1088543080308172,0.05487832893717759,1.1146284521902867,1.0671349199182423,0.06314697484068321
57,Behavioural risks,Child and maternal malnutrition,Vitamin A deficiency,2007,74707.8233012675,70941.0455875931,437000.0,3.0,194216.28962962018,210265.29592277564,3766.7777136744116,366058.9544124069,4.89987444736857,1.8848004722492586,1.0826347075405554,6.160044532476233,5.849454323381227,0.07472262374924216,8192728.94470536,7964992.52212874,48500000.0,3,21552573.822278034,23337433.431557406,227736.4225766193,40535007.47787126,4.947680772969726,1.8807501977314582,1.0828142208906129,6.089145704186774,5.919883390179002,0.041195721295853
58,Behavioural risks,Child and maternal malnutrition,Vitamin A deficiency,2010,59766.8386950549,57028.725285464,119762.0,3.0,78852.52132683963,35455.08990601022,2738.1134095909,62733.274714536,1.0496334770961633,0.7955772835025757,0.44963799900640716,2.1000294044890047,2.003820222298441,0.06789524361022399,6767728.87656437,6607678.48368884,10770000.0,3,8048469.120084402,2358273.0503093833,160050.39287552983,4162321.5163111603,0.6150248616969063,0.5171569219200174,0.29300889586871554,1.6299219198673056,1.5913758066306254,0.035047899608228225
59,Behavioural risks,Child and maternal malnutrition,Vitamin A deficiency,2013,43588.3972693178,42717.079316815,85000.0,3.0,57101.825528710935,24164.45536043492,871.3179525028027,42282.920683185,0.9700499062154843,0.7404828180479983,0.42318183589918634,1.989836415771546,1.9500602299004954,0.02962470029881334,5215942.96846025,5188539.47781559,7875000.0,3,6093160.81542528,1543178.8287782161,27403.490644659847,2686460.52218441,0.5150479095398267,0.44089768899311504,0.25326408994024036,1.5177681568523842,1.5097941153916998,0.007786122927523991
60,Behavioural risks,Child and maternal malnutrition,Vitamin A deficiency,2015,34267.4623868582,34236.4175729011,83000.0,3.0,50501.293319919765,28144.709855557885,31.044813957101724,48763.5824270989,1.4230286992537873,0.965590764541164,0.5573067144491618,2.4243190696942656,2.4221227432303554,0.0013426268267261391,4340506.39674252,4312153.05910708,7611000.0,3,5421219.818616533,1896458.254226447,28353.33763543982,3298846.94089292,0.7600143023331681,0.6085063973175632,0.3498213165446616,1.7650115605070877,1.7534820374212403,0.009680816599477168
61,Behavioural risks,Child and maternal malnutrition,Vitamin A deficiency,2016,30500.6232588098,30436.0841515657,42180.0,3.0,34372.2358034585,6761.799141921291,64.53910724409798,11743.915848434299,0.3850385531070152,0.34166866291696507,0.1967227031894424,1.3858550196520654,1.3829225600436454,0.003135901719914085,3971278.8280798,3942761.72271112,3979050.0,3,3964363.516930307,19106.959814931193,7771.1719201998785,36288.2772888802,0.009137680545696253,0.009153620028513179,0.004819679056507444,1.0092037713260358,1.007232774226354,0.002900042350162776
62,Behavioural risks,Child and maternal malnutrition,Vitamin A deficiency,2017,28132.9877248427,27776.4046099185,233000.0,3.0,96303.13077825373,118383.09562243194,356.58311492420034,205223.5953900815,7.294767175007856,2.1310168603202166,1.2292756701235314,8.388414673251106,8.282092264031043,0.018784218067639302,3711711.12019378,3695240.84287813,29000000.0,3,12135650.654357305,14604957.27335134,16470.277315650135,25304759.15712187,6.817545422500651,2.08515883308129,1.203475420422343,7.847932308902667,7.813108041254562,0.006576199006704801
63,Behavioural risks,Child and maternal malnutrition,Vitamin A deficiency,2019,23712.408284366997,23574.9676471902,23849.8489215438,2.0,23712.408284366997,194.3704131166291,137.4406371768,274.8812743536,0.011592296786439126,0.011592296786439126,0.008196991667218073,1.0116598791763924,1.0058299395881962,0.008589891918751391,3278093.32414443,3259129.57197459,3297057.07631427,2,3278093.32414443,26818.79551206999,18963.752169840038,37927.504339680076,0.011569989194733805,0.011569989194733805,0.008181217817851355,1.011637310975857,1.0058186554879285,0.00857336199329775
64,Behavioural risks,Child and maternal malnutrition,Zinc deficiency,1990,119461.9373490228,17396.28449893,275590.0,4.0,132977.5397992439,135009.43144131446,101801.857750535,258193.71550107,2.161305276229743,1.9416340224887967,1.0152799611508687,15.841888537575413,6.867094945266651,1.2629156745173695,10381090.55313142,1569777.23631364,24375000.0,4,11676739.58564412,11858572.515599137,8809111.38184318,22805222.76368636,2.196804145669189,1.9530471324139205,1.0155722347510918,15.52768089390863,6.6130979052223235,1.257584933015883
65,Behavioural risks,Child and maternal malnutrition,Zinc deficiency,2005,9750.13472817991,8204.87812099904,93000.0,3.0,36985.00428305965,48516.56174310112,1545.2566071808706,84795.12187900096,8.696815402347774,2.2926892540023287,1.3117900804279021,11.334720470981983,9.538329735199527,0.23487575871369987,867058.384850699,750902.410469298,8162000.0,3,3259986.9317733324,4245665.1002398785,116155.97438140097,7411097.589530702,8.54740317263276,2.2733519319659643,1.3023564784446444,10.869588226383405,9.413437598444348,0.19853698094722652
66,Behavioural risks,Child and maternal malnutrition,Zinc deficiency,2006,9348.53799176766,7751.73538145444,53320.0,3.0,23473.424457740697,25860.2203846742,1596.8026103132197,45568.26461854556,4.874373368185813,1.9412704226680813,1.1016807722806046,6.878459773996528,5.703565632075699,0.25313706491518806,832103.396394132,710388.330913823,4651430.0,3,2064640.5757693183,2241051.825209536,121715.06548030907,3941041.669086177,4.736240335232898,1.908826996494381,1.0854440484753547,6.547728612062835,5.589966367348914,0.21677802040406394
67,Behavioural risks,Child and maternal malnutrition,Zinc deficiency,2007,8772.49342824455,7172.75729434787,60000.0,3.0,25315.083574197473,30048.666518220125,1599.7361338966803,52827.24270565213,6.021918755227076,2.086789188383188,1.1869866607451132,8.36498399956736,6.8395605526268834,0.27025485625348583,781848.778922091,658464.559587264,5290000.0,3,2243437.7795031182,2639121.4331505066,123384.21933482704,4631535.440412736,5.923825124850972,2.064481343199337,1.176373803304242,8.033841644136256,6.766014276179017,0.23387567773183754
68,Behavioural risks,Child and maternal malnutrition,Zinc deficiency,2010,7029.82153092683,5371.80533164382,97330.0,3.0,36577.20895419022,52619.99115660454,1658.0161992830099,91958.19466835618,13.081156365605796,2.5140845159488756,1.4386005018181272,18.118675936869096,13.845301701018826,0.34953661291789007,629352.464845442,496607.237921138,9136000.0,3,3420653.2342555267,4950080.485542347,132745.22692430398,8639392.762078863,13.727431359469685,2.5256558237360025,1.4471155497349575,18.396832148972447,14.516507855806433,0.3125886324289388
69,Behavioural risks,Child and maternal malnutrition,Zinc deficiency,2013,5162.40246808882,3964.19226762873,66000.0,3.0,25042.198245239182,35475.55595558493,1198.2102004600897,62035.80773237127,12.016848379382097,2.4772508836825065,1.4166310644206028,16.649041102004716,12.784745166223733,0.34397696190069715,465748.898934351,367678.239815258,5996000.0,3,2276475.7129165363,3221575.7255103947,98070.65911909298,5628321.760184742,12.084455321445803,2.472383837986984,1.4151592776639077,16.30773690336617,12.873889801390938,0.31205810072131185
70,Behavioural risks,Child and maternal malnutrition,Zinc deficiency,2015,4087.3092889367,3134.21702808866,55000.0,3.0,20740.508772341786,29673.41656429058,953.09226084804,51865.78297191134,12.689468622376765,2.500699647304517,1.430698585555488,17.5482423543403,13.456285324154676,0.34557764796513557,371507.109712068,290956.406465166,4967000.0,3,1876487.8387257447,2676765.056590967,80550.70324690198,4676043.593534834,12.586686691296281,2.4919125490896685,1.4264761014431415,17.07128590273767,13.369865260047412,0.321329361110827
71,Behavioural risks,Child and maternal malnutrition,Zinc deficiency,2016,3708.94917565515,2795.666751697,25090.0,3.0,10531.538642450718,12616.264067501104,913.28242395815,22294.333248303,6.010956794619576,2.116911308518453,1.197950697977524,8.97460328015494,6.764719280783376,0.3649239955052494,338373.612137506,259396.927553721,2245650.0,3,947806.8465637424,1124658.6003619002,78976.68458378501,1986253.072446279,5.869999908973749,2.0956306442049937,1.1865905004161246,8.65719583180077,6.636599071110273,0.34590004171367256
72,Behavioural risks,Child and maternal malnutrition,Zinc deficiency,2017,3469.4899250395,2501.37727591486,29000.0,3.0,11656.955733651454,15027.315090984905,968.11264912464,26498.62272408514,7.637613394650066,2.2732026550970392,1.28912860564477,11.593612958442451,8.358577377817241,0.4135313769462472,317308.570087469,231539.823863736,2580000.0,3,1042949.4646504017,1331815.4266342851,85768.746223733,2348460.176136264,7.40118735365039,2.2517487718577733,1.2769702385155466,11.142791580934956,8.13088659814262,0.4005857196625149
73,Behavioural risks,Child and maternal malnutrition,Zinc deficiency,2019,2411.88277630312,2017.85555549121,2805.90999711503,2.0,2411.88277630312,557.2386396163813,394.02722081190996,788.0544416238199,0.3267382848646285,0.3267382848646285,0.2310388569010407,1.3905405614783872,1.1952702807391935,0.2421130690846897,222369.2717814435,185925.740103611,258812.803459276,2,222369.2717814435,51538.93675956425,36443.53167783251,72887.06335566501,0.32777488891226997,0.32777488891226997,0.2317718466525334,1.3920224457089545,1.1960112228544773,0.24288119268399203
74,Behavioural risks,Dietary risks,"Diet high in 
sugar sweetened beverages",1990,104994.2016041775,28025.856420374,183799.0,4.0,105453.31490718226,73444.84467143606,60981.27339399051,155773.143579626,1.4836356789195118,1.4771763572983378,0.6964678610253328,6.55819387793564,3.7463333869023074,0.8607546492005338,3205288.81977369,988550.712383266,5443000.0,4,3210532.0879826616,1862600.0568066225,1355013.463582057,4454449.287616734,1.3897185364816023,1.3874489229651925,0.5801530729994939,5.506040238317811,3.2424121288084042,0.6265051500633235
75,Behavioural risks,Dietary risks,"Diet high in 
sugar sweetened beverages",2005,45129.8972591895,34000.0,190188.921894597,3.0,89772.93971792884,87140.66651471477,11129.8972591895,156188.921894597,3.4608747500038524,1.739821848157703,0.9706785450996169,5.593791820429324,4.214255592081369,0.3654895920411202,1815300.33325708,1234000.0,4804772.51531069,3,2618024.2828559233,1915953.6511798068,581300.33325708,3570772.51531069,1.9670422849005242,1.3639187912403328,0.7318318870173928,3.8936568195386467,2.6468196073592885,0.47457000811611166
76,Behavioural risks,Dietary risks,"Diet high in 
sugar sweetened beverages",2006,45923.5982128439,17800.0,190137.763321893,3.0,84620.4538449123,92456.26611298478,28123.5982128439,172337.763321893,3.7527060167008783,2.0365970104313567,1.0925995065263243,10.681896815836685,4.140306307024421,0.9075763697405104,1879005.10406971,605810.0,4825726.68858015,3,2436847.26421662,2164558.8745440356,1273195.10406971,4219916.68858015,2.2458250269998166,1.7317116056252866,0.8882620204922372,7.965742870834337,3.101640950247949,1.0041884080807202
77,Behavioural risks,Dietary risks,"Diet high in 
sugar sweetened beverages",2007,105000.0,47069.3758802015,191274.305610587,3.0,114447.89383026284,72565.22902194476,57930.6241197985,144204.9297303855,1.3733802831465287,1.260005098427195,0.6340459976447093,4.0636677677096955,2.2307497823476665,0.8176493804337274,3350000.0,1952834.04444524,4874624.35485691,3,3392486.133100717,1461358.4290423996,1397165.95555476,2921790.3104116702,0.8721762120631852,0.8612534276569518,0.430763272628833,2.496179523663359,1.71545555011648,0.6180895361588521
78,Behavioural risks,Dietary risks,"Diet high in 
sugar sweetened beverages",2010,200124.666358014,51401.8738515446,299521.0,3.0,183682.5134031862,124874.07050909626,99396.33364198601,248119.1261484554,1.239822809770893,1.350804284803256,0.6798364645359332,5.82704437711855,3.8933340628009097,0.7360680176920352,5126733.81206054,2211999.06175346,8553000.0,3,5297244.291271334,3173937.3957832553,2914734.7503070794,6341000.93824654,1.2368500434583634,1.197037665167733,0.5991676466598284,3.866638168110254,2.317692579849721,0.8425709346939824
79,Behavioural risks,Dietary risks,"Diet high in 
sugar sweetened beverages",2013,126000.0,56042.7442854882,209620.011882578,3.0,130554.25205602206,76889.85752028266,69957.25571451179,153577.26759708978,1.2188672031515062,1.1763482627221389,0.5889494697368302,3.7403595158500713,2.2482839055514745,0.8228305791183054,5407184.9148995,2521082.55158395,6190000.0,3,4706089.155494483,1932327.6789185388,782815.0851004999,3668917.44841605,0.678526350801569,0.7796106973733152,0.4106015876606365,2.4552944512312522,2.144786933495004,0.2145537787920285
80,Behavioural risks,Dietary risks,"Diet high in 
sugar sweetened beverages",2015,61107.0859050379,39000.0,218892.57914927,3.0,106333.2216847693,98103.96284768071,22107.0859050379,179892.57914927,2.943890654986036,1.691781517563452,0.9226087698021161,5.612630234596667,3.5821145110639887,0.5361522452924742,2781548.47913924,1449000.0,5668596.92572722,3,3299715.1349554867,2156993.7566672503,1332548.47913924,4219596.92572722,1.516995643747683,1.2787761225285719,0.6536909001074568,3.9120751730346583,2.037928502141867,0.7099775038598191
81,Behavioural risks,Dietary risks,"Diet high in 
sugar sweetened beverages",2016,63933.7578539941,22560.0,224379.241010026,3.0,103624.33295467337,106603.27304699764,41373.7578539941,201819.241010026,3.1566929238059456,1.9476047300425503,1.0287474959537475,9.945888342642997,3.5095581511482896,0.9590537330786462,2921758.39756984,779510.0,5819124.1240086,3,3173464.1738594794,2529218.1554958676,2142248.39756984,5039614.1240086,1.7248565549431731,1.5880482173143806,0.7969896671056168,7.465105160945465,3.7481987371167014,1.0866100796832274
82,Behavioural risks,Dietary risks,"Diet high in 
sugar sweetened beverages",2017,137000.0,66230.0342672549,229870.242807113,3.0,144366.7590247893,82068.45506428793,70769.9657327451,163640.2085398581,1.194454076933271,1.1335033746359808,0.5684719641742176,3.470785503137875,2.0685479256611954,0.7655553957367025,4450000.0,3052276.55943787,5963192.85405766,3,4488489.8044985095,1455839.7979717765,1397723.44056213,2910916.2946197903,0.6541384931729866,0.6485291092122736,0.324349583352665,1.9536869408569866,1.4579281769996442,0.46548901998046666
83,Behavioural risks,Dietary risks,"Diet high in 
sugar sweetened beverages",2019,157120.91787851095,72023.6428049739,242218.192952048,2.0,157120.91787851095,120345.72052999001,85097.27507353705,170194.5501470741,1.0832074585935907,1.0832074585935907,0.7659433394033742,3.363037240534029,2.1815186202670143,0.8026567268178506,4831158.711820355,3354755.6635787,6307561.76006201,2,4831158.711820355,2087949.2143523274,1476403.048241655,2952806.09648331,0.6112003915869509,0.6112003915869509,0.4321839415550062,1.8801851438961108,1.4400925719480553,0.4528994901659307
84,Behavioural risks,Dietary risks,Diet high in processed meat,1990,350085.975554908,226014.720708544,731675.0,4.0,414465.41795459,236139.94910322706,115492.639645728,505660.279291456,1.4443888490247376,1.2200300854698993,0.5697458433772132,3.237289136328104,2.08998660640504,0.48890873644301097,9276298.428355906,5702372.27736616,17359000.0,4,10403492.283519493,5329469.1349197915,3021313.8613169207,11656627.722633839,1.2566033545235793,1.1204533444119988,0.5122769344830845,3.0441716457028405,1.8713283249854047,0.48269114852800893
85,Behavioural risks,Dietary risks,Diet high in processed meat,2005,307923.984231607,274742.740346723,476000.0,3.0,352888.90819277667,107900.4375844323,33181.243884883996,201257.259653277,0.6535939711078175,0.570313362026482,0.30576318801578284,1.7325298546534553,1.545836064663198,0.1596972173509261,9304197.85427721,7324084.62359243,13088000.0,3,9905427.492623214,2928615.35970775,1980113.2306847805,5763915.37640757,0.6194962173722321,0.5818946613561184,0.29565764444682,1.7869809911590557,1.4066768790802688,0.3153982593486896
86,Behavioural risks,Dietary risks,Diet high in processed meat,2006,270113.006440691,146700.0,296606.234360051,3.0,237806.41360024735,80004.72942721129,26493.227919359982,149906.234360051,0.5549759944379652,0.6303708638070772,0.33642797187841733,2.021855721609073,1.8412611209317724,0.14535754606512258,7244530.79301443,3499300.0,9038088.76072582,3,6593973.184580084,2826121.7481567445,1793557.96771139,5538788.76072582,0.7645476179170391,0.8399774469326327,0.42859163497443264,2.5828276400210957,2.070279996860638,0.36690477052169046
87,Behavioural risks,Dietary risks,Diet high in processed meat,2007,269016.407256766,125000.0,289710.803775546,3.0,227909.070344104,89720.52207346396,20694.396518780035,164710.80377554602,0.6122704761956611,0.7227040307209391,0.39366806217058936,2.3176864302043683,2.152131258054128,0.11400455441946156,7263941.03135895,3360000.0,8899496.26136641,3,6507812.430908454,2846103.046753144,1635555.2300074603,5539496.26136641,0.7626020417087654,0.8512071176263339,0.437336367169366,2.6486596015971458,2.161887211713973,0.3336883986815062
88,Behavioural risks,Dietary risks,Diet high in processed meat,2010,278376.137307591,272239.001206957,840857.0,3.0,463824.046171516,326534.5346427438,6137.136100634001,568617.998793043,2.04262478922448,1.2259347127138285,0.7040051876094316,3.0886720722310383,3.020578588856908,0.032672468944742315,8816445.76957049,7507099.89372794,20939000.0,3,12420848.55443281,7405928.347807605,1309345.8758425508,13431900.10627206,1.5235051014130403,1.0813995555463416,0.5962497904512767,2.7892262386829563,2.3749933416785574,0.22009442792650366
89,Behavioural risks,Dietary risks,Diet high in processed meat,2013,275288.069593437,270867.490303095,644000.0,3.0,396718.51996551064,214163.4496275011,4420.579290341993,373132.509696905,1.3554256464799614,0.9405472417303429,0.5398372872688669,2.3775463023612673,2.3393676338793044,0.023797974674173893,8913932.48710196,7689211.40463642,17380000.0,3,11327714.630579462,5277082.913611963,1224721.0824655406,9690788.59536358,1.087150773172861,0.8554937082545355,0.4658559193719746,2.260309814023354,1.9497567459870309,0.20361794828940016
90,Behavioural risks,Dietary risks,Diet high in processed meat,2015,283938.746904201,276892.864943203,541000.0,3.0,367277.2039491346,150489.59603225067,7045.881960997998,264107.135056797,0.9301553167236628,0.7190948205251912,0.40974390573146613,1.9538242710261653,1.9053405211460264,0.0367755270460572,9244216.67101337,7962228.14631858,14907000.0,3,10704481.605777318,3695503.2518856325,1281988.5246947901,6944771.85368142,0.7512558500989917,0.6487723655794089,0.3452295391764821,1.8722146271194713,1.6125757898712108,0.20552384925757122
91,Behavioural risks,Dietary risks,Diet high in processed meat,2016,281071.287589951,139620.0,287586.068726028,3.0,236092.45210532635,83611.07046751412,6514.781136077014,147966.06872602802,0.526436086712253,0.6267293486367659,0.354145461754166,2.059777028549119,2.013116226829616,0.03435038038375329,8085995.68549747,3196040.0,9444597.51407597,3,6908877.733191147,3286384.450564205,1358601.8285785,6248557.51407597,0.7727629047939003,0.9044243877782187,0.47567558400635557,2.9550936515425246,2.5300045323267137,0.24900432652524535
92,Behavioural risks,Dietary risks,Diet high in processed meat,2017,283113.404056368,130000.0,290760.546964171,3.0,234624.65034017968,90688.24506388209,7647.142907803005,160760.546964171,0.5678309280339249,0.6851818286402817,0.38652479580638355,2.2366195920320844,2.177795415818215,0.040030127952216756,8182393.99967608,3570000.0,9597216.34409546,3,7116536.78125718,3151804.7087620473,1414822.3444193788,6027216.344095459,0.7366079345890776,0.8469311027759088,0.44288462290575864,2.6882958947046105,2.2919871147552047,0.256253452780754
93,Behavioural risks,Dietary risks,Diet high in processed meat,2019,297099.6125250575,289914.796579211,304284.428470904,2.0,297099.6125250575,10160.86415377059,7184.815945846494,14369.631891692989,0.04836637708667845,0.04836637708667845,0.03420019321941599,1.04956501724384,1.02478250862192,0.03583948542122873,9272465.206821395,8556880.5715729,9988049.84206989,2,9272465.206821395,1011989.4961942263,715584.6352484953,1431169.2704969905,0.15434614620544862,0.15434614620544862,0.10913920663188303,1.1672536222197054,1.0836268111098526,0.11437049433823743
94,Behavioural risks,Dietary risks,Diet high in red meat,1990,125116.441686437,26439.0,577812.938807975,4.0,213621.20554521226,252524.81958770932,80896.941686437,551373.938807975,4.406886348237201,2.5810824229773317,1.1821149447369037,21.85456858459,4.732268303885813,0.9582215251914089,3402189.360256575,1208000.0,15241217.2190434,4,5813398.984889138,6444817.86483006,1697689.360256575,14033217.2190434,4.124760774040246,2.4139435905775897,1.1086144064053025,12.616901671393544,4.479826254554505,0.7395166363433995
95,Behavioural risks,Dietary risks,Diet high in red meat,2005,220757.249215436,37000.0,718991.385500514,3.0,325582.87823865,352873.0251086246,183757.249215436,681991.385500514,3.089327249384964,2.0946782864933673,1.083819355052114,19.432199608121998,5.96641214095773,1.2336095159054654,5833209.47697411,1476000.0,19258110.3970871,3,8855773.291353738,9268375.345903194,4357209.47697411,17782110.3970871,3.048426508130701,2.0079681143654073,1.046591307272093,13.047500269029202,3.95203894103937,1.1070036950267905
96,Behavioural risks,Dietary risks,Diet high in red meat,2006,222942.86698435,22590.0,712535.5511084,3.0,319356.13936425,354933.5926505394,200352.86698435,689945.5511084,3.0947191109587386,2.1604267651841336,1.111403692933896,31.54207840231961,9.869095484034972,1.3318342626842143,5923912.00963917,893250.0,19165140.5582408,3,8660767.522626657,9438393.91619728,5030662.00963917,18271890.5582408,3.084429770143354,2.1097310960610174,1.0897872378561182,21.45551699775069,6.6318634308862805,1.2585333958630769
97,Behavioural risks,Dietary risks,Diet high in red meat,2007,227213.462709514,17000.0,716597.127825731,3.0,320270.19684508163,358961.97868505004,210213.462709514,699597.127825731,3.0790302629212873,2.184396596115792,1.120809810657106,42.152772225042995,13.365497806441999,1.3711174858234092,6066490.64234849,880000.0,19329819.2970511,3,8758769.979799863,9515000.47538677,5186490.64234849,18449819.2970511,3.041267247370007,2.106439527422397,1.086339805398587,21.965703746648977,6.893739366305102,1.2670223338521251
98,Behavioural risks,Dietary risks,Diet high in red meat,2010,245491.663811683,38092.0,755687.140389403,3.0,346423.60140036204,369291.40038278105,207399.663811683,717595.140389403,2.923093718326302,2.0714383705054717,1.0660110884188594,19.838473705486795,6.444703974894545,1.2520437435492526,6671649.02075722,1853000.0,20399950.9038694,3,9641533.308208873,9623539.186197283,4818649.02075722,18546950.9038694,2.7799650200670114,1.9236515926443347,0.9981336866827737,11.009147816443281,3.6004581871328765,1.0703857212128467
99,Behavioural risks,Dietary risks,Diet high in red meat,2013,269568.825905607,102000.0,785907.593865882,3.0,385825.473257163,356467.5374798147,167568.82590560702,683907.593865882,2.5370425959616005,1.7725827900690199,0.9239087675328777,7.704976410449824,2.9154246275534756,0.9212378291808415,7464537.13453441,4147000.0,21242545.0269674,3,10951360.720500603,9065476.76528957,3317537.13453441,17095545.0269674,2.2902351102087066,1.561043003082263,0.8277945541798547,5.122388480098239,2.8457953445886868,0.6586597326488699
100,Behavioural risks,Dietary risks,Diet high in red meat,2015,286421.190637621,43000.0,818192.992116577,3.0,382538.060918066,396433.9583348578,243421.19063762098,775192.992116577,2.706479190282217,2.0264467024697232,1.0363255289772801,19.027744002711092,6.660957921805139,1.2595094787570174,7991466.80257126,1752000.0,22078004.1242004,3,10607156.975590553,10412395.84462554,6239466.80257126,20326004.1242004,2.54346350004989,1.9162537304741594,0.9816387056952959,12.601600527511645,4.561339499184509,1.1570954406562026
101,Behavioural risks,Dietary risks,Diet high in red meat,2016,295776.674341164,31880.0,835822.886624889,3.0,387826.52032201766,409799.8558412557,263896.674341164,803942.886624889,2.718073994224372,2.072944588620098,1.056657640382595,26.21778188911195,9.277812871429235,1.3222640772628884,8286702.35775184,1247330.0,22509534.4849433,3,10681188.947565047,10831459.246633494,7039372.35775184,21262204.4849433,2.5658221530128276,1.9906215112682162,1.0140686865297617,18.04617421608019,6.643552514372171,1.258926577039325
102,Behavioural risks,Dietary risks,Diet high in red meat,2017,303807.14743383,25000.0,850493.172044652,3.0,393100.10649282736,419928.1708533249,278807.14743383,825493.172044652,2.7171617883823704,2.0999566227787687,1.0682474105638204,34.019726881786085,12.1522858973532,1.3600476354392894,8569608.08739623,1310000.0,22851804.7251659,3,10910470.93752071,10960021.298638731,7259608.087396231,21541804.7251659,2.5137444449587556,1.9744156644132034,1.0045415419189303,17.44412574440145,6.541685562897886,1.2554528837024241
103,Behavioural risks,Dietary risks,Diet high in red meat,2019,608431.902640988,321188.939434879,895674.865847097,2.0,608431.902640988,406222.8942623153,287242.963206109,574485.926412218,0.9442074354066207,0.9442074354066207,0.6676554804227806,2.7886230062062736,1.8943115031031368,0.6996577096363059,16512211.446077641,9163349.13534618,23861073.7568091,2,16512211.446077641,10392860.747848913,7348862.31073146,14697724.62146292,0.8901124279724665,0.8901124279724665,0.6294045338377534,2.60396863683484,1.80198431841742,0.6595733091275977
104,Behavioural risks,Dietary risks,Diet high in sodium,1990,1782846.47743544,1221009.83501406,2562000.0,4.0,1837175.697471235,668022.513289037,512172.58249297005,1340990.16498594,0.752162444696251,0.7299193903074892,0.36361384172919936,2.098263197012249,1.4601409639054306,0.42574600609831126,39784510.34674765,29378002.2223197,54620000.0,4,40891755.72895375,11624177.891151847,8402498.888840152,25241997.7776803,0.6344679765486623,0.6172881875015088,0.28426702849839364,1.8592142374644827,1.3728961227359968,0.31299878381635243
105,Behavioural risks,Dietary risks,Diet high in sodium,2005,1556959.74063041,1473882.19243193,3668000.0,3.0,2232947.31102078,1243486.0814916808,83077.54819847993,2194117.80756807,1.4092322044754195,0.9826106494940272,0.5568810671682297,2.488665660548988,2.355873375707733,0.07907778423371167,38732783.0030856,34549388.5200797,77456000.0,3,50246057.17438843,23657154.071863733,4183394.483005896,42906611.4799203,1.107759581244193,0.8539299179437065,0.47082607874598226,2.2418920657592385,1.9997530255915141,0.16006571547727
106,Behavioural risks,Dietary risks,Diet high in sodium,2006,1546630.03720369,1449246.24040106,2093860.0000000002,3.0,1696578.7592015835,347484.0847976654,97383.79680262995,644613.7595989401,0.41678600834909624,0.3799492101989405,0.20481459107810165,1.444792431837223,1.353820855429462,0.09331435662689795,38462795.6009727,34036778.7014338,44080700.0,3,38860091.4341355,5033733.380626583,4426016.899538897,10043921.2985662,0.2611334184536549,0.2584636558457352,0.12953477963782783,1.2950902430183,1.1460607402880831,0.17053770904137722
107,Behavioural risks,Dietary risks,Diet high in sodium,2007,1555050.54989979,1457173.99665558,2520000.0,3.0,1844074.84885179,587410.4718038227,97876.55324421008,1062826.00334442,0.6834671730850874,0.5763464557884876,0.31853938692866657,1.7293748075272795,1.620526098114555,0.0932786731063288,38639279.0421285,34139123.5982665,57400000.0,3,43392800.88013167,12337506.642043212,4500155.443862006,23260876.401733503,0.6020007872396406,0.5360538137648542,0.2843215093702837,1.6813554054713529,1.4855349639784075,0.17260235007314742
108,Behavioural risks,Dietary risks,Diet high in sodium,2010,1644632.50493383,1552546.36510519,3104308.0,3.0,2100495.62334634,870545.4783809041,92086.1398286398,1551761.63489481,0.9435309287877923,0.738759756339158,0.41444765164234015,1.99949455280176,1.8875390038122217,0.08298003281379568,40373523.897718,35748792.9613101,61231000.0,3,45784438.95300937,13575500.734497726,4624730.936407894,25482207.038689896,0.6311613299658049,0.5565691667608602,0.2965090551493025,1.7128130750111916,1.516612722613022,0.1697610360968242
109,Behavioural risks,Dietary risks,Diet high in sodium,2013,1705269.826499,1612685.50574189,3689000.0,3.0,2335651.77741363,1172947.7920162426,92584.3207571099,2076314.49425811,1.2175870715550525,0.8889657757790009,0.5021929224891133,2.287488779967012,2.163294009355512,0.08046231817971908,41519181.4665368,36781685.6468496,74327000.0,3,50875955.70446213,20446872.024195965,4737495.819687195,37545314.3531504,0.9042884042261474,0.7379775737531244,0.40189656864573947,2.0207611123000886,1.7901846176785858,0.16910181166348645
110,Behavioural risks,Dietary risks,Diet high in sodium,2015,1753288.56817387,1657959.68922199,4130000.0,3.0,2513749.4191319533,1400525.384956581,95328.87895187992,2472040.3107780097,1.409944920448978,0.9834076109430404,0.5571459805409761,2.4910135191151923,2.3555734492135447,0.08057852037091241,42451374.952805,37539379.0562687,83008000.0,3,54332918.00302457,24954502.030131675,4911995.896536298,45468620.9437313,1.0710753419478334,0.8368521812356955,0.45928882429510826,2.2112246416110737,1.9553665833505636,0.1714803802411538
111,Behavioural risks,Dietary risks,Diet high in sodium,2016,1785454.87369029,1695339.89392644,2310470.0,3.0,1930421.5892055768,332201.4047306014,90114.97976384987,615130.10607356,0.34452290849679695,0.31865065616402655,0.17208748937961874,1.362835858624731,1.2940511877651526,0.07479909012429711,43136074.4949054,38267399.221955,47567080.0,3,42990184.5722868,4651556.572323522,4431005.505094603,9299680.778044999,0.21558940833022117,0.21632102468431705,0.1082004326941667,1.2430183646425998,1.1272277544839553,0.15223337393220074
112,Behavioural risks,Dietary risks,Diet high in sodium,2017,1811392.22768011,1722828.62205593,3200000.0,3.0,2244740.283245347,828463.4710721553,88563.60562417982,1477171.37794407,0.8154895198131197,0.6580589251102317,0.3690687413843704,1.8574105160740213,1.7665969584612333,0.07245877592349553,43638924.7244024,38716328.4660372,70400000.0,3,50918417.73014653,17050132.67641984,4922596.258365199,31683671.5339628,0.7260415267804627,0.6222438352636459,0.334851973735335,1.8183542393942753,1.6132386497743632,0.1671738637230395
113,Behavioural risks,Dietary risks,Diet high in sodium,2019,1840108.1906674248,1794860.51261047,1885355.86872438,2.0,1840108.1906674248,63989.879974037154,45247.67805695499,90495.35611390998,0.049179367046394404,0.049179367046394404,0.03477506393296766,1.0504191581897873,1.0252095790948936,0.03644191098137825,42469929.4347151,40073221.24263,44866637.6268002,2,42469929.4347151,3389457.2302974523,2396708.192085102,4793416.384170204,0.1128661254674006,0.1128661254674006,0.07980840268425066,1.1196164479802526,1.0598082239901263,0.08363379897134385
114,Behavioural risks,Dietary risks,Diet high in trans fatty acids,1990,414836.9162940075,131011.221471024,464000.0,4.0,356171.2635147598,156733.69502286823,48269.5,332988.778528976,0.8026980373486741,0.9349119725240745,0.44005148948905354,3.5416813521017647,3.166422781469584,0.17244222052142702,9354000.0,3289971.09835666,10747489.8703747,4,8186365.24218284,3492323.8122178605,1341744.93518735,7457518.77201804,0.797254519138127,0.9109682443181025,0.4266024919365381,3.2667429436517144,2.8431860707446095,0.21257921680004838
115,Behavioural risks,Dietary risks,Diet high in trans fatty acids,2005,384000.0,135679.998126595,537396.614242713,3.0,352358.87078976934,202718.846457896,153396.61424271297,401716.616116118,1.046137021135724,1.1400780551252174,0.575319264713065,3.960765195038549,2.830188718323185,0.5920150580929703,10121000.0,3430445.78276661,12435439.0552203,3,8662294.945995636,4676359.832729668,2314439.0552203003,9004993.27245369,0.8897335512749422,1.0395620708593483,0.5398522980207957,3.6250213070533595,2.95034541890866,0.33889918781113376
116,Behavioural risks,Dietary risks,Diet high in trans fatty acids,2006,236270.0,130854.138121838,535836.175677861,3.0,300986.7712665663,210104.2789857784,105415.861878162,404982.037556023,1.7140645767808989,1.3455144086626791,0.6980515392807791,4.094911963570805,2.2678976411641805,0.6612193985839764,5426020.0,3314535.8173497,12388539.9935091,3,7043031.936952934,4748203.202309877,2111484.1826503,9074004.1761594,1.672313072225941,1.288366183397592,0.6741703352780931,3.737639499522732,2.2831725635934075,0.5767062337934148
117,Behavioural risks,Dietary risks,Diet high in trans fatty acids,2007,250000.0,125636.426582325,535423.199160271,3.0,303686.54191419866,210102.31634132704,124363.573417675,409786.77257794596,1.6391470903117837,1.3493741605899812,0.6918394045946488,4.261687583174196,2.1416927966410837,0.7372272632199773,6050000.0,3178766.05268717,12369365.2426943,3,7199377.098460491,4701869.750821371,2871233.94731283,9190599.19000713,1.5191073041334098,1.2765825521172436,0.653093967230417,3.891247433021331,2.044523180610628,0.7033336710607627
118,Behavioural risks,Dietary risks,Diet high in trans fatty acids,2010,515260.0,111583.900168929,545108.753429852,3.0,390650.884532927,242139.47084653698,29848.75342985196,433524.85326092294,0.8413710617182062,1.1097500874195056,0.6198359723056703,4.8851917938394465,4.617691254920629,0.08585151687117301,11592000.0,2812708.7494609,12510166.2369706,3,8971624.995477168,5353498.323877622,918166.2369705997,9697457.4875097,0.8365646555822722,1.0809031242833314,0.5967144554722764,4.447728987001718,4.121294109182754,0.11738460690048558
119,Behavioural risks,Dietary risks,Diet high in trans fatty acids,2013,405000.0,112164.626215486,569718.488118864,3.0,362294.37144478335,231747.08664489395,164718.488118864,457553.86190337804,1.1297626219836494,1.2629339508607658,0.6396651588064048,5.079306260285169,3.610764049816659,0.6027476528201394,9875000.0,2806932.0461899,12916438.0262728,3,8532790.024154233,5186682.321559505,3041438.0262728,10109505.9800829,1.0237474410210532,1.1847831660529993,0.6078530359797066,4.601621205545548,3.5180759054727457,0.4564466992340546
120,Behavioural risks,Dietary risks,Diet high in trans fatty acids,2015,448000.0,117298.102695485,590657.424304026,3.0,385318.5089998369,242825.016882378,142657.42430402595,473359.32160854095,1.0566056285904932,1.22848840777784,0.6301929733733107,5.035524111054197,3.8193286140615834,0.47191585450572865,11578000.0,2931306.62038057,13286514.9589822,3,9265273.859787589,5551496.337356039,1708514.9589821994,10355208.33860163,0.8943866245121463,1.1176365097576326,0.5991723959126785,4.532625439660494,3.9497744519462223,0.21869227579993258
121,Behavioural risks,Dietary risks,Diet high in trans fatty acids,2016,223640.0,119682.276755504,601559.76894185,3.0,314960.681899118,253586.4341321129,103957.723244496,481877.49218634603,2.1547017178784924,1.5299607852026798,0.8051367954979749,5.0263061937797335,2.689857668314479,0.6888988814538681,5111020.0,2994880.51180577,13500004.810037,3,7201968.440614257,5555938.999512363,2116139.48819423,10505124.29823123,2.0553870456838808,1.4586462555138946,0.7714472849090264,4.5076939653586185,2.6413523738973828,0.6135993835875909
122,Behavioural risks,Dietary risks,Diet high in trans fatty acids,2017,258000.0,120838.963064363,612683.120389941,3.0,330507.36115143466,253812.24722161345,137161.036935637,491844.15732557804,1.906372702812318,1.4881488739375481,0.767947335083165,5.070244769177678,2.374740776705198,0.7878785144907522,6160000.0,3015805.95637381,13688247.0218852,3,7621350.992753003,5484241.93642281,3144194.04362619,10672441.06551139,1.7325391340115894,1.4003345437914632,0.7195892095296058,4.538835462193954,2.2221180230333117,0.7564440864698074
123,Behavioural risks,Dietary risks,Diet high in trans fatty acids,2019,367722.35049449885,90463.7062089368,644980.994780061,2.0,367722.35049449885,392102.9350338195,277258.6442855621,554517.2885711242,1.5079782010134295,1.5079782010134295,1.0663016118180866,7.129721098209263,4.0648605491046315,1.1174118469509513,8322581.158894841,2410925.36633178,14234236.9514579,2,8322581.158894841,8360343.797924148,5911655.79256306,11823311.58512612,1.4206303740865105,1.4206303740865105,1.0045373710761532,5.904055409693282,3.452027704846641,1.052687107198104
124,Behavioural risks,Dietary risks,"Diet low in 
polyunsaturated fatty acids",1990,445546.2980503135,225989.539577101,448065.0,4.0,391286.78391943197,110210.95083916064,1986.2019496865105,222075.460422899,0.4984340828207735,0.5675516514982155,0.2816628502889933,1.9826802640444043,1.9715350492950854,0.006606611484185212,9972500.0,5604459.06776343,11394660.9701842,4,9236030.009486906,2512640.8234567316,741330.4850920998,5790201.902420769,0.5806168866804482,0.626914583048484,0.2720477110702153,2.033141973634123,1.7793867132264958,0.11016814027640931
125,Behavioural risks,Dietary risks,"Diet low in 
polyunsaturated fatty acids",2005,348000.0,281259.704602141,574043.300212669,3.0,401101.0016049366,153444.9273949547,66740.29539785901,292783.59561052796,0.8413321712946206,0.7299497992750076,0.382559322417474,2.0409724209327753,1.6495497132547958,0.28422160281502024,7535000.0,6880006.52251076,14573184.3524665,3,9662730.291659087,4265169.800413973,654993.4774892395,7693177.829955739,1.0209924127346701,0.7961701918345506,0.44140420685193776,2.1181933919371088,1.9340656074938951,0.12882552536682854
126,Behavioural risks,Dietary risks,"Diet low in 
polyunsaturated fatty acids",2006,373710.0,281992.081089725,571664.038243703,3.0,409122.0397778093,148047.1887989531,91717.91891027498,289671.95715397794,0.7751249823498915,0.7080331270133878,0.3618655912044149,2.0272343678396036,1.5296996019472398,0.36372041375672987,8077080.0,6878765.91496607,14503630.9086179,3,9819825.607861323,4100306.4803919517,1198314.08503393,7624864.993651831,0.9440125631604281,0.776476619660913,0.4175539000518935,2.1084640890399364,1.795652749337372,0.21986924408576913
127,Behavioural risks,Dietary risks,"Diet low in 
polyunsaturated fatty acids",2007,580027.5292767,285055.309908185,676000.0,3.0,513694.279728295,203738.83447807524,95972.47072330001,390944.690091815,0.6740105777036598,0.7610454418503451,0.3966149566349805,2.371469593805274,2.034789421967001,0.24521457074510639,14664627.1332861,6939302.66985454,15700000.0,3,12434643.267713547,4787178.235468142,1035372.8667139001,8760697.33014546,0.5974033468781645,0.704539498362011,0.384987179157605,2.2624751717781892,2.113271005888189,0.10463427228825568
128,Behavioural risks,Dietary risks,"Diet low in 
polyunsaturated fatty acids",2010,533603.0,299075.307762667,615613.484170782,3.0,482763.930644483,164278.9168172381,82010.48417078203,316538.176408115,0.5932091393941095,0.6556790106202446,0.34028829908217884,2.0583895366557834,1.7841760457986182,0.22777146594209358,11680000.0,7205293.54851734,15354385.2831973,3,11413226.277238214,4081090.5637371554,3674385.2831973005,8149091.734679961,0.6976962101609555,0.7140042207812852,0.3575755412714644,2.130986777958107,1.6210304162282794,0.466219091583767
129,Behavioural risks,Dietary risks,"Diet low in 
polyunsaturated fatty acids",2013,581000.0,312684.713815355,651768.792801314,3.0,515151.168872223,178875.80768821115,70768.79280131403,339084.07898595906,0.5836214784612032,0.6582224781286767,0.3472297424459094,2.0844280644502287,1.858101705422956,0.18051523396135524,12670000.0,7434567.17327555,16093504.7946929,3,12066023.989322817,4360950.635928402,3423504.7946929,8658937.621417351,0.6834204910353079,0.7176297369439689,0.36142399847600104,2.1646861773665784,1.7042014289068295,0.40044468079991147
130,Behavioural risks,Dietary risks,"Diet low in 
polyunsaturated fatty acids",2015,388000.0,323048.556505004,670527.83223054,3.0,460525.462911848,184744.19840043463,64951.443494996,347479.275725536,0.8955651436225155,0.7545278246472316,0.4011595737449976,2.075625532845102,1.7281645160580927,0.2480877300504744,8270000.0,7619617.54567597,16464514.7565648,3,10784710.76741359,4929592.2093624165,650382.4543240303,8844897.21088883,1.069515986806388,0.820133001398055,0.45709081269544705,2.1608059273143163,1.9908724010356469,0.11654979411223856
131,Behavioural risks,Dietary risks,"Diet low in 
polyunsaturated fatty acids",2016,404130.0,327547.566423554,681584.717460405,3.0,471087.4279613197,186274.12313031833,76582.43357644603,354037.151036851,0.8760476852420038,0.7515317328016669,0.3954130636354257,2.0808724818277025,1.6865481836547769,0.28083826135227036,8351809.999999999,7700288.09140699,16718337.6670489,3,10923478.586151963,5029056.971732815,651521.9085930092,9018049.57564191,1.0797718788672048,0.8255657302312447,0.46038969473591573,2.171131452303123,2.0017622128674986,0.11561032501156514
132,Behavioural risks,Dietary risks,"Diet low in 
polyunsaturated fatty acids",2017,687132.555104776,332203.833700116,799000.0,3.0,606112.1296016307,243716.83821517188,111867.44489522395,466796.166299884,0.6793393251884354,0.7701482011367886,0.4020985991079829,2.405149847612132,2.0684064583223867,0.2412744849637376,16789102.5753817,7772617.00014501,17900000.0,3,14153906.525175571,5554202.487639829,1110897.4246183,10127382.99985499,0.6032116936795082,0.7155185730414003,0.3924148063123465,2.302956648920955,2.160032145552582,0.0980606304531373
133,Behavioural risks,Dietary risks,"Diet low in 
polyunsaturated fatty acids",2019,531340.822411139,346234.394014849,716447.250807429,2.0,531340.822411139,261780.0215204775,185106.42839629,370212.85679258,0.6967521432149966,0.6967521432149966,0.49267816527358455,2.0692549994807927,1.5346274997403966,0.5162933381223124,12706201.10411937,8012899.22559144,17399502.9826473,2,12706201.10411937,6637331.168925323,4693301.87852793,9386603.75705586,0.7387419481352856,0.7387419481352856,0.5223694410734212,2.1714366414439743,1.5857183207219872,0.5474077835682466
134,Behavioural risks,Dietary risks,Diet low in calcium,1990,73006.84528876396,54866.2736924456,85000.0,4.0,71469.99106749338,14564.566319750242,10645.65471123605,30133.726307554403,0.41275206712968465,0.4216276769798016,0.20378575822118197,1.5492213026251762,1.3306324701036893,0.21610110969251736,1706868.637646575,1464345.39663863,1870000.0,4,1687020.667982945,197655.77291485976,146131.362353425,405654.60336137004,0.23766011889508107,0.2404562143547319,0.1171626267929386,1.2770211210364306,1.1656188775985852,0.12687952325749993
135,Behavioural risks,Dietary risks,Diet low in calcium,2005,98466.9117676348,66441.8500261544,127000.0,3.0,97302.92059792974,30295.85018853337,28533.088232365204,60558.149973845604,0.6150101479444442,0.6223672383286516,0.31135602099468696,1.9114458725939643,1.4820013550025164,0.429444124947811,2357738.19970586,1688825.88406167,2721000.0,3,2255854.6945891767,523575.24565664306,363261.8002941399,1032174.1159383301,0.4377814789051215,0.4575534578597066,0.2320961748611178,1.6111785268567322,1.3960812786901624,0.22833493052921555
136,Behavioural risks,Dietary risks,Diet low in calcium,2006,100319.13011861,66230.6050717166,135490.0,3.0,100679.91173010886,34631.106955833486,34088.525046893395,69259.3949282834,0.6903907046083448,0.6879167227911962,0.34397236112670204,2.0457309706484956,1.5146944529644755,0.5035848502650073,2394154.9987237,1678974.90496451,2935650.0,3,2336259.96789607,630334.7916516381,541495.0012762998,1256675.09503549,0.5248929562644904,0.5379003673838554,0.26980507319966157,1.748477592678524,1.4259623486000272,0.33518948953567274
137,Behavioural risks,Dietary risks,Diet low in calcium,2007,102860.337776684,66684.0234564573,145000.0,3.0,104848.12041104709,39195.809793181834,36176.314320226695,78315.9765435427,0.7613816776838844,0.746946881226982,0.37383416736054387,2.174433882122915,1.5425034730222713,0.5212242053781085,2446973.6712413,1683049.70024567,3150000.0,3,2426674.4571623234,733685.7904147372,703026.3287586998,1466950.29975433,0.5994957432501412,0.6045105454605293,0.30234207487092696,1.8716024841929524,1.4538926989999894,0.4257851367447963
138,Behavioural risks,Dietary risks,Diet low in calcium,2010,111362.170234069,69514.844699455,125594.0,3.0,102157.00497784134,29150.801281465778,14231.829765931005,56079.155300545,0.5035745548301888,0.548950659944553,0.28535293578535137,1.8067220108597128,1.6019912108778986,0.1893961986263196,2590000.0,1731498.49349567,2624346.57271739,3,2315281.6887376867,505862.66520627093,34346.57271739002,892848.0792217201,0.3447289881164943,0.3856325921657115,0.21848860450413357,1.5156505088371033,1.4958141804507883,0.019653135431340545
139,Behavioural risks,Dietary risks,Diet low in calcium,2013,118439.664961895,71695.8737121305,141000.0,3.0,110378.51289134183,35348.29712531678,22560.335038104997,69304.1262878695,0.5851428768408485,0.6278769705485474,0.3202461801611165,1.9666403755136004,1.651973242385576,0.2822907050372719,2760855.78356899,1769235.31064718,2876000.0,3,2468697.03140539,608481.3651615838,115144.21643101005,1106764.68935282,0.4008774003841999,0.4483193665618646,0.24647875272697398,1.6255610447589186,1.5604796981804974,0.061808273277557356
140,Behavioural risks,Dietary risks,Diet low in calcium,2015,123486.965495418,74148.5377343709,160000.0,3.0,119211.83440992964,43085.10128379956,36513.034504582,85851.4622656291,0.6952269166320605,0.7201588893466284,0.36141630985766315,2.1578308202541048,1.665399875285426,0.43820266308024525,2859854.81307554,1820350.18429103,3284000.0,3,2654734.99912219,753075.8921339989,424145.1869244599,1463649.81570897,0.5117916507568908,0.5513355631326433,0.28367271776015673,1.8040484893180133,1.5710465149810529,0.21979548197625448
141,Behavioural risks,Dietary risks,Diet low in calcium,2016,126435.594584091,75752.0138645833,159880.0,3.0,120689.20281622477,42357.3520957409,33444.405415909,84127.9861354167,0.6653821371438566,0.6970630692085987,0.3509622328041976,2.110570951761184,1.6690723867765584,0.39201467742861157,2918386.50861123,1854475.92846148,3353070.0,3,2708644.1456909035,770999.31382275,434683.4913887698,1498594.07153852,0.5135008906862218,0.5532635484519389,0.2846440035503772,1.8080957258807837,1.5736987813222236,0.22073873091769197
142,Behavioural risks,Dietary risks,Diet low in calcium,2017,129472.462499645,77146.6243462925,185000.0,3.0,130539.6956153125,53934.607626896846,52325.838153352495,107853.3756537075,0.8330217373752602,0.8262113309314023,0.4131663351340788,2.3980310424158007,1.6782647795252128,0.5989450624952857,2977272.05447175,1884474.31778685,3890000.0,3,2917248.790752867,1004109.2618060698,912727.9455282502,2005525.68221315,0.6736118317440714,0.6874715960360637,0.3441973358559299,2.064236144416372,1.5798952664785026,0.45432959787508115
143,Behavioural risks,Dietary risks,Diet low in calcium,2019,109262.1639341905,80628.385457525,137895.942410856,2.0,109262.1639341905,40494.277863687166,28633.778476665495,57267.55695333099,0.5241298075317611,0.5241298075317611,0.37061574112770823,1.7102654558734718,1.3551327279367358,0.3883801873810349,2551430.026057785,1958262.6022419,3144597.44987367,2,2551430.026057785,838865.4155183341,593167.423815885,1186334.84763177,0.4649686001637192,0.4649686001637192,0.3287824502145823,1.605809887945368,1.3029049439726839,0.34454173272131594
144,Behavioural risks,Dietary risks,Diet low in fiber,1990,556948.8891982405,515405.300304098,716000.0,4.0,586325.7696751447,91378.8255967099,34369.349847951,200594.699695902,0.3601671600147537,0.3421215816712986,0.15584992221532165,1.3891979759958768,1.2855757752398476,0.09145431019350402,14070417.0320998,13347000.0,16395000.0,4,14470708.5160499,1450783.8247746767,720218.6327467002,3048000.0,0.21662470934915362,0.21063239554714072,0.10025658544400702,1.2283659249269498,1.1652106659381147,0.07585873334781475
145,Behavioural risks,Dietary risks,Diet low in fiber,2005,603083.736770021,334000.0,617643.652361845,3.0,518242.46304395533,159724.64329867103,14559.915591823985,283643.652361845,0.4703221709823842,0.5473184321790849,0.30820446931444095,1.8492324921013323,1.8056399304491648,0.035779102621219555,15724364.3275817,7666000.0,17281294.9491386,3,13557219.758906767,5160994.179989503,1556930.6215569004,9615294.9491386,0.6114902166361448,0.7092379647251482,0.38068234282319235,2.254277974059301,2.0511824064155624,0.14673859833557953
146,Behavioural risks,Dietary risks,Diet low in fiber,2006,607140.164753148,598285.196479913,769740.0,3.0,658388.4537443536,96534.8525451948,8854.96827323502,171454.80352008704,0.2823973992723697,0.2604158723394949,0.1466229427265722,1.2865770447419778,1.2678126809695782,0.021614552524736846,17000356.0298018,15604134.4900174,18522140.0,3,17042210.173273068,1459452.9338305122,1396221.5397844017,2918005.509982601,0.17164378821639423,0.1712222464289782,0.08563753873422714,1.187002073831738,1.0895148294265424,0.12171511692656045
147,Behavioural risks,Dietary risks,Diet low in fiber,2007,603125.788227513,594814.053488976,737000.0,3.0,644979.9472388296,79799.99258281528,8311.734738536994,142185.94651102403,0.2357484115028227,0.22045018162149776,0.12372476528059584,1.2390426817877114,1.2219673149210237,0.02042358513422609,16846217.4574631,15516512.0007367,17700000.0,3,16687576.4860666,1100354.5697119313,853782.5425368994,2183487.9992632996,0.12961295345834356,0.1308451230822173,0.06593854839441063,1.1407202855357976,1.0856961575296864,0.07510918882737902
148,Behavioural risks,Dietary risks,Diet low in fiber,2010,600346.205552664,588152.791171184,742888.0,3.0,643795.6655746159,86032.77221485849,12193.41438147996,154735.20882881596,0.2577432944485266,0.24034832339342946,0.133633661758301,1.263086754244068,1.2374326565720783,0.0301003653328964,16452000.0,15297014.6117842,16602014.8435276,3,16117009.818437265,714086.9817607359,150014.84352760017,1305000.231743401,0.07932167710572581,0.0809703689731906,0.044306418486129276,1.0853107789240184,1.075503973652875,0.013513372119371715
149,Behavioural risks,Dietary risks,Diet low in fiber,2013,597894.644836332,582845.679252658,1009000.0,3.0,729913.4413629966,241813.14738898873,15048.965583673911,426154.32074734196,0.7127582165650567,0.5838422703266937,0.331290169060925,1.7311614993762494,1.6875882878599862,0.037301834340914455,16395679.4578767,15057945.8847175,22098000.0,3,17850541.780864734,3738724.2169842003,1337733.573159201,7040054.1152825,0.42938471280617563,0.3943888203342509,0.2094459800089656,1.46753084180144,1.3477940976324607,0.12091729168744554
150,Behavioural risks,Dietary risks,Diet low in fiber,2015,585404.943653,387000.0,597349.495627105,3.0,523251.479760035,118148.28556972356,11944.55197410495,210349.495627105,0.35932305988825075,0.4020045881639399,0.22579637161065802,1.5435387483904521,1.512674273005168,0.03023860016480546,15023116.0212732,8393000.0,16293996.924529,3,13236704.315267399,4242627.509912943,1270880.9032557998,7900996.924528999,0.5259226456975332,0.5969006133510045,0.3205199276846758,1.9413793547633742,1.7899578245291552,0.12536982979816425
151,Behavioural risks,Dietary risks,Diet low in fiber,2016,600449.516213899,587945.55825441,877850.0,3.0,688748.3581561031,163886.12037694434,12503.957959488966,289904.44174558995,0.4828123496102824,0.4209148933896752,0.23794774744101818,1.4930804182045463,1.4619880211332907,0.030861654802901647,16372957.0791904,15050754.1517798,20119470.0,3,17181060.4103234,2629209.6403369666,1322202.9274105988,5068715.848220199,0.30957852168698374,0.2950176372800956,0.15302953237724382,1.3367748750065662,1.2288232298349648,0.11967934252469194
152,Behavioural risks,Dietary risks,Diet low in fiber,2017,598564.11644899,592102.904658702,873000.0,3.0,687889.0070358972,160343.3709311576,6461.211790287984,280897.09534129803,0.4692848896584937,0.4083465391483419,0.23309482967619244,1.474405872916992,1.458490370553975,0.01599747731289673,16271931.1695895,15087598.7549242,19900000.0,3,17086509.9748379,2507479.8919177214,1184332.4146653004,4812401.2450757995,0.29574862349895276,0.2816491637064962,0.1467520222450524,1.3189640262341387,1.222964858479181,0.10786553975930159
153,Behavioural risks,Dietary risks,Diet low in fiber,2019,605730.7991453945,605237.643733652,606223.954557137,2.0,605730.7991453945,697.4270716439472,493.1554117425112,986.3108234850224,0.0016282989487682905,0.0016282989487682905,0.001151381228472985,1.0016296257076815,1.0008148128538408,0.0012065695210373034,15827068.5678985,15297367.3445709,16356769.7912261,2,15827068.5678985,749110.6540355115,529701.2233276004,1059402.4466552008,0.06693611278110909,0.06693611278110909,0.047330979253789734,1.0692539064266628,1.0346269532133314,0.049599659570801834
154,Behavioural risks,Dietary risks,Diet low in fruits,1990,1844438.0369267198,795603.377974794,3667202.0,4.0,2037920.3629570585,1321664.8407597747,872198.311012603,2871598.6220252058,1.556896227758339,1.4090828445614358,0.6485360590057678,4.6093343763004775,2.3182883431462185,0.7008085232694824,45335389.798654646,21721639.2135996,80453000.0,4,48211354.70272723,26555171.891145524,18494180.3932002,58731360.7864004,1.295485955833632,1.2182059838089982,0.550807419847162,3.7038180778561847,2.0871072092142486,0.6045690897210738
155,Behavioural risks,Dietary risks,Diet low in fruits,2005,1351401.89116979,946126.080387238,2713000.0,3.0,1670175.9905190093,925566.6138986814,405275.810782552,1766873.919612762,1.3074378030382467,1.057896850177869,0.5541731046026236,2.867482522931407,2.007544918892776,0.4444412543035878,36869514.9891062,25428186.6424812,68838000.0,3,43711900.54386247,22499258.96543278,11441328.346625,43409813.3575188,1.1773904096743626,0.993089131733347,0.5147170149432423,2.7071533242955232,1.8670709397815375,0.45989345438116663
156,Behavioural risks,Dietary risks,Diet low in fruits,2006,1342349.26170223,938737.409626689,2338840.0,3.0,1539975.5571096397,720669.0852047536,403611.8520755409,1400102.590373311,1.0430240700530085,0.9091719565998473,0.4679743661369328,2.4914741609478357,1.7423483341690988,0.4456014405799542,36635240.9442996,25247294.9202799,61173380.0,3,41018638.6215265,18359780.191667885,11387946.0240197,35926085.079720095,0.980642795125663,0.8758478166768352,0.44759603947539855,2.4229676958723387,1.669796033087603,0.46067490134040523
157,Behavioural risks,Dietary risks,Diet low in fruits,2007,1354433.79958958,938621.229025185,2220000.0,3.0,1504351.6762049217,653712.0283220062,415812.57056439493,1281378.770974815,0.946062311323815,0.8517813960944238,0.43454734598438277,2.365171308031893,1.6390612820447212,0.45497552539161706,36828911.6346205,25261216.1054022,60200000.0,3,40763375.913340904,17798585.951663315,11567695.529218301,34938783.8945978,0.9486781537620591,0.8571121285164006,0.43663179392946827,2.383099837664823,1.634585365900681,0.46548551161056245
158,Behavioural risks,Dietary risks,Diet low in fruits,2010,1410244.46431282,950118.617125571,4902242.0,3.0,2420868.3604794634,2161212.6926781153,460125.847187249,3952123.382874429,2.8024385011858275,1.632523043133041,0.8927427562604345,5.15961050719218,3.4761646821203804,0.4835377998549922,37808847.9091256,25514525.7993803,104095000.0,3,55806124.569501966,42268773.42425683,12294322.109745298,78580474.2006197,2.078362038152805,1.4080976739883477,0.7574217659858199,4.079832830070793,2.7531915346956524,0.4819026861235008
159,Behavioural risks,Dietary risks,Diet low in fruits,2013,1476699.45580643,964258.86279768,3413000.0,3.0,1951319.4395347033,1291522.894095338,512440.59300875,2448741.13720232,1.6582528879345022,1.2549155651246053,0.661871586952111,3.5395059684466834,2.3112353611156107,0.514279974745597,39091606.8827844,25827301.7775955,74797000.0,3,46571969.553459965,25327350.932578184,13264305.105188895,48969698.222404495,1.2526908491953122,1.0514843733673789,0.5438325064501496,2.896043909042191,1.9133774731818443,0.5028624232519595
160,Behavioural risks,Dietary risks,Diet low in fruits,2015,1527722.89112487,983682.002405456,2924000.0,3.0,1811801.6311767753,1000866.639897361,544040.8887194139,1940317.997594544,1.2700719540609084,1.0709329124150841,0.5524151334643035,2.972505334904745,1.9139596696407712,0.5277584055106432,40119877.0645716,26290266.1936056,72590000.0,3,46333381.08605906,23767037.29547555,13829610.870965995,46299733.8063944,1.1540347875911117,0.9992738004679138,0.5129571107994675,2.76109794649609,1.809327578027441,0.5108560845733602
161,Behavioural risks,Dietary risks,Diet low in fruits,2016,1559856.37894244,996498.711476453,2361200.0,3.0,1639185.030139631,685800.3921696397,563357.667465987,1364701.288523547,0.8748890647540222,0.83254865279443,0.4183788770394158,2.36949629016735,1.5653370756810046,0.5352390607593246,40893740.5311547,26586676.1478138,60982390.0,3,42820935.559656166,17278652.822450567,14307064.383340899,34395713.8521862,0.8410997234645726,0.8032452678262405,0.40350946555987177,2.2937199693920567,1.5381291103783712,0.5184918068318489
162,Behavioural risks,Dietary risks,Diet low in fruits,2017,1585287.45259541,1008137.64096957,2420000.0,3.0,1671141.6978549932,709835.9273688267,577149.8116258399,1411862.35903043,0.8906033771471219,0.8448489800970419,0.42476106501318356,2.400465870585469,1.572491084720108,0.5395463260805797,41393276.2029536,26816580.6304289,64800000.0,3,44336618.94446083,19162006.330801185,14576695.5725247,37983419.369571105,0.9176229294665208,0.8567053662154935,0.4321936761755528,2.416415459265196,1.5654716404249303,0.5218882103596371
163,Behavioural risks,Dietary risks,Diet low in fruits,2019,1348792.603118525,1046014.85149847,1651570.35473858,2.0,1348792.603118525,428192.4027259143,302777.75162005506,605555.5032401101,0.4489611685592088,0.4489611685592088,0.31746348677765324,1.5789167356205516,1.2894583678102756,0.3326802259023737,35264538.26249095,27678336.1525521,42850740.3724298,2,35264538.26249095,10728509.910778914,7586202.109938851,15172404.219877701,0.4302453673699677,0.4302453673699677,0.30422941684140153,1.5481689410900055,1.2740844705450027,0.31881181722114604
164,Behavioural risks,Dietary risks,Diet low in legumes,1990,556577.193932861,309538.475029491,803615.912836231,2.0,556577.193932861,349365.5067044205,247038.71890336997,494077.43780673994,0.8877069401919111,0.8877069401919111,0.6277035971160613,2.5961745555529636,1.7980872777764818,0.6577908426822061,13139012.290627334,7632410.84706267,18645613.734192,2,13139012.290627334,7787510.444072412,5506601.443564665,11013202.88712933,0.8382063007114741,0.8382063007114741,0.5927013592663738,2.4429520511684397,1.7214760255842199,0.6211108688272022
165,Behavioural risks,Dietary risks,Diet low in legumes,2005,631311.46578518,337685.195900106,924937.735670254,2.0,631311.46578518,415250.25314049434,293626.269885074,587252.539770148,0.93021047707373,0.93021047707373,0.6577581362696079,2.7390532569981807,1.8695266284990903,0.6892859635116338,14772315.961187026,8260890.60524775,21283741.3171263,2,14772315.961187026,9208546.04874938,6511425.355939275,13022850.71187855,0.8815713626823957,0.8815713626823957,0.6233650886525872,2.5764463342010306,1.7882231671005155,0.6532443797476553
166,Behavioural risks,Dietary risks,Diet low in legumes,2006,594090.0,332699.974191868,923619.527168222,3.0,616803.16712003,296113.82185387827,261390.02580813202,590919.552976354,0.9946633556807117,0.9580358605087398,0.4800783096437221,2.776133450000122,1.7856628977596147,0.6520561164935476,13316190.0,8125939.35589215,21198756.5451277,3,14213628.633673282,6582452.764107021,5190250.64410785,13072817.189235551,0.9817235402345229,0.9197381981871221,0.46310853714811684,2.6087761201117505,1.6387262341976967,0.5776390585120694
167,Behavioural risks,Dietary risks,Diet low in legumes,2007,481000.0,333419.21588914,931129.282204441,3.0,581849.4993645271,311355.57965968293,147580.78411086003,597710.066315301,1.2426404705099814,1.027258882181898,0.5351135989628472,2.7926683221342476,1.9358197135227464,0.45470836185508223,10600000.0,8113642.36742434,21334569.6007164,3,13349403.989380248,7026211.351049435,2486357.63257566,13220927.233292062,1.2472572861596285,0.990375843281813,0.5263314644338388,2.6294688174047556,2.0126952453506037,0.34762094447897435
168,Behavioural risks,Dietary risks,Diet low in legumes,2010,654885.211895324,342299.458834494,967470.964956154,2.0,654885.211895324,442063.01138323307,312585.75306083,625171.50612166,0.9546276122380766,0.9546276122380766,0.675023658121466,2.8263876555642997,1.91319382778215,0.7073790606684147,15088155.633417191,8228782.78037668,21947528.4864577,2,15088155.633417191,9700618.11814372,6859372.853040511,13718745.706081022,0.9092394086721106,0.9092394086721106,0.6429293515940959,2.667165858211296,1.833582929105648,0.673746401826034
169,Behavioural risks,Dietary risks,Diet low in legumes,2013,679551.3085337665,354915.094709523,1004187.52235801,2.0,679551.3085337665,459104.93642769725,324636.2138242435,649272.427648487,0.9554428333739645,0.9554428333739645,0.6756001065148189,2.8293739469713963,1.9146869734856982,0.7079831395301077,15466993.899459746,8450021.10135339,22483966.6975661,2,15466993.899459746,9923498.097885093,7016972.798106355,14033945.59621271,0.9073479751422743,0.9073479751422743,0.6415919061189851,2.660817816651958,1.830408908325979,0.6723448495804253
170,Behavioural risks,Dietary risks,Diet low in legumes,2015,700504.498036508,362507.480900816,1038501.5151722,2.0,700504.498036508,477999.9656749471,337997.01713569206,675994.0342713841,0.9650102692647572,0.9650102692647572,0.6823653053117659,2.864772645771522,1.932386322885761,0.715072609525185,15834101.12536265,8597009.5183434,23071192.7323819,2,15834101.12536265,10234793.10278312,7237091.607019249,14474183.214038499,0.9141146124710628,0.9141146124710628,0.6463766412600015,2.6836300091508565,1.8418150045754282,0.6773589278410576
171,Behavioural risks,Dietary risks,Diet low in legumes,2016,672470.0,367303.715322816,1052634.5451049,3.0,697469.420142572,343348.67819470126,305166.284677184,685330.8297820839,1.0191247636059362,0.9825962400501991,0.4922777519400295,2.8658423565897233,1.830828200060485,0.6725302747952872,14214450.0,8707382.7290759,23304684.6091573,3,15408839.1127444,7371582.568149039,5507067.270924101,14597301.880081402,1.0269339918239118,0.9473330062878138,0.478399606499371,2.6764281913711847,1.6395066013217043,0.5741673927242712
172,Behavioural risks,Dietary risks,Diet low in legumes,2017,535000.0,368668.977011416,1067863.99337445,3.0,657177.6567952886,365258.7474540703,166331.022988584,699195.0163630339,1.3069065726411848,1.0639360744134883,0.5557990958415203,2.8965387921462757,1.9960074642513081,0.4607524786337972,11000000.0,8713380.92018235,23522951.2502373,3,14412110.723473215,7972623.033364971,2286619.079817651,14809570.330054952,1.346324575459541,1.0275781677096325,0.5531891328297834,2.6996353614877915,2.1384501136579366,0.30806995238997803
173,Behavioural risks,Dietary risks,Diet low in legumes,2019,747915.7536900186,379407.473858667,1116424.03352137,2.0,747915.7536900186,521149.407184277,368508.2798313515,737016.559662703,0.9854272436787942,0.9854272436787942,0.6968022863712439,2.942546234440413,1.9712731172202065,0.7302015875659866,16624757.078665106,8940475.61768971,24309038.5396405,2,16624757.078665106,10867215.059203545,7684281.4609753955,15368562.921950791,0.9244383451276762,0.9244383451276762,0.6536766226286498,2.718987174635587,1.8594935873177936,0.685008813739608
174,Behavioural risks,Dietary risks,Diet low in milk,1990,70174.5565434643,66000.0,77329.0903878328,4.0,70919.55086869035,4986.377077654912,3099.5565434643067,11329.090387832795,0.1614415672269457,0.15974565897644985,0.07031033074204512,1.1716528846641332,1.101953388760457,0.06545880763163756,1645585.816209985,1515000.0,1990054.51421575,4,1699056.53665893,225388.5971177148,124585.81620998494,475054.5142157499,0.2886841327484623,0.27959900330915993,0.13265514846311408,1.3135673361160065,1.2093289177705266,0.11220088177986409
175,Behavioural risks,Dietary risks,Diet low in milk,2005,101000.0,99089.1455932448,108719.918765353,3.0,102936.35478619927,5099.024452449441,1910.8544067551993,9630.773172108195,0.09535418982285342,0.09356046454249803,0.04953570060879084,1.0971930186141876,1.0764348392609207,0.02803847753278421,2461834.04560309,2177000.0,2578503.27448591,3,2405779.1066963333,206537.73744187062,116669.22888281988,401503.27448590985,0.16309112111070478,0.16689116360199113,0.08585066553574514,1.1844296162085024,1.1308378712003169,0.07023373387542124
176,Behavioural risks,Dietary risks,Diet low in milk,2006,100320.0,99662.1183452869,111144.148951582,3.0,103708.75576562296,6447.635686067918,657.8816547130991,11482.030606295099,0.11445405309305322,0.11071418725959804,0.062170601107579375,1.1152095780917954,1.1078962216066786,0.009718706262807146,2472440.64195262,2168240.0,2630505.5336749,3,2423728.7252091733,234951.0460299133,158064.89172228007,462265.53367489995,0.18696729289720132,0.19072494741960258,0.09693784769978186,1.21319850831776,1.1402984180499482,0.09474531584605303
177,Behavioural risks,Dietary risks,Diet low in milk,2007,101510.272329822,96000.0,114485.570234645,3.0,103998.61418815567,9490.677564217947,5510.2723298219935,18485.570234644998,0.18210541465776614,0.17774823615630742,0.0912577310602167,1.1925580232775521,1.1278225110328177,0.08044726317217353,2511021.26839829,2140000.0,2704223.32774629,3,2451748.19871486,286743.72440481914,193202.05934799975,564223.3277462898,0.2246987450274334,0.23013102570730568,0.11695480170236179,1.2636557606291074,1.1733744244851823,0.1140274897537505
178,Behavioural risks,Dietary risks,Diet low in milk,2010,109964.735892638,100951.0,125725.613353493,3.0,112213.78308204368,12539.498660189674,9013.735892637997,24774.613353492998,0.2252959837750279,0.22078048411735085,0.11174651023949152,1.245412262914612,1.143326652248252,0.12147854932268189,2691889.55702466,2101000.0,2952506.6893329,3,2581798.7487858534,436297.9486986779,260617.13230824005,851506.6893329001,0.3163230404868722,0.3298114114174622,0.16898991406818847,1.4052863823574013,1.2812420547475774,0.14348084566579175
179,Behavioural risks,Dietary risks,Diet low in milk,2013,118157.422480897,105000.0,136366.99037722,3.0,119841.47095270567,15751.159823095692,13157.422480897003,31366.990377220005,0.26546779473199184,0.2617373612645217,0.13143329848906596,1.2987332416878097,1.1541127718765787,0.1650281438717224,2870593.27266047,2218000.0,3173863.63871403,3,2754152.3037915,488454.39743876253,303270.3660535598,955863.6387140299,0.33298469964995564,0.34706273774262286,0.17735199203266008,1.4309574565888323,1.2942260021012038,0.15656926628091336
180,Behavioural risks,Dietary risks,Diet low in milk,2015,126000.0,124662.825333754,144370.21166167,3.0,131677.67899847467,11012.370229733606,1337.1746662460064,19707.386327916014,0.15640782799933345,0.1496638342793413,0.0836312601611179,1.1580855100560599,1.1457953306481747,0.015727721074417313,3013809.79760539,2603000.0,3343385.59083519,3,2986731.79614686,370934.7913061466,329575.7932297997,740385.5908351899,0.24566433867972032,0.247891555509052,0.12419420846045978,1.2844354939820168,1.1578216663870111,0.1620644162596605
181,Behavioural risks,Dietary risks,Diet low in milk,2016,128763.301625087,123210.0,148944.711140745,3.0,133639.33758861068,13542.54903674262,5553.301625086999,25734.711140745,0.19986060326159807,0.19256838297093012,0.10133654716571099,1.2088686887488433,1.1567326191620892,0.06391567243547193,3104287.2195731,2581500.0,3439758.98046494,3,3041848.7333460134,432522.88125476916,335471.76089183986,858258.98046494,0.27647537735988464,0.282150447212035,0.14219079223541695,1.33246522582411,1.2025129651648654,0.16015565393142878
182,Behavioural risks,Dietary risks,Diet low in milk,2017,132354.11028751,126000.0,153704.0416635,3.0,137352.71731700332,14512.685323526819,6354.110287510004,27704.041663499986,0.2093175769405203,0.20169998966646155,0.10565997970052718,1.219873346535714,1.161309167728996,0.07114846245147909,3184323.55801311,2720000.0,3537500.46285211,3,3147274.67362174,410007.5811089807,353176.9048390002,817500.4628521102,0.25672656938235183,0.2597486866029929,0.13027384757529367,1.3005516407544522,1.1707071904459962,0.16437028569357567
183,Behavioural risks,Dietary risks,Diet low in milk,2019,153473.5693023345,140490.783129388,166456.355475281,2.0,153473.5693023345,18360.43228317083,12982.786172946493,25965.572345892986,0.16918595471473158,0.16918595471473158,0.11963253586030691,1.184820468414497,1.0924102342072486,0.1253667924436161,3580085.14181897,3360873.03506172,3799297.24857622,2,3580085.14181897,310012.73441248195,219212.10675725015,438424.2135145003,0.1224619516427885,0.1224619516427885,0.08659367644395481,1.1304495019421192,1.0652247509710597,0.09074430616730628
184,Behavioural risks,Dietary risks,Diet low in nuts and seeds,1990,764133.560602033,431073.695254105,1914209.0,4.0,968387.4541145428,680587.8149833863,290463.15237294754,1483135.3047458949,1.9409372670104772,1.531551548343858,0.7028052791180471,4.440560908898956,2.505071231908548,0.5633392040490401,18417380.42470405,10465891.6450182,40525000.0,4,21956413.123606574,13567202.502731338,6484054.1774909,30059108.354981802,1.6321055254232675,1.3690354697627531,0.6179152499250652,3.8721020028226683,2.2003672110525567,0.5217554326103859
185,Behavioural risks,Dietary risks,Diet low in nuts and seeds,2005,592487.635326254,502568.577961668,1830000.0,3.0,975018.7377626407,741799.2169732151,89919.05736458593,1327431.422038332,2.240437340616198,1.3614419606789987,0.760805088398003,3.6412941044228555,3.0886720513455246,0.22491615869913736,15287399.4466762,12262828.4776908,43725000.0,3,23758409.308122333,17357579.476394147,3024570.968985401,31462171.5223092,2.05804601574336,1.324254124688102,0.7305867683010275,3.565653721696172,2.860198698445518,0.2932097242354019
186,Behavioural risks,Dietary risks,Diet low in nuts and seeds,2006,584100.568964556,501827.563446278,1879320.0,3.0,988416.0441369447,772641.3176814861,82273.00551827799,1377492.436553722,2.3583138071507515,1.3936362574491667,0.781696454913511,3.7449517262341177,3.2174596291380086,0.208745891814885,15058909.4181546,12222177.9011534,44820230.0,3,24033772.43976933,18057391.14192136,2836731.5170011986,32598052.0988466,2.1647020507041037,1.356343544507633,0.7513340316080096,3.667123025248253,2.976326422812929,0.27917268053472105
187,Behavioural risks,Dietary risks,Diet low in nuts and seeds,2007,587194.778559719,506273.442681286,1740000.0,3.0,944489.407080335,690119.4775077974,80921.33587843296,1233726.557318714,2.1010516482193844,1.3062365210981954,0.7306799550469688,3.436877887144835,2.963241608292057,0.204234479172299,15083544.7224266,12322753.875434,43300000.0,3,23568766.199286867,17143415.120652385,2760790.8469926007,30977246.124566,2.053711292313685,1.314334652167889,0.7273785558266136,3.513824948360011,2.8706780002196997,0.27125533888328646
188,Behavioural risks,Dietary risks,Diet low in nuts and seeds,2010,603727.551466924,523175.207608114,2471823.0,3.0,1199575.2530250128,1102534.7691966388,80552.34385881003,1948647.792391886,3.22769399484437,1.6244481431889408,0.9191042966386115,4.724656222340579,4.094269002622157,0.19773583847331963,15280107.3860029,12661590.3471824,51289000.0,3,26410232.577728435,21585387.631665524,2618517.0388204996,38627409.6528176,2.5279540697601135,1.4625925591201276,0.8173115313595659,4.050754967871268,3.3565863579586144,0.25396694888982135
189,Behavioural risks,Dietary risks,Diet low in nuts and seeds,2013,620701.802487502,538140.987786518,1195000.0,3.0,784614.2634246732,357793.8116001696,82560.81470098405,656859.012213482,1.0582521423025963,0.8371744471562792,0.4560123722942229,2.2206076606713703,1.9252400995308236,0.19712384738776717,15568973.3409837,12917511.0927223,27109000.0,3,18531828.144568667,7545427.144416104,2651462.2482613996,14191488.9072777,0.9115237463937383,0.7657900125432018,0.4071604315318199,2.0986240929394793,1.7412195015221963,0.25239089089962546
190,Behavioural risks,Dietary risks,Diet low in nuts and seeds,2015,624485.392132481,551258.671359803,2131000.0,3.0,1102248.0211640948,891677.3596026049,73226.72077267803,1579741.328640197,2.5296689859241157,1.4331995143632164,0.8089625406275583,3.8656988283620306,3.412409684593424,0.17377828457208577,15568631.3331203,13168737.2998565,49411000.0,3,26049456.210992265,20267243.74445174,2399894.033263799,36242262.7001435,2.327902943082907,1.3912867280834103,0.7780294367872229,3.75214410272566,3.173753616664063,0.22844930175272637
191,Behavioural risks,Dietary risks,Diet low in nuts and seeds,2016,629970.047593065,556366.938613398,2155040.0,3.0,1113792.3287354878,902497.5839846861,73603.10897966695,1598673.061386602,2.5376969389174513,1.4353421370764958,0.8102925120783611,3.8734149181669295,3.4208610524163654,0.17315078379460916,15716823.3663107,13276333.4336178,49492970.0,3,26162042.266642835,20241989.513193727,2440489.9326929003,36216636.5663822,2.3043229361483584,1.3843199318028465,0.7737159548512272,3.727909535224227,3.149044106844713,0.23012322502800206
192,Behavioural risks,Dietary risks,Diet low in nuts and seeds,2017,628876.663879002,561009.544952107,2060000.0,3.0,1083295.402943703,846531.3868316029,67867.11892689497,1498990.4550478929,2.3836000620565305,1.383731945113583,0.7814409481765294,3.6719517850197376,3.2756820507436593,0.15993449276567542,15624534.7602231,13336492.3936898,49900000.0,3,26287009.0513043,20481425.50276107,2288042.3665333,36563507.6063102,2.340134165107654,1.3909344929637786,0.7791462871560441,3.7416135012839153,3.193695093375535,0.2170227043070006
193,Behavioural risks,Dietary risks,Diet low in nuts and seeds,2019,609846.3380360485,575139.227628589,644553.448443508,2.0,609846.3380360485,49083.26624900965,34707.11040745949,69414.22081491898,0.11382247704964633,0.11382247704964633,0.08048464537325516,1.120691160471052,1.060345580235526,0.08434245549378792,14764298.32493915,13595096.546288,15933500.1035903,2,14764298.32493915,1653501.0125192017,1169201.77865115,2338403.5573023,0.15838230208017268,0.15838230208017268,0.11199319982082633,1.1720034535496386,1.0860017267748192,0.11736128584140795
194,Behavioural risks,Dietary risks,Diet low in seafood omega-3 fatty acids,1990,606077.1394889505,215503.36677639,1043085.0,4.0,617685.6614385727,349010.0360112083,248248.316611805,827581.63322361,1.3654724445166073,1.3398103353997168,0.5650285538414048,4.840226004832319,2.8123789830059898,0.6070250488723512,14666715.9691814,5041777.3667913,21740000.0,4,14028802.326288525,6982853.791635196,4345784.0308186,16698222.6332087,1.1385113523910892,1.190281411401596,0.49775124270944,4.311971437532122,2.9090368142367278,0.43912024663232296
195,Behavioural risks,Dietary risks,Diet low in seafood omega-3 fatty acids,2005,604073.090736423,266033.799710453,1279000.0,3.0,716368.963482292,515735.30324099195,338039.29102597,1012966.200289547,1.6768934352871836,1.4140285968915884,0.7199297143388045,4.8076597838020705,2.270662943557874,0.8293271741168803,15454441.8538915,6189797.70138906,28350000.0,3,16664746.518426852,11129567.355229378,9264644.15250244,22160202.29861094,1.4339050551366823,1.329765338711126,0.6678509836872097,4.580117375021471,2.4967604111558197,0.8884308319780108
196,Behavioural risks,Dietary risks,Diet low in seafood omega-3 fatty acids,2006,595546.508847669,267334.857860499,1347530.0,3.0,736803.7889027226,553778.4761543717,328211.65098717,1080195.142139501,1.8137880519685778,1.4660553574896382,0.7515955869052744,5.040607165052788,2.2626780276276897,0.8167450560731967,15243988.0759752,6205274.12309968,30245390.0,3,17231550.73302496,12142676.67487168,9038713.952875521,24040115.87690032,1.5770227421515748,1.395122020609931,0.7046769535140998,4.874142447214196,2.4566179952031626,0.8787316030030798
197,Behavioural risks,Dietary risks,Diet low in seafood omega-3 fatty acids,2007,594254.487347759,270800.839039616,1220000.0,3.0,695018.442129125,482555.4815037957,323453.64830814296,949199.160960384,1.5972940569566294,1.3657179485088191,0.6943060101046117,4.5051559084036805,2.1944337006312757,0.8066549214160943,15173586.0289006,6274079.8443333,28200000.0,3,16549221.957744634,11027500.819528999,8899506.184567299,21925920.1556667,1.4450058222166577,1.3248912977087666,0.6663455748968546,4.494682997295614,2.4184559975922624,0.8692123365174178
198,Behavioural risks,Dietary risks,Diet low in seafood omega-3 fatty acids,2010,597192.611859352,285928.260865573,1389896.0,3.0,757672.2909083084,569211.2857306474,311264.35099377896,1103967.739134427,1.8485957749832784,1.457051752296464,0.7512631682072849,4.860995537105893,2.3273831129165776,0.7724371651828509,15083959.6448092,6554374.2368663,28199000.0,3,16612444.627225166,10902965.46186546,8529585.407942899,21644625.7631337,1.4349432292854354,1.3029163526999263,0.6563131258837863,4.302317655496305,2.30135770398441,0.8380323119547348
199,Behavioural risks,Dietary risks,Diet low in seafood omega-3 fatty acids,2013,607289.556933921,300911.878964994,1031000.0,3.0,646400.4786329716,366612.0759961657,306377.67796892696,730088.121035006,1.2022076004749194,1.1294671727023156,0.5671593510751858,3.4262522421719996,2.0181641184214225,0.747669235483585,15190755.7006779,6801476.55286019,22448000.0,3,14813410.751179362,7830084.029156903,7257244.2993221,15646523.44713981,1.030002967294219,1.0562404371251315,0.5285807678379211,3.3004598083279517,2.2334496903161134,0.7080119161626298
200,Behavioural risks,Dietary risks,Diet low in seafood omega-3 fatty acids,2015,609394.295088015,313039.931520869,1472000.0,3.0,798144.7422029614,602093.9781685722,296354.363567146,1158960.068479131,1.9018229704820948,1.45206753511936,0.7543669040614501,4.702275498363595,2.415513259419993,0.7207109917940353,15153770.1061067,7013228.93233422,31310000.0,3,17825666.346146975,12366791.953323878,8140541.17377248,24296771.067665778,1.6033482689482408,1.3630217572717855,0.6937632351677538,4.464420069854908,2.1607408302673297,0.7961241285209365
201,Behavioural risks,Dietary risks,Diet low in seafood omega-3 fatty acids,2016,613076.151031551,319188.160649138,1538760.0,3.0,823674.7705602297,636476.7880645375,293887.990382413,1219571.839350862,1.9892664839414032,1.4806473172917016,0.7727282791867379,4.820855500625711,2.5099002748857706,0.7104207218204474,15256141.4134018,7122265.03917646,33347839.999999996,3,18575415.48419275,13424171.511650633,8133876.374225339,26225574.960823536,1.719017558252679,1.4118432496511797,0.7226848585472714,4.682195876812803,2.1858633252249153,0.7901345733471458
202,Behavioural risks,Dietary risks,Diet low in seafood omega-3 fatty acids,2017,609920.978951976,325276.558020079,1440000.0,3.0,791732.5123240184,579174.9850219798,284644.42093189707,1114723.441979921,1.8276522376642041,1.4079546117258828,0.7315286109975373,4.427002083289108,2.3609615830469455,0.6916355501427777,15130754.6568848,7217117.35958081,32400000.0,3,18249290.672155205,12877823.755556896,7913637.29730399,25182882.64041919,1.6643507354050227,1.3799376147174458,0.7056616055332988,4.48932702431236,2.1413340401535983,0.7751107423626111
203,Behavioural risks,Dietary risks,Diet low in seafood omega-3 fatty acids,2019,478234.3161595055,337279.714963052,619188.917355959,2.0,478234.3161595055,199339.90869091536,140954.60119645347,281909.20239290694,0.5894792424282698,0.5894792424282698,0.41682476968973825,1.8358320701966593,1.4179160350983298,0.43680411863934787,11349308.686046481,7409654.91259736,15288962.4594956,2,11349308.686046481,5571511.797466085,3939653.77344912,7879307.54689824,0.6942544048154697,0.6942544048154697,0.490911997513649,2.063383874126501,1.5316919370632507,0.514442513968263
204,Behavioural risks,Dietary risks,Diet low in vegetables,1990,1033538.7264939744,466446.926107518,1454057.0,4.0,996895.3447738667,494811.9009264555,383989.77350602555,987610.073892482,0.9555617497205023,0.9906858117754668,0.4963529055687359,3.1173042818269825,2.2157691875446925,0.5506062131472995,24519594.57154175,11852553.522547,31558000.0,4,23112435.666407626,9892084.397039762,6900905.428458251,19705446.477453,0.8036611869726342,0.8525906469517422,0.4279983529134163,2.6625486178963476,2.0687183166815792,0.4171007728180419
205,Behavioural risks,Dietary risks,Diet low in vegetables,2005,673881.922892974,447856.508040657,1842000.0,3.0,987912.8103112103,748244.9917858866,226025.41485231702,1394143.491959343,2.068824588696915,1.4112009454763146,0.757399827167112,4.112924490164562,2.7334165488403324,0.49707471506745515,16805733.5459642,11176480.8804354,42617000.0,3,23533071.475466534,16765123.54085759,5629252.6655288,31440519.1195646,1.870820992941118,1.336014261986229,0.71240694434364,3.813096488591656,2.5358607455866884,0.49641108657926436
206,Behavioural risks,Dietary risks,Diet low in vegetables,2006,672467.797443018,449660.283190401,1473570.0,3.0,865232.6935444729,538485.3813438503,222807.51425261697,1023909.716809599,1.522615240020264,1.1833923110499869,0.622359031693446,3.2770739491262604,2.1912870855721,0.4910283248921791,16739086.5929393,11232801.6849354,35185990.0,3,21052626.0926249,12545667.573937535,5506284.9080039,23953188.3150646,1.4309734394449143,1.1377767414705484,0.5959193650588085,3.1324322272322176,2.1020256872822305,0.4875005687050974
207,Behavioural risks,Dietary risks,Diet low in vegetables,2007,677472.061118824,452471.269594389,1390000.0,3.0,839981.1102377377,489435.3107083094,225000.79152443493,937528.730405611,1.3838633121745443,1.1161307307735344,0.5826741872442653,3.0720182548740484,2.051745126883105,0.49219915060191316,16786343.3010393,11320772.1053094,33600000.0,3,20569038.4687829,11611312.843298255,5465571.1957299,22279227.8946906,1.3272234157936718,1.0831438683195234,0.5645044060236672,2.967995441251019,2.0016271201792772,0.48253371010053236
208,Behavioural risks,Dietary risks,Diet low in vegetables,2010,704117.742918902,463636.456548436,1797254.0,3.0,988336.0664891126,710787.5770159758,240481.28637046594,1333617.543451564,1.8940263284988201,1.349356346155617,0.7191759980397374,3.8764294192474513,2.5524907134842674,0.5061557814515673,17218039.7273742,11631898.6405947,38559000.0,3,22469646.1226563,14210971.965462025,5586141.086779499,26927101.3594053,1.563888908712128,1.1983767440046382,0.6324519704443856,3.314936038509755,2.239453538877411,0.4808132180950507
209,Behavioural risks,Dietary risks,Diet low in vegetables,2013,741182.054043864,479911.441544384,1782000.0,3.0,1001031.1651960827,688839.4761772909,261270.61249948002,1302088.558455616,1.7567729161161758,1.300747273138656,0.6881299005734357,3.713185070698495,2.4042676023757843,0.52241287496326,17909147.0621818,11965940.1984248,39176000.0,3,23017029.086868867,14306106.482370233,5943206.863757001,27210059.8015752,1.51933867688394,1.1821708048802197,0.6215444412212093,3.2739592000599456,2.187485527031422,0.49180636808143186
210,Behavioural risks,Dietary risks,Diet low in vegetables,2015,774215.614002792,493268.248018386,1994000.0,3.0,1087161.2873403926,797809.6224645289,280947.36598440603,1500731.751981614,1.9383899327767908,1.3804131635821681,0.7338466074489027,4.042425207806353,2.575509927642468,0.5377881676090663,18586024.8477,12237216.4659663,44632000.0,3,25151747.10455543,17166450.75779645,6348808.381733701,32394783.5340337,1.7429646091344013,1.28797349143855,0.6825152418412834,3.6472346570095326,2.401374170417251,0.5062370301788168
211,Behavioural risks,Dietary risks,Diet low in vegetables,2016,791802.363973852,501312.431969225,1519650.0,3.0,937588.2653143589,524588.407599669,290489.932004627,1018337.5680307751,1.28610069174333,1.086124480972831,0.5595082905861483,3.031343136715368,1.9192289252248103,0.5437039579804462,19001306.1857606,12425975.7812274,35489090.0,3,22305457.32232933,11881282.355747802,6575330.404533198,23063114.218772598,1.2137646745598931,1.0339673329936525,0.5326625759810718,2.856040493303979,1.8677184427771178,0.5128405155020733
212,Behavioural risks,Dietary risks,Diet low in vegetables,2017,807205.509372488,508659.450203243,1460000.0,3.0,925288.3198585771,486538.66549444885,298546.059169245,951340.549796757,1.178560526099875,1.0281557968246717,0.5258238486883876,2.870289737891695,1.8087091614810542,0.5481197223650923,19307325.2373888,12561924.4287811,34200000.0,3,22023083.22205663,11071724.557624722,6745400.808607701,21638075.5712189,1.1207184478001428,0.982517995007523,0.5027327212084515,2.7225127960205753,1.7713484172199787,0.5177663853198033
213,Behavioural risks,Dietary risks,Diet low in vegetables,2019,685232.2838130966,529381.294473023,841083.27315317,2.0,685232.2838130966,220406.58283399654,155850.9893400735,311701.978680147,0.4548851331779437,0.4548851331779437,0.3216523623310697,1.5888042927365487,1.2944021463682744,0.3370698836848563,16505190.81972895,12953238.48279,20057143.1566679,2,16505190.81972895,5023219.167801871,3551952.3369389493,7103904.673877899,0.43040427411396387,0.43040427411396387,0.3043417808776574,1.5484269191304032,1.2742134595652017,0.3189295671184472
214,Behavioural risks,Dietary risks,Diet low in whole grains,1990,1204248.8842909848,991499.03151275,1396000.0,4.0,1198999.20002368,166608.89831923554,108889.11570901517,404500.96848725004,0.33589482520085917,0.3373655032290774,0.13895663843307404,1.407969100958268,1.214573939072475,0.13400358645610957,28701915.88392835,26040480.460582,34807000.0,4,29562828.057109676,3758388.6489339285,1681759.7697090022,8766519.539418,0.3054332531274268,0.29653859645913366,0.12713224329125236,1.336649684812385,1.2127065015715621,0.08683629304705556
215,Behavioural risks,Dietary risks,Diet low in whole grains,2005,1485084.86274045,1264161.79398584,2879000.0,3.0,1876082.2189087633,875548.2895298897,220923.06875461014,1614838.20601416,1.0873709957788367,0.8607502324463383,0.4666897221802777,2.2773983628493113,1.9386097537128866,0.2204641607417378,35451330.913303,33449817.4938329,74523000.0,3,47808049.469045304,23157459.929698624,2001513.4194701016,41073182.5061671,1.1585794227757613,0.8591269244891723,0.4843841191365188,2.2279045323263635,2.102121361317791,0.08367084708071192
216,Behavioural risks,Dietary risks,Diet low in whole grains,2006,1484696.38563024,1252049.42966212,2253170.0,3.0,1663305.27176412,523914.5443131918,232646.9559681199,1001120.5703378799,0.6742931282296571,0.6018862486235496,0.31498399795097276,1.799585500875987,1.5175964741394248,0.23222444136172432,35409200.6812238,33179471.4859728,57301210.0,3,41963294.0557322,13329728.887194483,2229729.195251003,24121738.5140272,0.6812279873580448,0.57482948030702,0.31765210971023944,1.727007918864081,1.6182576533105624,0.09332203505836886
217,Behavioural risks,Dietary risks,Diet low in whole grains,2007,1498941.57527014,1261806.0601985,2630000.0,3.0,1796915.8784895467,731149.9013620297,237135.51507164002,1368193.9398015,0.9127733611331204,0.7614123488916897,0.40689155798245846,2.0843139710283713,1.754571387831457,0.23445532443306522,35719864.335923,33392237.1242867,71500000.0,3,46870700.486736566,21361326.222746942,2327627.211636301,38107762.8757133,1.0668507169381611,0.8130401824589119,0.45575009549498313,2.141216227408643,2.0016873336244276,0.09657213407095272
218,Behavioural risks,Dietary risks,Diet low in whole grains,2010,1569687.18073566,1316441.16395284,1725812.0,3.0,1537313.4482295,206596.6221136564,156124.81926433998,409370.83604716,0.2607977188520464,0.2662897644710166,0.13438809265058502,1.3109678178232849,1.192371694016621,0.14740324377326774,37182432.8913814,34609998.2892171,40762000.0,3,37518143.72686616,3089709.9517859826,2572434.6021642983,6152001.7107829,0.1654545233431696,0.16397404294758716,0.08235242058560294,1.1777521529869472,1.0962703844332984,0.10253089386442928
219,Behavioural risks,Dietary risks,Diet low in whole grains,2013,1639467.49387209,1374748.44065192,2049000.0,3.0,1687738.6448413366,339707.7704921559,264719.0532201701,674251.5593480801,0.41126253607848884,0.39949998265961734,0.2012798436123335,1.4904545001908445,1.249796051253616,0.23929333051046153,38535693.3200562,36025744.832141,51411000.0,3,41990812.71739907,8254084.242510143,2509948.487915203,15385255.167859003,0.39924687587887847,0.3663957464077388,0.196568813708386,1.427062791888005,1.3341137934903262,0.09652722809983443
220,Behavioural risks,Dietary risks,Diet low in whole grains,2015,1702413.40397041,1413831.18217014,3142000.0,3.0,2086081.528713517,925766.0547826232,288582.22180027,1728168.81782986,1.015128765903383,0.8284282249004998,0.4437822980741992,2.2223303882555707,1.845615167662655,0.2512191525927587,39837120.7848415,36976153.3569167,79813000.0,3,52208758.04725274,23948735.123076353,2860967.427924797,42836846.6430833,1.0752997656242071,0.8204915850385259,0.4587110672389678,2.158499269234297,2.0034831440521623,0.1064322331697702
221,Behavioural risks,Dietary risks,Diet low in whole grains,2016,1730298.98353584,1436777.28940608,2498690.0,3.0,1888588.7576473067,548367.0218671307,293521.6941297599,1061912.71059392,0.6137163118618479,0.5622784241905521,0.2903580886239385,1.739093468712108,1.4440799097586965,0.2514011479168704,40407722.6084546,37581222.2637872,62596110.0,3,46861684.957413934,13699502.71415612,2826500.3446673974,25014887.736212797,0.6190620535238696,0.5338025672560718,0.2923390980628565,1.665621984315205,1.549112544810998,0.10366517191247585
222,Behavioural risks,Dietary risks,Diet low in whole grains,2017,1758037.0030606,1449879.61489467,3070000.0,3.0,2092638.8726517567,860329.1950810943,308157.38816593005,1620120.38510533,0.9215507877734267,0.7741996988961315,0.41112167336875455,2.1174171761998513,1.7462658605338675,0.25977226216902677,40911905.4611811,37893162.9024695,82500000.0,3,53768356.12121686,24928070.957092863,3018742.558711596,44606837.0975305,1.0903143374696957,0.8296113237490024,0.46361973389877,2.1771737611964683,2.0165279292180465,0.1093514570289445
223,Behavioural risks,Dietary risks,Diet low in whole grains,2019,1674577.82428119,1504319.50454033,1844836.14402205,2.0,1674577.82428119,240781.6248843791,170258.31974086002,340516.63948172005,0.20334476818232458,0.20334476818232458,0.1437864645005282,1.2263592531067864,1.113179626553393,0.15067847322310252,40910546.4084313,39247386.4663789,42573706.3504837,2,40910546.4084313,2352063.3464461574,1663159.9420524016,3326319.884104803,0.08130714879474889,0.08130714879474889,0.05749283627171057,1.0847526468279431,1.0423763234139716,0.06024859725690892
224,Behavioural risks,Dietary risks,Dietary risks,1990,5415548.72308529,4788380.22945057,8068000.0,3.0,6090642.98417862,1740916.6137025447,627168.4936347194,3279619.7705494296,0.6055932534720136,0.5384685621975783,0.28583461848360553,1.6849121442734176,1.4897843990596733,0.17162872223908823,132041973.527397,121052104.526195,177408000.0,3,143500692.68453068,29874293.66872388,10989869.001202002,56355895.473804995,0.4268028867510972,0.3927221145733197,0.20818222623077498,1.465550728707983,1.3435727690270407,0.12334703446705171
225,Behavioural risks,Dietary risks,Dietary risks,2005,6543863.45301877,5813673.71032368,10738000.0,3.0,7698512.387780816,2657472.1021507797,730189.7426950894,4924326.28967632,0.7525105505379492,0.6396464721537992,0.3451929370625883,1.847024882206909,1.6409266600828019,0.16536732565452855,158937543.827234,145915519.781676,242781000.0,3,182544687.86963665,52570935.42881553,13022024.045558006,96865480.218324,0.6094562548645984,0.5306398194808056,0.28798940162180336,1.66384631575351,1.5275245492902816,0.12142278766113747
226,Behavioural risks,Dietary risks,Dietary risks,2006,6527832.97712088,5762375.25101515,9263920.0,3.0,7184709.409378677,1840874.4913023384,765457.72610573,3501544.74898485,0.5364023193083007,0.487360664081146,0.2562211477752076,1.607656495187117,1.4191417017666832,0.17378023519667715,158575171.753586,144892522.983789,210958840.0,3,171475511.57912502,34871243.693513624,13682648.769796997,66066317.016211,0.4166245969379944,0.3852813524672041,0.20335990470232695,1.4559677453032045,1.3303396595263621,0.12787427724403896
227,Behavioural risks,Dietary risks,Dietary risks,2007,6571465.5239634,5806230.76426873,9160000.0,3.0,7179232.096077376,1757548.626999764,765234.7596946703,3353769.23573127,0.5103533182212505,0.4671487410977727,0.2448101138783439,1.5776155602306074,1.3939052052540322,0.17257610341741747,159655777.274257,145755296.164482,219000000.0,3,174803691.14624634,38901042.80084393,13900481.109775007,73244703.835518,0.45876638531970004,0.41901119681871674,0.22254131217571418,1.502518301310045,1.3717010667506342,0.12903080211935555
228,Behavioural risks,Dietary risks,Dietary risks,2010,6463485.47515681,6077742.31302532,6849228.6372883,2.0,6463485.47515681,545523.2114790371,385743.1621314902,771486.3242629804,0.1193607268444064,0.1193607268444064,0.08440077935903495,1.12693633335023,1.0634681666751151,0.08844629859170514,158407222.9557995,151230374.014805,165584071.896794,2,158407222.9557995,10149597.107457409,7176848.940994501,14353697.881989002,0.09061264766944452,0.09061264766944452,0.06407281762833163,1.0949127976142135,1.0474563988071068,0.06714397192305839
229,Behavioural risks,Dietary risks,Dietary risks,2013,7109074.10359352,6349871.21335397,11274000.0,3.0,8244315.105649163,2651101.6910767974,759202.8902395498,4924128.78664603,0.6926540242641392,0.5972756649332729,0.3215672444713099,1.7754690797965222,1.585860526380106,0.1582679638641372,170863798.786212,157271783.634626,241351000.0,3,189828860.806946,45134065.17522611,13592015.151585996,84079216.365374,0.49208326727287327,0.4429211449089488,0.2377618713159059,1.5346109417866522,1.41253443804081,0.11789136492191776
230,Behavioural risks,Dietary risks,Dietary risks,2015,7348201.06323171,6549436.79054636,12058000.0,3.0,8651879.28459269,2976701.1668581613,798764.2726853499,5508563.20945364,0.7496478610277704,0.6366897905364117,0.3440525542420692,1.8410743374765985,1.640945844600629,0.16109638834502327,175925745.626665,161799471.95997,264411000.0,3,200712072.52887833,55615222.04086759,14126273.666694999,102611528.04003,0.5832661255719993,0.5112374494825981,0.27708957084714325,1.634189511232871,1.5029693298052638,0.11899985132630217
231,Behavioural risks,Dietary risks,Dietary risks,2016,7475013.67414628,6677912.8611205,10301540.0,3.0,8151488.845088926,1904174.9927678443,797100.81302578,3623627.1388795003,0.48476528563586263,0.44453561892103277,0.23359842955744992,1.5426286946594696,1.378129920434766,0.15803361122802528,178667561.513543,164981472.828099,229065540.0,3,190904858.11388066,33749155.35812201,13686088.685443997,64084067.17190099,0.35867768401284983,0.3356858898460973,0.17678520961467412,1.3884319013121722,1.282076825023645,0.11352247302200164
232,Behavioural risks,Dietary risks,Dietary risks,2017,7593120.5259556,6766557.13313484,10900000.0,3.0,8419892.553030146,2187236.034810677,826563.3928207597,4133442.86686516,0.5443668189824977,0.49091396841847096,0.25977006488325505,1.610863513828073,1.4355099412343684,0.16132589282272758,180922784.996791,166927990.301063,255000000.0,3,200950258.432618,47328580.078737624,13994794.695728004,88072009.698937,0.4867933560745216,0.43827766326794265,0.23552385773421483,1.5276048045633013,1.4094410496971008,0.1146361180513376
233,Behavioural risks,Dietary risks,Dietary risks,2019,7481307.622488584,7019569.17875977,7943046.0662174,2.0,7481307.622488584,652996.7693903365,461738.4437288153,923476.8874576306,0.123437898032917,0.123437898032917,0.08728377475448916,1.1315574879227548,1.0657787439613773,0.0914674824423915,180338322.205371,172981032.688211,187695611.722531,2,180338322.205371,10404778.61747307,7357289.517159998,14714579.034319997,0.08159429928355935,0.08159429928355935,0.057695882329569466,1.0850646964331763,1.042532348216588,0.060461375769117476
234,Behavioural risks,Drug use,Drug use,1990,164705.1823280105,68577.0,235888.01865088,4.0,158468.84582672524,73691.50551464176,51944.00932544,167311.01865088,1.0158212163457006,1.0557975466914364,0.4650220371720151,3.4397541253026525,2.4017554329878896,0.46738676180203187,14834769.4035089,14481000.0,16696007.2210103,4,15211636.507007025,1040407.8971559941,345000.0,2215007.2210102994,0.14931187406838822,0.14561268407840192,0.06839552711351897,1.1529595484434982,1.1254645601070925,0.034465652016071345
235,Behavioural risks,Drug use,Drug use,2005,407000.0,364771.219034125,416768.619794194,3.0,396179.94627610635,27635.802745564783,9768.619794194004,51997.400760069024,0.12775774142523103,0.1312469276873265,0.06975568300548154,1.1425479808899193,1.115767853279906,0.03557025684274082,24036000.0,23123133.8518773,27375694.0724414,3,24844942.64143957,2238717.9936819784,912866.1481227018,4252560.220564101,0.17692462225678568,0.1711640184457958,0.09010759356505653,1.183909337194744,1.1389455014329088,0.056285057060985355
236,Behavioural risks,Drug use,Drug use,2006,405490.0,368434.188321474,417386.331126178,3.0,397103.50648255064,25530.92294515999,11896.331126177975,48952.142804703966,0.12072342796296817,0.12327300566623176,0.06429286704443105,1.1328653647147187,1.1005764743151178,0.043479155414426394,27445192.493112,23269371.0115218,29405940.0,3,26706834.5015446,3134206.2999061914,1960747.5068879984,6136568.988478199,0.22359358528887385,0.22977522806468464,0.1173559636850606,1.2637187307486604,1.179455709375322,0.10587747948706491
237,Behavioural risks,Drug use,Drug use,2007,419032.570400148,372830.946297968,459000.0,3.0,416954.50556603866,43122.09664507269,39967.42959985201,86169.05370203202,0.20563808111561913,0.2066629633490896,0.10342158693436368,1.231120980051815,1.1239211083761687,0.14135352440603446,27436728.166842,23361271.402929,34900000.0,3,28565999.85659033,5851666.883988383,4075456.763912998,11538728.597071,0.42055774751655167,0.40393225005246763,0.2048472629477512,1.4939255401837543,1.27201755937421,0.22013655882695046
238,Behavioural risks,Drug use,Drug use,2010,381055.544933535,157805.0,420751.776713235,3.0,319870.77388225665,141749.54674501772,39696.23177970003,262946.776713235,0.690048419998977,0.8220406432318347,0.44314629006148354,2.666276586377079,2.4147241528058996,0.15438645698693806,23810000.0,23411416.7977851,27218668.9960167,3,24813361.931267265,2092568.6844335895,398583.2022149004,3807252.1982316,0.15990139429784125,0.15343556462754407,0.08433233232280178,1.1626237417033127,1.1431612346080093,0.024808916660331054
239,Behavioural risks,Drug use,Drug use,2013,429000.0,393433.230426503,429021.666986594,3.0,417151.63247103227,20540.74156460829,21.666986593976617,35588.43656009098,0.08295672857830065,0.08531295047146269,0.049240467891575795,1.090456102351881,1.0904010307795828,7.484959005191922e-05,27668353.0734562,24001655.0669172,28578000.0,3,26749336.046791136,2422638.53228528,909646.9265437983,4576344.9330828,0.16539997595567565,0.1710825616410685,0.09056817440431016,1.1906678902068977,1.1527685485153485,0.04872341846870581
240,Behavioural risks,Drug use,Drug use,2015,452151.184173476,413769.548791496,489000.0,3.0,451640.24432165734,37617.82811258388,36848.81582652399,75230.45120850398,0.16638339971623395,0.1665716289776094,0.08329157683696702,1.1818172734756118,1.0927608991383777,0.1207780648738862,27831000.0,24994421.0325931,28755690.1122947,3,27193703.7149626,1959948.006624585,924690.1122947,3761269.0797015987,0.13514674570448776,0.13831396852470898,0.07207359568112734,1.1504843450783215,1.1134884846385502,0.049239723560804326
241,Behavioural risks,Drug use,Drug use,2016,451820.0,426287.224143657,465395.535339574,3.0,447834.253161077,19856.4758843849,13575.53533957398,39108.31119591696,0.08655728209445568,0.0873276461545037,0.04433889490191124,1.0917416919413414,1.059895709770881,0.044528669322404145,29572281.1687187,25676607.7530685,31836260.0,3,29028382.973929066,3115637.637066229,2263978.8312813006,6159652.246931501,0.20829141356356123,0.21219412229966786,0.1073307335053572,1.239893536800841,1.151720720007675,0.11345816066120751
242,Behavioural risks,Drug use,Drug use,2017,472655.737032289,435867.667452013,585000.0,3.0,497841.1348281007,77690.67736479582,36788.06958027597,149132.332547987,0.3155199881511206,0.29955807609084134,0.156055158824153,1.3421504820942145,1.237687293659225,0.11534805323698952,30096128.9594652,26256265.4958864,41700000.0,3,32684131.485117197,8040556.676186862,3839863.463578798,15443734.5041136,0.5131468743011404,0.4725147587643852,0.2460079650532599,1.5881923499948303,1.385560251159324,0.18908337549617213
243,Behavioural risks,Drug use,Drug use,2019,473117.60573203396,451743.515875282,494491.695588786,2.0,473117.60573203396,30227.52775879985,21374.08985675199,42748.17971350398,0.09035423580858212,0.09035423580858212,0.06389009284917675,1.0946293155545943,1.0473146577772972,0.06695248873415935,29028826.7996587,27130626.9340356,30927026.6652818,2,29028826.7996587,2684459.9940589755,1898199.8656230997,3796399.7312461995,0.13078033629973757,0.13078033629973757,0.09247566264340168,1.139930409292665,1.0699652046463326,0.09690822919810554
244,Behavioural risks,High alcohol use,High alcohol use,1990,1808436.111520405,1264202.99826252,1988502.0,4.0,1717394.3053258325,342678.923025796,174314.88847959507,724299.00173748,0.4005112467747289,0.4217429855749187,0.19953421410744768,1.5729293497428287,1.4304950344255325,0.1428497601220595,71918442.8842091,54598714.4071721,106029000.0,4,76116150.04389757,21808358.330987673,10715142.79641395,51430285.5928279,0.715119565027739,0.6756816465778566,0.2865142064911375,1.9419688018528145,1.4742949895440582,0.22080346830996478
245,Behavioural risks,High alcohol use,High alcohol use,2005,2184611.08882084,1681185.1298984,2228000.0,3.0,2031265.4062397468,303953.613756694,43388.91117915977,546814.8701016,0.2503030735767011,0.2691991250487827,0.14963756721450258,1.325255595220882,1.2994470686002701,0.02943423966698917,86048000.0,71529420.6763013,88210604.7930906,3,81929341.82313062,9071272.499929402,2162604.793090597,16681184.116789296,0.19385905676819096,0.20360451757077092,0.11072068074844907,1.233207314683537,1.2029735343363253,0.03724642412793167
246,Behavioural risks,High alcohol use,High alcohol use,2006,2171665.71943257,1662337.09246075,2605720.0,3.0,2146574.2706311066,472191.7122965201,434054.28056742996,943382.9075392501,0.43440521213630645,0.4394830034284765,0.21997455143152012,1.567503974866352,1.3063931071993726,0.29620969656831414,87694724.9379901,70889816.8898446,96193700.0,3,84926080.60927823,12877137.441111797,8498975.0620099,25303883.110155404,0.28854509924112376,0.2979518532895881,0.1516275960073561,1.356946656379082,1.2370567281088987,0.14362871941048994
247,Behavioural risks,High alcohol use,High alcohol use,2007,2184676.31278692,1668354.60422833,2560000.0,3.0,2137676.9723384166,447676.8716967073,375323.68721308,891645.3957716699,0.40813615754098925,0.41710951060874935,0.20942213322670128,1.5344459706059228,1.309479595794568,0.2546050878082807,87951205.3769189,70920249.4753101,102000000.0,3,86957151.61740966,15563702.333533514,14048794.623081103,31079750.524689898,0.3533749241013379,0.35741454206588147,0.17898128036679517,1.4382352114470478,1.240142357473487,0.2367257337995516
248,Behavioural risks,High alcohol use,High alcohol use,2010,2249855.03429969,1709449.10336542,2735511.0,3.0,2231605.04588837,513274.3423249384,485655.9657003102,1026061.8966345801,0.45605689299620206,0.4597865103975509,0.23000232199269438,1.6002295678850897,1.316128704780016,0.31990600736277797,89245339.2813139,71371665.9621713,136063000.0,3,98893335.08116174,33407409.988113336,17873673.319142595,64691334.0378287,0.7248707278025185,0.6541526179164302,0.33781255289545936,1.9064007847612336,1.5245950219440618,0.29680859608223287
249,Behavioural risks,High alcohol use,High alcohol use,2013,2258003.14909091,1692670.03849303,2786000.0,3.0,2245557.7291946467,546771.2204748015,527996.8509090901,1093329.96150697,0.48420214203295214,0.4868857065184804,0.24349016432140316,1.6459203132586624,1.3339889628466461,0.3465412939580305,88355213.3053648,70013687.8918488,99278000.0,3,85882300.3990712,14788051.408904629,10922786.694635198,29264312.108151197,0.33121205884038435,0.340749048082877,0.17218974503697107,1.417979869212949,1.2619705655535305,0.18321012734702408
250,Behavioural risks,High alcohol use,High alcohol use,2015,2304268.49380596,1716889.15857378,2306000.0,3.0,2109052.550793247,339624.5635642898,1731.5061940401793,589110.84142622,0.25566067626658634,0.27932487561993014,0.1610318166024606,1.3431268923123694,1.3421183786378592,0.0011136255112914953,84990000.0,70332852.7836742,89347454.2608347,3,81556769.0148363,9961379.100401945,4357454.260834694,19014601.4771605,0.2237275147330333,0.23314559547720046,0.12214043323111333,1.2703516312020577,1.208396881915304,0.07598243575193571
251,Behavioural risks,High alcohol use,High alcohol use,2016,2332373.89186866,1736174.33166162,2814640.0,3.0,2294396.0745100933,540234.9353796251,482266.1081313398,1078465.66833838,0.46238970179619476,0.47004337233651233,0.2354584465086211,1.6211736049030432,1.3433984418122589,0.3064338761218188,89990960.3923466,70748739.8846564,99204890.0,3,86648196.759001,14519596.11621673,9213929.607653394,28456150.1153436,0.3162112060064612,0.328410182551059,0.1675695128036053,1.40221423253243,1.2719796923459177,0.15173794811177102
252,Behavioural risks,High alcohol use,High alcohol use,2017,2355671.41613008,1742433.35372898,2840000.0,3.0,2312701.5899530197,550043.5802942516,484328.5838699201,1097566.64627102,0.4659251875094334,0.4745820433726238,0.23783595025133578,1.629904520550022,1.3519434824228482,0.30470079841372333,90627723.2612925,70741633.5687558,108000000.0,3,89789785.61001611,18643311.720608715,17372276.738707498,37258366.431244195,0.4111144481013064,0.41495105682809424,0.2076328793297513,1.5266823022263365,1.2811087147600124,0.2840821020355547
253,Behavioural risks,High alcohol use,High alcohol use,2019,2111644.41009695,1781315.42793449,2441973.39225941,2.0,2111644.41009695,467155.7266190512,330328.9821624601,660657.9643249202,0.3128642119695655,0.3128642119695655,0.22122840587426512,1.3708820762255345,1.1854410381127671,0.23183238106944803,82273509.63813585,71550784.0536228,92996235.2226489,2,82273509.63813585,15164223.947223334,10722725.584513053,21445451.169026107,0.2606604636577409,0.2606604636577409,0.18431478143961824,1.2997234964323254,1.1498617482161628,0.193149403570386
254,Behavioural risks,Intimate partner violence,Intimate partner violence,1990,47769.9730544422,41555.8902713857,106000.0,3.0,65108.6211086093,35549.01344535632,6214.082783056496,64444.1097286143,1.3490505773400587,0.9897938035135698,0.545995489384672,2.550781593361479,2.2189671298159315,0.19278366923075632,5178493.72647536,4599639.64438814,9009000.0,3,6262377.790287834,2396188.2614373956,578854.0820872197,4409360.35561186,0.8514754653595002,0.7041032181817947,0.3826323389741169,1.9586316965050874,1.7396950688461679,0.1656585476327585
255,Behavioural risks,Intimate partner violence,Intimate partner violence,2005,184473.16160967,120885.96504339,237000.0,3.0,180786.37555102,58144.7467279539,52526.83839033,116114.03495661,0.6294359241389147,0.6422720440227051,0.32162128672989954,1.9605253588779543,1.5260097526082241,0.4219842811562051,12890865.694003,9306396.81113016,15431000.0,3,12542754.16837772,3077105.341223066,2540134.305996999,6124603.1888698395,0.4751118609294863,0.4882981127311687,0.24532931921610476,1.6581068176187164,1.3851618360594649,0.2920268607901824
256,Behavioural risks,Intimate partner violence,Intimate partner violence,2006,140450.0,114473.021948538,177368.22919356,3.0,144097.08371403266,31605.817317567326,25976.978051462007,62895.207245022,0.4478120843362193,0.4364780023573583,0.21933696715396778,1.549432575242898,1.2628567404311855,0.2741038196672602,8994981.88039234,8702760.0,12557050.9319458,3,10084930.937446047,2145898.7294951985,292221.8803923391,3854290.931945801,0.428493462599136,0.3821831756561219,0.21278268961935357,1.4428814458799049,1.3960062509206626,0.048146047707497655
257,Behavioural risks,Intimate partner violence,Intimate partner violence,2007,151000.0,106930.5635336,166872.962494096,3.0,141601.17534256532,31056.82255142531,15872.962494095991,59942.39896049599,0.39696952953970854,0.42331851282647726,0.21932602237440346,1.560573113800721,1.412131340283757,0.1557862941473527,10300000.0,8602567.36024391,12026270.5395943,3,10309612.633279404,1711871.831391712,1697432.639756089,3423703.179350389,0.33239836692722224,0.3320884402871437,0.16604618352641048,1.3979862099276041,1.1973169832532369,0.24423254098238098
258,Behavioural risks,Intimate partner violence,Intimate partner violence,2010,135964.409951386,90700.6187676228,186365.0,3.0,137676.67623966958,47855.17057774318,45263.79118376321,95664.3812323772,0.7035986937065511,0.6948481314717624,0.34759097826008084,2.0547268864556667,1.4990461123504588,0.4933713061993343,10498092.8543525,7767367.52452082,16794000.0,3,11686486.792957773,4629172.018496306,2730725.3298316803,9026632.47547918,0.8598354578028662,0.7723991508653045,0.39611322893770134,2.162122488344086,1.5997191330839888,0.38549239323337614
259,Behavioural risks,Intimate partner violence,Intimate partner violence,2013,109340.932806882,76109.7141479212,197000.0,3.0,127483.5489849344,62453.8325059994,33231.2186589608,120890.2858520788,1.1056269847779263,0.9482814591737262,0.48989719068285426,2.588368675477159,1.8017040365655328,0.45041380925076724,9349096.47234647,7111749.84830133,14454000.0,3,10304948.773549266,3763296.3660620456,2237346.62404514,7342250.15169867,0.7853432867460706,0.7124974915493759,0.3651931172837726,2.0324111939134637,1.546031752132758,0.3546596942969291
260,Behavioural risks,Intimate partner violence,Intimate partner violence,2015,100169.982385628,70689.4218146902,186000.0,3.0,118953.13473343941,59906.07205825157,29480.5605709378,115310.5781853098,1.1511490312676158,0.9693782214626612,0.5036107051108349,2.6312281982952466,1.8568436927936065,0.4361605116184818,8996355.83167852,6885162.0279552,13803000.0,3,9894839.286544574,3545359.634912551,2111193.8037233213,6917837.9720448,0.7689600213105493,0.6991359608490026,0.35830391300379,2.0047458496919797,1.5342879114892307,0.347784066755194
261,Behavioural risks,Intimate partner violence,Intimate partner violence,2016,69052.5382393399,65090.0,97210.5477359507,3.0,77117.69532509688,17513.35107361877,3962.538239339905,32120.547735950706,0.46516099994208926,0.4165133255155451,0.22709899459248095,1.4934789942533524,1.407776603359801,0.08504367573495117,6825911.10807895,5575290.0,8898020.65715006,3,7099740.58840967,1678204.902035166,1250621.10807895,3322730.65715006,0.4867819994340935,0.46800733291219393,0.23637552402616463,1.5959744976763648,1.30356527008074,0.2715271929016698
262,Behavioural risks,Intimate partner violence,Intimate partner violence,2017,71000.0,67645.5768750387,93213.0202007663,3.0,77286.19902526833,13894.63073250011,3354.423124961293,25567.443325727596,0.3601048355736281,0.3308151215635336,0.179781525133062,1.3779617900658634,1.3128594394474127,0.07001767705905121,6776864.62571219,6700000.0,8753277.0016671,3,7410047.209126431,1163905.8163563348,76864.62571218982,2053277.001667099,0.3029833285848347,0.2770936464666815,0.15707130919798115,1.306459253980164,1.291641117996688,0.016809156091633453
263,Behavioural risks,Intimate partner violence,Intimate partner violence,2019,75499.4930470831,64495.6668908755,86503.3192032907,2.0,75499.4930470831,15561.76018810459,11003.826156207597,22007.652312415194,0.2914940408764169,0.2914940408764169,0.2061174129791831,1.3412268354345633,1.1706134177172818,0.21599708428942488,7579519.996362215,6661075.82204724,8497964.17067719,2,7579519.996362215,1298876.2075987968,918444.1743149753,1836888.3486299505,0.24234890197684864,0.24234890197684864,0.17136655200094353,1.2757645157783828,1.1378822578891914,0.17958053636484483
264,Behavioural risks,Low physical activity,Low physical activity,1990,452167.46855565,342760.535637213,1489000.0,3.0,761309.3347309544,632568.3737608406,109406.932918437,1146239.464362787,2.53498879082168,1.5056159330659808,0.8308953337402455,4.344140719793944,3.29302770222786,0.3585863332960414,8610219.33650094,7785617.39629841,31247000.0,3,15880945.577599784,13313779.083118001,824601.9402025305,23461382.60370159,2.7248298430961846,1.4773290726966586,0.8383492669288664,4.013426091918678,3.6290596997379505,0.14193135245690228
265,Behavioural risks,Low physical activity,Low physical activity,2005,604191.267027115,459846.94644593,1351000.0,3.0,805012.7378243483,478315.1561100263,144344.320581185,891153.05355407,1.4749518938579373,1.107004910211144,0.5941709163543614,2.937934046189984,2.236046884039735,0.3540572245505758,11435751.08072,10460718.3887475,29467000.0,3,17121156.4898225,10702923.019948695,975032.6919724997,19006281.6112525,1.662005536592692,1.1101050108706498,0.6251285084807758,2.816919345778143,2.576743739174213,0.12635798377418572
266,Behavioural risks,Low physical activity,Low physical activity,2006,612109.899683108,460927.301517888,1159600.0,3.0,744212.4004003321,367592.4209268701,151182.59816522,698672.698482112,1.1414170867744795,0.9388081925351915,0.4939348238878204,2.515798036222416,1.8944310500456374,0.3660333064321441,11615774.4658316,10532079.9280606,21078750.0,3,14408868.1312974,5801645.591522671,1083694.5377709996,10546670.0719394,0.9079609889950062,0.7319568737693596,0.40264408964372145,2.001385305084889,1.814665915045461,0.1382632995932262
267,Behavioural risks,Low physical activity,Low physical activity,2007,624275.397161941,468697.215779985,1030000.0,3.0,707657.5376473087,289792.40829812357,155578.18138195603,561302.7842200149,0.8991268705635205,0.7931842089694014,0.40950939244083057,2.197580794854776,1.6499128504543827,0.36933517780174235,11865228.2727673,10714060.4999185,19700000.0,3,14093096.257561931,4889716.146468618,1151167.7728487998,8985939.5000815,0.7573338913930334,0.637612866318139,0.3469582593565941,1.838705316266401,1.6603136110929129,0.1437840554047788
268,Behavioural risks,Low physical activity,Low physical activity,2010,672214.990022037,502989.499561809,3183940.0,3.0,1453048.1631946154,1501382.439518664,169225.49046022794,2680950.500438191,3.9882337350886843,1.845052743842955,1.0332640565869358,6.330032739796285,4.73649062764224,0.37308328523563,12813793.3402084,11507423.0333601,69318000.0,3,31213072.124522835,33006299.35544337,1306370.3068483006,57810576.9666399,4.511589615327734,1.852127106745782,1.0574511609676405,6.023763947761948,5.4096392972475265,0.15109037139486864
269,Behavioural risks,Low physical activity,Low physical activity,2013,714201.187968899,538254.102784216,2182000.0,3.0,1144818.4302510384,902523.4349679993,175947.08518468298,1643745.897215784,2.30151661031312,1.4358136223010838,0.7883550885620281,4.0538474090828345,3.0551615381729365,0.36509821691175215,13595415.4055336,12379150.3533854,45143000.0,3,23705855.252973,18575069.48433867,1216265.0521482006,32763849.6466146,2.4099189814589312,1.3820994558931012,0.7835646208971572,3.646696155334641,3.3204575699559657,0.13258181184739515
270,Behavioural risks,Low physical activity,Low physical activity,2015,749003.112618574,565645.337108667,1605000.0,3.0,973216.1499090804,554768.5493850247,183357.77550990705,1039354.662891333,1.3876506590976196,1.0679587088525313,0.5700363166361884,2.837467039336101,2.142848237824798,0.3627971883263221,14301545.6505766,13092287.8606393,34603000.0,3,20665611.170405302,12085267.131557927,1209257.7899373006,21510712.1393607,1.5040830316472433,1.040894070927147,0.5848008574198343,2.6430063536893793,2.4195286890969645,0.12530953565951286
271,Behavioural risks,Low physical activity,Low physical activity,2016,770863.896668873,580901.977009674,1373340.0,3.0,908368.6245595156,413727.16579216043,189961.91965919908,792438.022990326,1.0279869460934428,0.8723749385053822,0.45546175264781324,2.3641510174738642,1.7815596319072684,0.36520527962391053,14782940.7514624,13510191.7282222,24315860.0,3,17536330.826561533,5905631.581733419,1272749.0232401993,10805668.2717778,0.7309552580537029,0.6161875239836896,0.336765520686255,1.7998160565852837,1.644859463946276,0.12759396686720684
272,Behavioural risks,Low physical activity,Low physical activity,2017,798187.108927348,595073.464934208,1260000.0,3.0,884420.1912871854,340747.60839748953,203113.64399314008,664926.535065792,0.8330459457800069,0.751821975138376,0.38527796148747506,2.117385624209117,1.5785772357226666,0.3771226283049784,15355035.4774113,13910739.24684,23700000.0,3,17655258.2414171,5284474.912077597,1444296.2305712998,9789260.75316,0.6375277196565857,0.5544671518990064,0.29931450675022464,1.7037196643150185,1.5434676158752565,0.13939707380393
273,Behavioural risks,Low physical activity,Low physical activity,2019,730915.635122505,630329.257672612,831502.012572398,2.0,730915.635122505,142250.61917961796,100586.37744989299,201172.75489978597,0.27523389189241854,0.27523389189241854,0.19461975136949433,1.3191550327880759,1.159577516394038,0.20394831389228213,15305038.24187975,14862138.2769707,15747938.2067888,2,15305038.24187975,626355.1371489472,442899.9649090506,885799.9298181012,0.05787636174565403,0.05787636174565403,0.04092476786075765,1.0596011094305773,1.0298005547152886,0.04288638405352964
274,Behavioural risks,Tobacco,Chewing tobacco,1990,24993.53376430715,24823.7347408355,25163.3327877788,2.0,24993.53376430715,240.1320818713135,169.79902347164898,339.59804694329796,0.013587436260344756,0.013587436260344756,0.009607768318629762,1.0136803768848146,1.0068401884424074,0.010068290268915465,733594.7050294675,714602.125481393,752587.284577542,2,733594.7050294675,26859.563581336846,18992.579548074515,37985.15909614903,0.05177948918623018,0.05177948918623018,0.03661362792995887,1.0531556760631802,1.0265778380315902,0.03836860148699656
275,Behavioural risks,Tobacco,Chewing tobacco,2005,36898.38543665145,36618.2948415149,37178.476031788,2.0,36898.38543665145,396.1079183352598,280.0905951365494,560.1811902730988,0.015181726345041278,0.015181726345041278,0.010735101648697147,1.0152978502329937,1.0076489251164968,0.011249659221675588,1052578.980517385,1031459.55969543,1073698.40133934,2,1052578.980517385,29867.37135587349,21119.42082195502,42238.84164391004,0.040128904743231664,0.040128904743231664,0.028375420665528082,1.0409505552077896,1.0204752776038948,0.02973551841473466
276,Behavioural risks,Tobacco,Chewing tobacco,2006,37666.36698870205,37561.6621823289,37771.0717950752,2.0,37666.36698870205,148.07495721855625,104.70480637314904,209.40961274629808,0.005559591473451901,0.005559591473451901,0.003931224831504748,1.0055750890823147,1.0027875445411574,0.0041196572818278585,1072287.767371195,1056045.5621676,1088529.97257479,2,1072287.767371195,22969.946881770975,16242.20520359499,32484.41040718998,0.030294489404489137,0.030294489404489137,0.021421438890498364,1.0307604250904796,1.0153802125452398,0.02244821664872645
277,Behavioural risks,Tobacco,Chewing tobacco,2007,38761.615321846,38680.7771210611,59000.0,3.0,45480.79748096903,11708.042589032826,80.83820078489953,20319.222878938897,0.5242099099901806,0.4467648767029925,0.2574282606616987,1.5253054460448103,1.5221243880088677,0.003090743576305519,1113536.7618922,1088280.83918714,1490000.0,3,1230605.8670264466,224996.56124871568,25255.92270505987,401719.1608128599,0.36075967544190496,0.32644014755394196,0.1828339741239673,1.3691318879719616,1.3380788591730794,0.033612969710399385
278,Behavioural risks,Tobacco,Chewing tobacco,2010,41218.5867244135,41217.5194447471,41219.6540040799,2.0,41218.5867244135,1.509361379068311,1.0672796664002817,2.1345593328005634,5.178632996497859e-05,5.178632996497859e-05,3.661846509100046e-05,1.0000517876709116,1.0000258938354558,3.837367050404913e-05,1169064.14550402,1159291.48790564,1178836.8031024,2,1169064.14550402,13820.624916057475,9772.65759838,19545.31519676,0.016718770541314827,0.016718770541314827,0.011821956022865602,1.0168597073304404,1.0084298536652203,0.012388608971114287
279,Behavioural risks,Tobacco,Chewing tobacco,2013,44717.31367701445,44443.8280051899,44990.799348839,2.0,44717.31367701445,386.76714620899617,273.4856718245501,546.9713436491002,0.012231757649839638,0.012231757649839638,0.008649158780032036,1.0123070259291174,1.0061535129645587,0.009063732418531171,1255708.180573405,1251344.35295922,1260072.00818759,2,1255708.180573405,6171.38419583856,4363.827614184935,8727.65522836987,0.006950384940858221,0.006950384940858221,0.004914664323537709,1.0069746230985344,1.003487311549267,0.005150235241175942
280,Behavioural risks,Tobacco,Chewing tobacco,2015,47627.185322231104,47344.2527243778,47910.1179200844,2.0,47627.185322231104,400.1271171215893,282.9325978532979,565.8651957065958,0.011881138721050245,0.011881138721050245,0.008401233757872746,1.0119521412451238,1.005976070622562,0.00880392379229823,1326882.024740465,1319540.88853228,1334223.16094865,2,1326882.024740465,10381.934388843416,7341.136208184995,14682.27241636999,0.01106524328660026,0.01106524328660026,0.007824308563433963,1.0111268036814691,1.0055634018407344,0.008199345275370792
281,Behavioural risks,Tobacco,Chewing tobacco,2016,49405.37730674765,48925.8174804002,49884.9371330951,2.0,49405.37730674765,678.2000103898545,479.55982634745305,959.1196526949061,0.019413264405207006,0.019413264405207006,0.013727250905889303,1.0196035488436985,1.0098017744218493,0.01438522892425839,1374499.430609005,1371371.04218503,1377627.81903298,2,1374499.430609005,4424.20933755632,3128.388423974975,6256.77684794995,0.004552040334551273,0.004552040334551273,0.003218778588795826,1.0045624245047358,1.0022812122523679,0.0033730618879024934
282,Behavioural risks,Tobacco,Chewing tobacco,2017,51612.2006260142,50833.9503532384,76000.0,3.0,59482.05032641753,14310.255568508248,778.2502727758038,25166.049646761603,0.48759884952623217,0.4230864522769267,0.24058107429011558,1.4950638199842046,1.4725200452253835,0.022346787973857623,1426641.34032277,1411809.46399455,1890000.0,3,1576150.2681057733,271902.99151795363,14831.876328219892,478190.53600544995,0.33518623250975044,0.3033914631630537,0.17251083035675796,1.3387075580669827,1.3247898729560141,0.015407404858637305
283,Behavioural risks,Tobacco,Chewing tobacco,2019,55008.0749301673,54423.9502865229,55592.1995738117,2.0,55008.0749301673,826.0769931582588,584.124643644398,1168.249287288796,0.021237778067527132,0.021237778067527132,0.015017376888883365,1.021465720168021,1.0107328600840106,0.015737193548037605,1509949.13650375,1504402.84768373,1515495.42532377,2,1509949.13650375,7843.636870110445,5546.288820019923,11092.577640039846,0.007346325364127455,0.007346325364127455,0.005194636481777255,1.0073734090952557,1.0036867045476279,0.005443627094818444
284,Behavioural risks,Tobacco,Second-hand smoke,1990,957736.53323744,595000.0,1162721.87500837,4.0,918298.7353708125,289132.25176964264,204605.937504185,567721.87500837,0.5927745839341618,0.6182322300369082,0.3148564194122406,1.9541544117787732,1.609641232331832,0.3166069047780879,42143045.3697725,26431000.0,46682013.3897496,4,39349776.03232365,9489666.505829152,4328006.694874801,20251013.3897496,0.4805303748711723,0.5146411347580357,0.2411618937305747,1.766184154581726,1.5944551991893043,0.1521984437889017
285,Behavioural risks,Tobacco,Second-hand smoke,2005,1155247.87209637,884000.0,1220731.42674085,3.0,1086659.7662790734,178536.4378311487,65483.554644480115,336731.4267408501,0.29147980695242537,0.3098775138182226,0.16429837873034622,1.380917903552998,1.3068414842719118,0.08400502639058223,37097773.6883606,29996000.0,39436780.6718084,3,35510184.786722995,4916544.906105295,2339006.9834477976,9440780.6718084,0.2544837528827353,0.2658612093547381,0.1384545007477279,1.3147346536807707,1.2367573572596546,0.09343979448980301
286,Behavioural risks,Tobacco,Second-hand smoke,2006,1143361.85676121,848700.0,1193911.63476162,3.0,1061991.1638409432,186436.74649446335,50549.77800041018,345211.6347616201,0.30192684207561177,0.3250607411017246,0.17555395265264787,1.4067534284925416,1.3471920074952397,0.06552148871645783,36465550.3624764,26546210.0,38479999.9168618,3,33830586.7597794,6388357.4051239155,2014449.5543854013,11933789.916861802,0.3272620267138996,0.35275149088013097,0.18883377490569933,1.4495477854225445,1.3736631467345584,0.0818694414296075
287,Behavioural risks,Tobacco,Second-hand smoke,2007,1139415.64152817,1110000.0,1192288.97277724,3.0,1147234.8714351368,41698.009873815725,29415.64152817009,82288.97277723998,0.07222032924427388,0.07172809581206362,0.03634653279119164,1.0741342097092252,1.0464039015456703,0.038259945849330596,36600000.0,36028861.8046063,37994769.4797414,3,36874543.76144924,1011300.6251860991,571138.1953936964,1965907.6751350984,0.053713324457243125,0.053313410136083386,0.027425441023174655,1.0545648010141624,1.0381084557306395,0.023126415452826725
288,Behavioural risks,Tobacco,Second-hand smoke,2010,1156228.93768289,601938.0,1214009.29978966,3.0,990725.41249085,337936.94921507937,57780.36210676981,612071.2997896599,0.52936860498948,0.6178011506243793,0.3411005157982666,2.0168344576844457,1.9208439036626532,0.07406015699091426,35501393.2931199,19931000.0,37104179.0647687,3,30845524.119296204,9486166.671552522,1602785.7716488019,17173179.0647687,0.48373253756485185,0.556747844463618,0.30753786626754737,1.8616315821970149,1.7812148559088807,0.06690803636836017
289,Behavioural risks,Tobacco,Second-hand smoke,2013,1180237.74833068,331000.0,1225549.65204915,3.0,912262.4667932767,503897.64201829897,45311.90371847013,894549.6520491501,0.7579402144308592,0.9805836418915824,0.552360379123747,3.7025669246197888,3.5656729556818125,0.05689721533288729,35497846.2469627,9316000.0,36390973.1766284,3,27068273.141197037,15380403.771938913,893126.929665707,27074973.176628403,0.7627215743812914,1.0002475235637094,0.5682077941104575,3.9062873740477033,3.810417158325751,0.037287166679241285
290,Behavioural risks,Tobacco,Second-hand smoke,2015,1209810.62295158,886000.0,1234859.22658153,3.0,1110223.2831777034,194586.53261516834,25048.60362994997,348859.22658152995,0.288358541380978,0.3142243833898151,0.17526792633840182,1.3937463053967607,1.3654747437376749,0.030684166492950013,35838831.6444807,25212000.0,35957638.7103072,3,32336156.7849293,6169986.726234767,118807.06582650542,10745638.710307203,0.2998322829522839,0.3323103231400508,0.1908076697942772,1.42621127678515,1.4214989546438481,0.00491288536695355
291,Behavioural risks,Tobacco,Second-hand smoke,2016,1226823.37908214,883930.0,1244415.34301575,3.0,1118389.57403263,203238.37774995173,17591.96393360989,360485.34301574994,0.29383638196188483,0.3223253787282109,0.1817241348353468,1.4078211430947585,1.3879191554559072,0.021251054547978494,35892848.3844941,23761450.0,35927578.394823,3,31860625.593105704,7014113.308849072,34730.010328896344,12166128.394823,0.3389568937103033,0.38185466130506923,0.2201498927995579,1.512011194385149,1.5105495828114068,0.0014339869256422579
292,Behavioural risks,Tobacco,Second-hand smoke,2017,1243584.38842454,1220000.0,1252008.62555905,3.0,1238531.0046611966,16591.88184443169,8424.237134509953,32008.62555904989,0.02573900561714245,0.02584402444394675,0.013396420260767265,1.0262365783270901,1.019331465921754,0.010039302157178307,35961229.1238454,35714013.0993793,36300000.0,3,35991747.40774157,294183.08272866247,247216.02446609735,585986.9006206989,0.016294963072664807,0.016281146174488247,0.00817362600920526,1.0164077584613667,1.0094204476434308,0.010188031866124915
293,Behavioural risks,Tobacco,Second-hand smoke,2019,1295212.86357972,1286107.38167952,1304318.34547992,2.0,1295212.86357972,12877.095995205602,9105.481900200015,18210.96380040003,0.014060209184510735,0.014060209184510735,0.009942069259268918,1.0141597537342633,1.0070798768671316,0.010418615005722456,36427243.589945406,35852419.6722735,37002067.5076173,2,36427243.589945406,812923.7803480393,574823.9176719002,1149647.8353438005,0.031560110566837524,0.031560110566837524,0.0223163681968081,1.032066115644431,1.0160330578222156,0.023386041930026604
294,Behavioural risks,Tobacco,Smoking,1990,4709216.073897066,4576298.0,5868489.84821513,4.0,4965804.999002315,608151.9294245654,104067.0738970656,1292191.8482151302,0.274396381040505,0.2602180006010598,0.12246794417959421,1.2823661938569408,1.2461712854383253,0.03275012254594252,126722409.457264,113740000.0,160687650.653942,4,131968117.3921175,21953945.389204293,11897409.457264006,46947650.65394199,0.37047631003082104,0.3557499461362036,0.16635794935205775,1.412762886002655,1.268028688391791,0.1391384593394389
295,Behavioural risks,Tobacco,Smoking,2005,6113000.0,5513612.12990802,6955588.1780015,3.0,6194066.769303173,724398.0926484852,599387.8700919803,1441976.04809348,0.23588680649328972,0.2327995647770037,0.11695032030305016,1.2615301936586416,1.137835461802961,0.14531209283106736,154022620.054881,147153000.0,185935057.410628,3,162370225.82183632,20694779.191397306,6869620.0548810065,38782057.41062799,0.2517945571683513,0.23884956256193365,0.12745427363083814,1.2635492134759603,1.207193185938377,0.06609923216282167
296,Behavioural risks,Tobacco,Smoking,2006,6081950.0,5417535.08595266,6884440.30291716,3.0,6127975.129623274,734534.8618731762,664414.9140473399,1466905.2169645,0.24118995009240457,0.2393784546992246,0.11986583599570397,1.2707698600361808,1.131946218386728,0.16189921038781277,153365370.0,151959181.823078,184289669.579875,3,163204740.467651,18273615.352410752,1406188.1769219935,32330487.756796986,0.21080696220272532,0.198097724760668,0.11196742999038552,1.2127577114388421,1.2016380854418112,0.013588275359674705
297,Behavioural risks,Tobacco,Smoking,2007,6380000.0,5445734.8333518,6888847.71023873,3.0,6238194.181196843,731932.62090444,508847.7102387296,1443112.8768869294,0.22619324089136825,0.2313350362251881,0.11733084922406396,1.264998741409285,1.1715590632372321,0.11819942109307167,169000000.0,152426283.082148,184416476.072618,3,168614253.05158865,15998584.700623857,15416476.072618008,31990192.990470022,0.1892910827838463,0.18972413311158465,0.09488275404410197,1.20987320784585,1.1087326711819105,0.13519063632911174
298,Behavioural risks,Tobacco,Smoking,2010,5695349.0,5638105.04246702,7030931.78077933,3.0,6121461.941082117,788143.8698979175,57243.95753297955,1392826.7383123096,0.24455511651916495,0.22753171574339537,0.12875092216265482,1.2470380966337693,1.234504115687964,0.01489558323183982,155880381.05195,136907000.0,187084324.941667,3,159957235.33120567,25335874.56919779,18973381.051950008,50177324.94166699,0.3218963451529187,0.31369212425915205,0.15839155082130302,1.3665066427696684,1.2001787760534002,0.18038543740548652
299,Behavioural risks,Tobacco,Smoking,2013,5818000.0,5743459.66477231,7141391.42531782,3.0,6234283.69669671,786461.9436991698,74540.3352276897,1397931.7605455099,0.24027703000094705,0.22423293974995337,0.12615113170353212,1.2433954170723558,1.2274650095080475,0.018987414370477164,157245107.496602,134196000.0,189065801.321927,3,160168969.60617635,27551506.338198446,23049107.496602,54869801.32192701,0.34894441038881113,0.34257447904447996,0.17201525617566327,1.4088780688092566,1.2023636495400192,0.21723268757790967
300,Behavioural risks,Tobacco,Smoking,2015,6402000.0,5811297.56718078,7277056.38502644,3.0,6496784.65073574,737462.0841334142,590702.4328192202,1465758.8178456603,0.22895326739232433,0.22561296035565345,0.11351185606096686,1.2522257380388697,1.1366848461459607,0.13674180028711097,158214801.39018,148623000.0,192051559.966402,3,166296453.78552732,22814354.785271946,9591801.390179992,43428559.966401994,0.2744911322127255,0.2611514495817923,0.13719086766994826,1.2922061858958707,1.2138659485642926,0.0898465221669775
301,Behavioural risks,Tobacco,Smoking,2016,6321100.0,5874648.15574528,7359293.10005788,3.0,6518347.08526772,761723.3501430816,446451.84425472,1484644.9443126004,0.23487129523541794,0.22776402129123866,0.11685835997666828,1.2527206574679115,1.1642424736292545,0.10467191362033429,159566994.682807,155065750.0,193679071.124863,3,169437271.93589,21114306.094742812,4501244.6828069985,38613321.124863,0.24198814549098918,0.2278915417115139,0.12461429444362063,1.2490125712793638,1.2137790243519044,0.04180591752812363
302,Behavioural risks,Tobacco,Smoking,2017,7100000.0,5902715.92947144,7427967.82518319,3.0,6810227.91821821,802853.8041749486,327967.8251831904,1525251.8957117507,0.21482421066362686,0.22396488253080507,0.11788941777223261,1.2583983227274043,1.2028361325251462,0.06845750942556171,182000000.0,159813535.822817,194703906.641608,3,178839147.48814166,17658644.77867643,12703906.641608,34890370.818791,0.19170533416918134,0.19509358721979195,0.09874037662725567,1.2183192471097908,1.1388271904689027,0.10344609693880799
303,Behavioural risks,Tobacco,Smoking,2019,6875848.171272,6058328.39432256,7693367.94822144,2.0,6875848.171272,1156147.5560701257,817519.7769494401,1635039.5538988803,0.2377945983057397,0.2377945983057397,0.16814617299151963,1.269882952438023,1.1349414762190115,0.17620579734455313,181324244.224275,162853742.972047,199794745.476503,2,181324244.224275,26121233.37473007,18470501.252228007,36941002.50445601,0.2037289754742598,0.2037289754742598,0.14405814008203685,1.2268354526601009,1.1134177263300504,0.15096317082642652
304,Behavioural risks,Tobacco,Tobacco,1990,5538184.00423107,5229000.0,6773843.91638612,4.0,5769802.981212065,705856.898449704,258780.00423107017,1544843.91638612,0.27894412955688863,0.26774638950697655,0.12233639532374889,1.295437735013601,1.2231164423592695,0.06924868620787065,165065118.13457298,142341000.0,200785029.596542,4,168314066.466422,26481490.674982104,18011618.134572998,58444029.596542,0.3540665057343867,0.3472319980350624,0.1573337940846736,1.4105916748971976,1.2163989089011984,0.1617132582407565
305,Behavioural risks,Tobacco,Tobacco,2005,6879000.0,6514353.92366961,7829610.36949517,3.0,7074321.431054927,679034.4068185568,364646.0763303898,1315256.44582556,0.191198785553941,0.18591980285937165,0.09598580067873715,1.2019012877158295,1.1381901976297675,0.07855872730362519,187673428.586784,174309000.0,216011345.6328,3,192664591.406528,21294487.257017367,13364428.586784005,41702345.63280001,0.2222069791489742,0.2164504921654588,0.11052621087019238,1.2392437890917853,1.1509958935551283,0.10553482885007966
306,Behavioural risks,Tobacco,Tobacco,2006,6853450.0,6398182.24817988,7752459.20579767,3.0,7001363.817992517,689148.3096173618,455267.75182012003,1354276.9576177904,0.1976051415882206,0.19343045052700872,0.09843058117424892,1.2116658927624402,1.131176153002892,0.09844776108345693,184806396.898748,178305140.0,213870216.465745,3,192327251.12149766,18937822.002106287,6501256.89874801,35565076.465745,0.1924450509428548,0.18491959022113671,0.09846665977741666,1.199461868938523,1.1572663070906606,0.05213489838895194
307,Behavioural risks,Tobacco,Tobacco,2007,7280000.0,6425037.24361729,7755724.73136737,3.0,7153587.324994887,674290.3090028183,475724.7313673701,1330687.4877500804,0.18278674282281324,0.18601680909109913,0.09425904491957819,1.2071096924880866,1.1330673619412932,0.09684396317121463,200000000.0,184817427.091177,213631824.502005,3,199483083.86439398,14414151.943687854,13631824.50200501,28814397.410828024,0.14407198705414012,0.14444531763112145,0.07225751509579834,1.1559073614665833,1.0821490329552792,0.10101181955985714
308,Behavioural risks,Tobacco,Tobacco,2010,6634686.521386,6297287.0,7913628.00822306,3.0,6948533.84320302,852651.5523792066,337399.5213860003,1616341.0082230596,0.24361980072653117,0.2326161237315044,0.12270956314233988,1.256672596980741,1.1927659253703347,0.07536544327788315,187362557.790676,156838000.0,215798782.602035,3,186666446.79757032,29486554.54859299,28436224.81135899,58960782.602034986,0.31468818155176326,0.3158617074121241,0.15796387114267818,1.37593429272265,1.1946247579711293,0.22492479643406757
309,Behavioural risks,Tobacco,Tobacco,2013,6753311.40603725,6149000.0,8048965.26070101,3.0,6983758.888912753,970719.5937758782,604311.4060372496,1899965.26070101,0.28133831634100276,0.2720548190341091,0.1389967221401313,1.308987682664012,1.1918545994348027,0.13261486845498857,188136402.005925,143512000.0,217822933.751204,3,183157111.91904297,37404862.19826172,29686531.745279014,74310933.75120401,0.39498434624503836,0.40572234936773893,0.2042228216330196,1.5178029276381348,1.3109454401438556,0.23384863097954828
310,Behavioural risks,Tobacco,Tobacco,2015,7165000.0,6833129.97406051,8211775.35021209,3.0,7403301.774757533,719553.035005395,331870.0259394897,1378645.3761515794,0.1924138696652588,0.18622034034222948,0.09719353025143448,1.2017589862017999,1.146095652506921,0.06864359782865649,188785276.250575,170889000.0,221094315.782094,3,193589530.67755637,25445118.955200847,17896276.250575006,50205315.782094,0.2659387256210405,0.2593390025089539,0.1314385073725002,1.2937890430752945,1.1711417340017298,0.1404891415798184
311,Behavioural risks,Tobacco,Tobacco,2016,7131380.0,6906113.0685904,8309220.26724678,3.0,7448904.445279059,753520.9238917456,225266.9314096002,1403107.1986563802,0.19675114755578585,0.18836423650804604,0.10115862398655275,1.2031688715086106,1.1651630213572661,0.04681360302620635,190093728.144571,177302310.0,222791189.763305,3,196729075.969292,23459122.449409254,12791418.144571006,45488879.76330501,0.23929710994309913,0.23122601241925975,0.11924583254318265,1.2565611229955493,1.172007051141986,0.09972386714324973
312,Behavioural risks,Tobacco,Tobacco,2017,8100000.0,6943241.46803695,8392947.09994972,3.0,7812062.855995555,766545.7937872842,292947.0999497194,1449705.6319127697,0.1789760039398481,0.18557270450021512,0.0981233520412576,1.208793780050205,1.1666020888497342,0.05359846939820792,213000000.0,190226552.417764,223841028.75904,3,209022527.0589347,17156586.874207553,10841028.759039998,33614476.34127599,0.15781444291678867,0.16081748132247134,0.08208008541285212,1.1767075937298908,1.119717501541122,0.07542912967557407
313,Behavioural risks,Tobacco,Tobacco,2019,7919451.350130836,7130005.04351423,8708897.65674744,2.0,7919451.350130836,1116445.6735825518,789446.3066166048,1578892.6132332096,0.19936893901205985,0.19936893901205985,0.1409751287333948,1.221443407626961,1.1107217038134807,0.14773238380793632,211578519.40708452,193384735.653506,229772303.160663,2,211578519.40708452,25729895.735194,18193783.7535785,36387567.507157,0.1719813883239538,0.1719813883239538,0.1216092059217447,1.1881615288000489,1.0940807644000246,0.12743820874804976
314,Behavioural risks,Unsafe sex,Unsafe sex,1990,452919.313790945,429991.810663799,679000.0,3.0,520637.04148491466,137624.62560221303,22927.50312714599,249008.189336201,0.5497848772488786,0.47827597634237085,0.26433890529512133,1.5790998413476645,1.499163271084102,0.0750212203361986,21560883.9480657,20101247.9257113,39761000.0,3,27141043.957925666,10953542.906628659,1459636.022354398,19659752.0742887,0.9118249567895126,0.7243550434082585,0.40357854044262104,1.9780363958967002,1.8441266181745344,0.10032893782739757
315,Behavioural risks,Unsafe sex,Unsafe sex,2005,1660755.02035013,1516542.6066521,2051000.0,3.0,1742765.87566741,276505.8979813304,144212.41369802994,534457.3933478999,0.32181591312319047,0.3066719407408778,0.15865923348736655,1.3524183171666777,1.2349804606145922,0.1286901406177427,82356891.3705328,76353072.9070094,112703000.0,3,90470988.09251405,19486103.359232284,6003818.463523403,36349927.09299061,0.44137080076818647,0.4017854547561679,0.2153851059889623,1.4760768061982428,1.3684707876228195,0.10803781948143389
316,Behavioural risks,Unsafe sex,Unsafe sex,2006,1614673.87680257,1469420.6212086,1799640.0,3.0,1627911.4993370567,165507.20685250752,145253.25559396995,330219.3787914,0.20451150138460852,0.20284848342546696,0.10166843032923345,1.2247276062587131,1.1145532394217623,0.13331814422893798,80011488.1174435,74042000.9475261,86860810.0,3,80304766.35498987,6414434.930249933,5969487.169917405,12818809.052473903,0.1602121064622374,0.15962700141368863,0.07987614211956874,1.1731288848009207,1.0856042306387657,0.11056887197038504
317,Behavioural risks,Unsafe sex,Unsafe sex,2007,1539271.65081509,1400357.92392687,1750000.0,3.0,1563209.85824732,176045.9419341539,138913.72688821983,349642.0760731299,0.22714773957409276,0.22366931364234782,0.11261823932682823,1.249680506746923,1.136901338417636,0.1337451665138687,76228678.6471622,70623462.276237,86100000.0,3,77650713.64113307,7835652.0227625705,5605216.370925203,15476537.723763004,0.2030277580357764,0.1993096650120777,0.10090895054713156,1.2191415887149228,1.129496162442077,0.10897382466986258
318,Behavioural risks,Unsafe sex,Unsafe sex,2010,1264625.4940907098,1216368.47630577,1312882.51187565,2.0,1264625.4940907098,68245.72903114166,48257.01778493996,96514.03556987992,0.07631827447799111,0.07631827447799111,0.053965169411843664,1.0793460513404642,1.039673025670232,0.056551841388191415,63208832.85686205,61516506.4016012,64901159.3121229,2,63208832.85686205,2393311.024992677,1692326.4552608468,3384652.9105216935,0.053547150889280345,0.053547150889280345,0.03786355350702944,1.0550202394203843,1.0275101197101921,0.03967843880895673
319,Behavioural risks,Unsafe sex,Unsafe sex,2013,1145734.16776198,1060372.51681546,1481000.0,3.0,1229035.5615258133,222342.55452968963,85361.65094652004,420627.48318453995,0.36712484886976243,0.34224191419029626,0.1809081539135105,1.3966789750905464,1.2926209601420122,0.11041476309452579,56018034.3225143,53330644.262527,73282000.0,3,60876892.861680426,10826842.968682973,2687390.0599873066,19951355.737473004,0.35615951146387015,0.3277328194591808,0.17784815321115113,1.3741067825706337,1.3081858527575485,0.07109696220276851
320,Behavioural risks,Unsafe sex,Unsafe sex,2015,1088991.49999889,1009931.13746329,1452000.0,3.0,1183640.87915406,235743.71367434054,79060.36253560008,442068.86253671,0.405943354504751,0.3734822532089746,0.19916827631268105,1.4377217872963926,1.33334374051724,0.10759262792949141,52638180.4185866,50401663.753351,79451000.0,3,60830281.39064586,16164741.657231323,2236516.665235594,29049336.246648997,0.5518681689914883,0.47754729359374687,0.26573511231064345,1.5763566930807442,1.5093796815960183,0.06296793832008658
321,Behavioural risks,Unsafe sex,Unsafe sex,2016,1073126.20657787,994772.402512926,1100900.0,3.0,1056266.2030302654,55036.00209693225,27773.793422129937,106127.59748707397,0.09889572804815568,0.10047429065003709,0.052104291455167664,1.1066853053210781,1.078765558701681,0.0383559376327744,51596297.6023381,49411939.1977583,54603030.0,3,51870422.2666988,2606379.5153407245,2184358.404579796,5191090.802241698,0.10060975386742599,0.10007805171800996,0.050247894685330904,1.1050574190473625,1.05827418898998,0.06274130714837496
322,Behavioural risks,Unsafe sex,Unsafe sex,2017,1030000.0,977063.493979736,1041873.43592195,3.0,1016312.3099672287,34505.025539234266,11873.435921950033,64809.941942214034,0.06292227373030489,0.06376971065548134,0.03395120299226415,1.0663313513825317,1.0541791872753787,0.017083914598378592,49837018.0999251,48274962.783112,50200000.0,3,49437326.96101236,1022866.9642211514,362981.9000748992,1925037.216888003,0.03862665324454667,0.03893894219657427,0.02069017536137851,1.039876513743506,1.032357462890879,0.010793967946324803
323,Behavioural risks,Unsafe sex,Unsafe sex,2019,964211.652448631,944057.468446454,984365.836450808,2.0,964211.652448631,28502.32035444154,20154.184002176975,40308.36800435395,0.041804481310706215,0.041804481310706215,0.029560232218786654,1.0426969430904303,1.0213484715452152,0.030977120651233304,46465094.55178805,46284723.9366047,46645465.1669714,2,46465094.55178805,255082.57024586902,180370.6151833497,360741.2303666994,0.00776370378337727,0.00776370378337727,0.005489767592349665,1.0077939587769995,1.0038969793884998,0.0057529045034825565
324,Environmental/occupational risks,Air pollution,Air pollution,1990,6501226.49655223,4808000.0,7340635.81759191,3.0,6216620.771381381,1290081.9199715112,839409.3210396804,2532635.8175919103,0.3895627723376555,0.40739750915015827,0.20752141193982548,1.5267545377687002,1.3521685724942243,0.19134921917280293,280717766.365506,157831000.0,291423301.668042,3,243324022.67784932,74232370.40856844,10705535.30253601,133592301.668042,0.47589542834314014,0.5490304664447889,0.3050762090467695,1.8464262512943719,1.778597147363357,0.056517987884317604
325,Environmental/occupational risks,Air pollution,Air pollution,2005,6556779.20936398,6466000.0,8099053.2603924,3.0,7040610.823252127,917761.1403670178,90779.20936398022,1633053.2603924004,0.24906332945605006,0.23194766780733342,0.1303524883574086,1.2525600464572224,1.2352182377631142,0.020518425888931036,243282992.316578,186850000.0,275526208.029446,3,235219733.44867468,44884625.15492929,32243215.712868005,88676208.029446,0.3644981804320045,0.37699306401431365,0.19081998137168701,1.4745850041715065,1.3020229719913192,0.19641506885236634
326,Environmental/occupational risks,Air pollution,Air pollution,2006,6528813.01442066,6219850.0,7953970.67288558,3.0,6900877.895768747,924996.1264684888,308963.0144206602,1734120.67288558,0.2656104056059352,0.25128986472124815,0.13404035550834012,1.2788042594090823,1.2182874061972784,0.07013268512362948,240606055.474916,186446120.0,271145005.969158,3,232732393.81469133,42894885.84970097,30538950.494241983,84698885.969158,0.3520230852127832,0.36393251743286686,0.18430990695629246,1.4542807647011264,1.2904857203513596,0.18810301570811874
327,Environmental/occupational risks,Air pollution,Air pollution,2007,6527584.62445713,4630000.0,7943449.78555472,3.0,6367011.47000395,1662550.8033730695,1415865.1610975899,3313449.78555472,0.5076073273933671,0.5204089549963798,0.26111949243465676,1.7156479018476718,1.4098454912434406,0.3214530778942043,238430022.678227,158000000.0,268698866.090018,3,221709629.58941498,57212222.44579586,30268843.411790967,110698866.09001797,0.46428241228417577,0.49929660833867107,0.2580502369326376,1.7006257347469491,1.5090507764444747,0.18814084498416064
328,Environmental/occupational risks,Air pollution,Air pollution,2010,7299053.853228575,6576174.24594865,8021933.4605085,2.0,7299053.853228575,1022306.1445782072,722879.6072799251,1445759.2145598503,0.19807487979011837,0.19807487979011837,0.140060090682303,1.2198480697877694,1.1099240348938846,0.14677348592447773,247878133.010076,232831220.385048,262925045.635104,2,247878133.010076,21279547.906157557,15046912.625028,30093825.250056,0.12140572822868856,0.12140572822868856,0.08584681370539678,1.12925167509876,1.06462583754938,0.08996164461745822
329,Environmental/occupational risks,Air pollution,Air pollution,2013,6619745.82982028,5527000.0,8157127.4770446,3.0,6767957.76895496,1321312.8776155917,1092745.82982028,2630127.4770446,0.3973154777629892,0.38861464075753505,0.19523066229469332,1.4758689120760993,1.2322417939823014,0.24463919936297937,227898609.645719,141456000.0,260910149.009108,3,210088252.88494232,61686546.62754394,33011539.363389015,119454149.009108,0.5241547949538002,0.5685903298673662,0.29362206492015247,1.8444615216682785,1.6110918564480756,0.214670468646545
330,Environmental/occupational risks,Air pollution,Air pollution,2015,6638067.47614591,6485000.0,8210058.72667748,3.0,7111042.067607797,954848.4831364274,153067.4761459101,1725058.7266774802,0.259873635342896,0.24258873879195061,0.13427687166778987,1.2660075137513462,1.2368145934310801,0.034173500113311064,224063860.283985,167290000.0,258243266.520183,3,216532375.60138932,45941991.889947355,34179406.23619801,90953266.520183,0.4059256428274788,0.42004465275722686,0.21217146748771262,1.5436862126856536,1.3393739033055472,0.22606894292477714
331,Environmental/occupational risks,Air pollution,Air pollution,2016,6605030.48091105,6116400.0,8202792.72083173,3.0,6974741.067247593,1091225.4966879627,488630.48091105,2086392.7208317304,0.31587934784881544,0.2991355092204266,0.15645390791813116,1.3411144988607238,1.2419008125001563,0.10963618938671302,220100684.816141,162795900.0,255697431.837531,3,212864672.21789065,46871564.548044205,35596747.02138999,92901531.837531,0.42208651879086795,0.43643471163893255,0.22019419220520514,1.5706626016842624,1.352003857690157,0.23968293933191454
332,Environmental/occupational risks,Air pollution,Air pollution,2017,6564254.58303976,4900000.0,8122881.53323922,3.0,6529045.372092993,1611729.22996551,1558626.9501994606,3222881.5332392203,0.4909744880349805,0.49362216825980987,0.24685526568011026,1.6577309251508612,1.3396437924570939,0.3518884148953809,215598922.31538,147000000.0,250624541.036437,3,204407821.11727235,52710928.048866406,35025618.721057,103624541.036437,0.4806357096945694,0.506949981023406,0.2578713855504835,1.704928850588007,1.4666593354787756,0.24076171804177682
333,Environmental/occupational risks,Air pollution,Air pollution,2019,7318708.04237427,6671739.56296979,7965676.52177875,2.0,7318708.04237427,914951.5980017143,646968.4794044802,1293936.9588089604,0.1767985485029941,0.1767985485029941,0.12501545255040586,1.1939429659381053,1.0969714829690527,0.13100772444071865,226932929.69331652,213284886.633513,240580972.75312,2,226932929.69331652,19301247.595026094,13648043.0598035,27296086.119607,0.12028261458791235,0.12028261458791235,0.08505265243396072,1.1279794670426406,1.0639897335213204,0.08912941740964304
334,Environmental/occupational risks,Air pollution,Ambient ozone pollution,1990,175370.3992158635,133000.0,235336.155531619,4.0,179769.2384908365,49540.61886670444,37189.399215863494,102336.155531619,0.5835429239438145,0.5692639986169573,0.27557895490128426,1.7694447784332257,1.3419377305627482,0.3142758976677073,3504735.05919931,2534000.0,4716657.76773853,4,3565031.9715342876,971634.9738207188,718735.0591993099,2182657.7677385304,0.6227739703203641,0.6122407274791359,0.27254593551444506,1.8613487639062867,1.3830840801891515,0.30392179144540654
335,Environmental/occupational risks,Air pollution,Ambient ozone pollution,2005,301659.933883416,207000.0,359299.014807106,3.0,289319.64956350735,76895.76997875702,57639.080923689995,152299.014807106,0.5048698806185038,0.5264039792557383,0.2657813601487788,1.7357440328845701,1.4572943665865508,0.28317024680487296,5320471.50819635,3472000.0,6611940.32506294,3,5134803.944419763,1578182.7031171455,1291468.8168665897,3139940.32506294,0.5901620411322126,0.6115015021119283,0.30735013842782294,1.9043606927024597,1.5323938675680733,0.35973443023757884
336,Environmental/occupational risks,Air pollution,Ambient ozone pollution,2006,317242.29728375,187610.0,370663.374824462,3.0,291838.557369404,94133.66565625205,53421.077540711965,183053.374824462,0.5770144031605412,0.6272419123589495,0.3225539027630929,1.9757122478783753,1.6909668849408348,0.24955700293811492,5560971.39992211,3159440.0,6807128.92995933,3,5175846.776627147,1854089.9018219225,1246157.5300372196,3647688.92995933,0.6559445585370968,0.704752108665851,0.35821962701727134,2.154536541272925,1.7601129946832699,0.33210123316603046
337,Environmental/occupational risks,Air pollution,Ambient ozone pollution,2007,391333.568608816,329685.043007841,392000.0,3.0,371006.203872219,35786.726367253024,666.4313911839854,62314.956992159015,0.1592374434263015,0.16796203497885812,0.0964585659046785,1.1890136004461596,1.186992182109726,0.002523809355905116,6330000.0,5768471.51361594,7157383.67304986,3,6418618.395555266,698683.8782159934,561528.4863840602,1388912.15943392,0.21941740275417376,0.21638802524788,0.10885268996515117,1.2407764615211365,1.1307083211769131,0.13146685889750037
338,Environmental/occupational risks,Air pollution,Ambient ozone pollution,2010,314441.933623675,152434.0,390136.061114797,3.0,285670.664912824,121434.78452230922,75694.127491122,237702.06111479702,0.7559489867508559,0.8320842505384122,0.42508664499859156,2.559376917976285,2.06280707469249,0.3567548884116028,5430068.02116193,2456000.0,7012656.03781333,3,4966241.352991753,2313467.0832571955,1582588.0166514004,4556656.03781333,0.8391526625550988,0.9175260954782873,0.465838633046604,2.855315976308359,2.2109397480301016,0.4319274512836593
339,Environmental/occupational risks,Air pollution,Ambient ozone pollution,2013,310463.41792293,217000.0,392525.235573056,3.0,306662.884498662,87824.3139539156,82061.817650126,175525.23557305598,0.5653652747475346,0.5723719577607436,0.28638716451615054,1.8088720533320553,1.4307069950365436,0.39172284635375887,5364590.82696637,5073000.0,7020785.36072909,3,5819458.7292318195,1050545.3627764795,291590.82696637046,1947785.36072909,0.36308181249128846,0.33470215209966814,0.18052286503888543,1.3839513819690696,1.3087270934881874,0.08055369356259573
340,Environmental/occupational risks,Air pollution,Ambient ozone pollution,2015,320742.107682046,254000.0,410356.211667652,3.0,328366.1064498993,78456.42261583224,66742.10768204601,156356.211667652,0.48748264703257815,0.4761642830865924,0.23892972226657863,1.615575636486819,1.2793961311573132,0.3083842165271427,5519893.03691956,4116000.0,7297500.69182856,3,5644464.576249373,1594404.34468006,1403893.0369195603,3181500.69182856,0.5763699895177739,0.5636496870253369,0.282472203189821,1.77295935175621,1.3410818845771526,0.376922064757232
341,Environmental/occupational risks,Air pollution,Ambient ozone pollution,2016,342251.002229635,233640.0,437777.646495798,3.0,337889.54957514437,102138.68699544689,95526.644266163,204137.64649579802,0.596455949481284,0.6041549575962816,0.3022842438420308,1.8737273005298665,1.4648647587298196,0.41364520740677374,5877640.24461253,3796830.0,7788576.77134255,3,5821015.671985026,1996475.7269498308,1910936.5267300205,3991746.7713425504,0.6791410506965618,0.6857474702488343,0.34297721213126575,2.05133671282163,1.5480388230741249,0.4818273685957083
342,Environmental/occupational risks,Air pollution,Ambient ozone pollution,2017,459109.262582353,355641.70700984,472000.0,3.0,428916.9898640644,63784.74022693531,12890.737417646975,116358.29299016,0.2534435753608612,0.27128394477224405,0.1487111532866778,1.3271784233870538,1.2909320069416106,0.041611168429706885,7370000.0,6072279.10623676,8162069.90458577,3,7201449.670274177,1055041.8500960337,792069.9045857703,2089790.7983490108,0.2835537039822267,0.2901902941813447,0.1465040927038605,1.3441526256924874,1.2137123263043637,0.15927375828983875
343,Environmental/occupational risks,Air pollution,Ambient ozone pollution,2019,417554.1227614885,365222.408647554,469885.836875423,2.0,417554.1227614885,74008.21984215768,52331.71411393449,104663.42822786898,0.2506583518698817,0.2506583518698817,0.1772422203682371,1.2865744974834528,1.1432872487417263,0.1857378387355824,7317820.389294585,6210145.35725744,8425495.42133173,2,7317820.389294585,1566489.0530089827,1107675.032037145,2215350.06407429,0.30273359364151364,0.30273359364151364,0.21406497695688692,1.3567307907672947,1.1783653953836475,0.2243255928883616
344,Environmental/occupational risks,Air pollution,Ambient particulate matter pollution,1990,2335778.928582605,2047171.05579335,2910161.0,4.0,2407222.47823964,370546.435596949,193193.40068592993,862989.9442066499,0.36946559181879796,0.3585002848750978,0.15393111311752256,1.4215524353787872,1.2459060077941284,0.12257693410663999,73969040.74404606,68120000.0,81699000.0,4,74439270.37202303,6256966.2129443865,4669863.979227409,13579000.0,0.1835768027192242,0.18241715605401043,0.08405464188020817,1.1993394010569582,1.1045026294541496,0.09356263576761452
345,Environmental/occupational risks,Air pollution,Ambient particulate matter pollution,2005,3254918.0639636,2912992.25824473,3934000.0,3.0,3367303.44073611,519699.00602682837,341925.8057188699,1021007.7417552699,0.3136815494863676,0.3032122764475519,0.15433684999686856,1.3505013577929983,1.20863257467362,0.15568258067249216,91747034.2788658,89579619.1435778,107582000.0,3,96302884.47414787,9827932.50772043,2167415.135288,18002380.8564222,0.19621757801678721,0.18693501191290765,0.10205231713862838,1.2009651417201057,1.1725937611563955,0.03501049658710042
346,Environmental/occupational risks,Air pollution,Ambient particulate matter pollution,2006,3242469.12138119,2951443.89706495,3687200.0,3.0,3293704.3394820467,370544.25704890484,291025.2243162403,735756.1029350501,0.22691229288303635,0.2233825586940059,0.11250076474902267,1.2492868333586553,1.1371580921730933,0.13301572545213572,91588834.7057802,90664422.9537782,105732080.0,3,95995112.55318613,8445119.038062433,924411.7520019859,15067657.046221793,0.16451412548947814,0.15696275201379187,0.08797446883958192,1.1661915066056667,1.1544210638737085,0.014957917314570695
347,Environmental/occupational risks,Air pollution,Ambient particulate matter pollution,2007,3032978.27781249,2420000.0,3302374.45660968,3.0,2918450.9114740565,452198.5832016948,269396.1787971901,882374.4566096799,0.29092673134674907,0.3023434292283534,0.15494472818571325,1.3646175440535868,1.2532968090134256,0.13163468393363764,92666593.0997608,73600000.0,92817643.2572087,3,86361412.11898984,11051965.141572865,151050.15744790435,19217643.257208705,0.20738480410647914,0.22252581084165685,0.12797341857200445,1.2611092833859878,1.2590569714641413,0.002415717745194326
348,Environmental/occupational risks,Air pollution,Ambient particulate matter pollution,2010,3359355.03026362,3223540.0,3616634.41274239,3.0,3399843.1476686695,199650.36957284843,135815.03026361996,393094.41274238983,0.11701484636220257,0.11562133771140042,0.05872340602234903,1.1219449464695304,1.0765859458619293,0.059915630541404793,98438942.9418797,76163000.0,100965031.787484,3,91855658.24312122,13648806.660859492,2526088.8456043005,24802031.787484005,0.2519534550683627,0.27001093086545214,0.1485897213292422,1.3256441026152332,1.2924772257116934,0.03803031155460402
349,Environmental/occupational risks,Air pollution,Ambient particulate matter pollution,2013,3698902.25926512,2926000.0,4239737.64209747,3.0,3621546.63378753,660276.1298583549,540835.3828323502,1313737.6420974704,0.3551696016856843,0.36275596449341346,0.18231882580173125,1.4489875741959912,1.2641497810202051,0.21669078585406706,110741062.258413,69673000.0,115475828.15425,3,98629963.47088766,25188961.910186708,4734765.895836994,45802828.154249996,0.4136029330057321,0.4643906024336052,0.2553885353270121,1.6573971000853989,1.5894401311614685,0.06336333528439989
350,Environmental/occupational risks,Air pollution,Ambient particulate matter pollution,2015,4241000.0,3870691.33739588,4582890.07451656,3.0,4231527.137304147,356193.8540104443,341890.07451655995,712198.73712068,0.16793179370919123,0.16830773241227823,0.08417619513067119,1.1839978120290606,1.0956699024348595,0.11947207980041072,114877683.211685,103066000.0,124168943.246192,3,114037542.15262567,10576527.36782438,9291260.034506992,21102943.246191993,0.183699241281752,0.185052596257715,0.09274601300744414,1.2047517439911513,1.1146031010389945,0.1198635538790075
351,Environmental/occupational risks,Air pollution,Ambient particulate matter pollution,2016,4092690.0,3875979.34447527,4630067.87229726,3.0,4199579.07225751,388241.3325165646,216710.65552473022,754088.5278219902,0.1842525399729738,0.1795628835288545,0.09244767769257956,1.1945543205478766,1.1313018753673647,0.07847288494551265,113872067.536535,105674020.0,124443408.262682,3,114663165.26640566,9409668.466661358,8198047.536534995,18769388.262682006,0.16482872989602992,0.1636915239438372,0.0820635680586626,1.1776159198134224,1.0928352400623207,0.10669435193355724
352,Environmental/occupational risks,Air pollution,Ambient particulate matter pollution,2017,3882444.11503387,2940000.0,4612077.58052128,3.0,3811507.231851717,838292.8425479803,729633.4654874098,1672077.58052128,0.4306765354449134,0.4386919606365135,0.2199373611422268,1.5687338709256053,1.320559222800636,0.2785144521888136,112799038.092998,83000000.0,122880504.208282,3,106226514.10042667,20736735.705057193,10081466.115283996,39880504.208281994,0.35355358416622507,0.3754289081780366,0.19521242771322286,1.4804880025094216,1.3590245553373252,0.13245443432357007
353,Environmental/occupational risks,Air pollution,Ambient particulate matter pollution,2019,4371634.466639335,4140971.07058417,4602297.8626945,2.0,4371634.466639335,326207.3030442508,230663.39605516498,461326.79211032996,0.105527302346706,0.105527302346706,0.07461907108967884,1.1114054612425124,1.0557027306212563,0.07819573103890914,119212730.827182,118215374.144248,120210087.510116,2,119212730.827182,1410475.347528707,997356.6829340011,1994713.3658680022,0.016732385476175858,0.016732385476175858,0.011831583235631249,1.0168735528716766,1.0084367764358384,0.012398697637846312
354,Environmental/occupational risks,Air pollution,Household air pollution from solid fuels,1990,4415852.108922885,2857000.0,4815870.19303623,4.0,4126143.6027205,868131.0469091255,228827.98759523034,1958870.1930362303,0.44359959181559594,0.47474600538495165,0.21039768134505513,1.6856388495051557,1.5456255193989796,0.07679674709460554,192178245.608119,101643000.0,211860686.865983,4,174465044.52055526,51180647.141383484,17975843.432991505,110217686.86598301,0.5735180197801046,0.6317465322000207,0.2933576022751849,2.084360820380971,1.890717959998416,0.13862234970141665
355,Environmental/occupational risks,Air pollution,Household air pollution from solid fuels,2005,3479178.85584566,3280000.0,4695249.52248176,3.0,3818142.7927758065,766097.3930419035,199178.85584565997,1415249.52248176,0.40677688072973905,0.37066437775965616,0.2006466061173546,1.4314785129517562,1.349528068840979,0.08484273921914255,150867742.146907,107509000.0,180879270.314624,3,146418670.82051036,36886919.338171534,30011528.16771701,73370270.31462401,0.486321789340361,0.501099141956876,0.25192770246760365,1.6824570065261886,1.4033033713168852,0.2948084468663101
356,Environmental/occupational risks,Air pollution,Household air pollution from solid fuels,2006,3400650.34615846,3260730.0,4553492.09400488,3.0,3738290.81338778,709442.9305850439,139920.34615845978,1292762.0940048797,0.3801514305830491,0.34581635258957555,0.18977735173634605,1.3964640108211597,1.3390062577732305,0.06097714610415139,146870419.655979,108733320.0,176495952.426264,3,144033230.69408098,33970293.187406816,29625532.77028498,67762632.42626399,0.46137699194287973,0.4704652676311084,0.23585038691215596,1.623200252013495,1.350739770072127,0.2989372514111625
357,Environmental/occupational risks,Air pollution,Household air pollution from solid fuels,2007,3312718.26676023,1960000.0,4477182.77013772,3.0,3249967.0122993165,1259764.0908209223,1164464.5033774897,2517182.77013772,0.7598541642961605,0.7745256369100314,0.3876236546566215,2.284276923539653,1.6901623810001174,0.5209426987261353,142496687.212987,80100000.0,172979348.123725,3,131858678.44557066,47344680.2700551,30482660.91073799,92879348.123725,0.6518000519191022,0.7043855529165207,0.3590562322342575,2.159542423517166,1.778984859088477,0.31702704359850176
358,Environmental/occupational risks,Air pollution,Household air pollution from solid fuels,2010,3478773.0,3038651.26257003,4231023.27222455,3.0,3582815.8449315266,602956.4142937482,440121.73742996994,1192372.00965452,0.34275648616754245,0.3328030413121354,0.1682912101515705,1.392401729129665,1.2162401146106832,0.18749726264726543,128874724.890673,110962000.0,161195507.807092,3,133677410.899255,25458803.415008843,17912724.890672997,50233507.80709201,0.38978556772638,0.3757815734847687,0.19044955496778498,1.4527091058839243,1.2507922553769746,0.20598808890181874
359,Environmental/occupational risks,Air pollution,Household air pollution from solid fuels,2013,2893000.0,2757444.00975721,3764041.82142325,3.0,3138161.9437268204,546249.0939138017,135555.99024278997,1006597.8116660397,0.3479425550176425,0.3207603143866513,0.1740665726336248,1.365047416413242,1.301086008096526,0.06944140253709462,114626172.93862,81087000.0,142765877.455828,3,112826350.13148268,30878803.45245879,28139704.51720801,61678877.45582801,0.5380872088336737,0.5466708564439979,0.2736843247740802,1.7606506277927165,1.413619605345123,0.36381780029272554
360,Environmental/occupational risks,Air pollution,Household air pollution from solid fuels,2015,2854000.0,2584719.39244693,3437663.29756499,3.0,2958794.2300039735,436021.4436253174,269280.60755306995,852943.9051180598,0.2988591118143167,0.28827415454197175,0.14736457142027476,1.3299947791665638,1.2045071119709145,0.1398296637679221,106127054.467135,85644000.0,130573405.713059,3,107448153.393398,22493818.06656874,20483054.467134997,44929405.71305899,0.42335487344532446,0.41814963118593357,0.20934578544325955,1.524606577379139,1.2391650841522466,0.286033442393283
361,Environmental/occupational risks,Air pollution,Household air pollution from solid fuels,2016,2576360.0,2528243.61345741,3332360.01525115,3.0,2812321.20956952,451008.94251063484,48116.38654258987,804116.4017937398,0.31211336994586925,0.2859262302817911,0.16036892975666547,1.3180533701394774,1.2934372584775224,0.027677997196089904,102837116.575342,77161350.0,126507474.621618,3,102168647.06565332,24679852.96567022,23670358.046276003,49346124.621618,0.47984741565041195,0.48298696360252574,0.24155994695526317,1.6395186789969072,1.3327542425753567,0.34111682428280277
362,Environmental/occupational risks,Air pollution,Household air pollution from solid fuels,2017,2474178.74865508,1640000.0,3246134.20377679,3.0,2453437.650810623,803267.9596437734,771955.45512171,1606134.2037767898,0.6491585155881952,0.654646431812163,0.3274050837926822,1.97935012425414,1.5086455784482193,0.46239099948306206,99342721.4420875,59500000.0,122500571.580739,3,93781097.6742755,31866389.018462278,23157850.138651505,63000571.58073901,0.634174005565829,0.6717832606263073,0.33979543648701976,2.0588331358107395,1.669625570455252,0.3454700395487813
363,Environmental/occupational risks,Air pollution,Household air pollution from solid fuels,2019,2719186.310555905,2313991.16639029,3124381.45472152,2.0,2719186.310555905,573032.4682867343,405195.1441656151,810390.2883312302,0.2980267608678699,0.2980267608678699,0.2107367435847324,1.350213216066593,1.1751066080332966,0.22083782980309158,103752599.97227046,91474468.7306209,116030731.21392,2,103752599.97227046,17363899.722537592,12278131.241649546,24556262.48329909,0.23668093609087526,0.23668093609087526,0.16735869488743774,1.2684493588655184,1.1342246794327593,0.17538057364333856
364,Environmental/occupational risks,Air pollution,Particulate matter pollution,1990,6827797.76236238,6405385.27363912,7250210.25108564,2.0,6827797.76236238,597381.4704682066,422412.4887232599,844824.9774465198,0.12373315772525387,0.12373315772525387,0.08749255488515172,1.1318929215582603,1.06594646077913,0.09168626987441313,284140056.7580575,278925844.745875,289354268.77024,2,284140056.7580575,7374009.344717224,5214212.012182504,10428424.024365008,0.03670170317888234,0.03670170317888234,0.025952023198883647,1.0373878011693975,1.0186939005846987,0.027195962055551817
365,Environmental/occupational risks,Air pollution,Particulate matter pollution,2005,7171590.522961291,6392171.1140904,7951009.93183218,2.0,7171590.522961291,1102265.4988020333,779419.4088708903,1558838.8177417805,0.21736305394888963,0.21736305394888963,0.15369888942667717,1.2438668787050458,1.1219334393525229,0.1610660229761272,256551099.755354,240447361.290485,272654838.220223,2,256551099.755354,22774125.341927044,16103738.464869007,32207476.929738015,0.12554020216810968,0.12554020216810968,0.0887703282646005,1.1339481404864664,1.066974070243233,0.09302528980656928
366,Environmental/occupational risks,Air pollution,Particulate matter pollution,2006,7077230.278800565,6354964.33187979,7799496.22572134,2.0,7077230.278800565,1021438.2977756058,722265.9469207749,1444531.8938415498,0.20410977697992416,0.20410977697992416,0.14432740740897826,1.2273076320184884,1.1136538160092442,0.15124534474212378,252897467.85364348,237629843.588484,268165092.118803,2,252897467.85364348,21591681.30100514,15267624.265159503,30535248.530319005,0.1207416143367253,0.1207416143367253,0.08537721426890937,1.1284992157096163,1.064249607854808,0.08946953622351345
367,Environmental/occupational risks,Air pollution,Particulate matter pollution,2007,6346739.24668578,4380000.0,7778940.7406633,3.0,6168559.995783026,1706461.374811746,1432201.4939775206,3398940.7406633003,0.5355412611977406,0.5510104048573568,0.27663853086916934,1.776013867731347,1.449027225270726,0.3344272596645673,235342965.548427,154000000.0,265548822.779498,3,218297262.775975,57694904.04817437,30205857.231071025,111548822.77949801,0.47398409601728414,0.5109950594935938,0.2642951327675743,1.7243430050616755,1.5282010749897856,0.1902121030561921
368,Environmental/occupational risks,Air pollution,Particulate matter pollution,2010,7123339.63321614,6398006.29283365,7848672.97359863,2.0,7123339.63321614,1025776.2472102983,725333.3403824903,1450666.6807649806,0.20364979847381143,0.20364979847381143,0.14400215348810586,1.2267373013355518,1.113368650667776,0.15090450066909428,244753977.856482,229839756.678158,259668199.034806,2,244753977.856482,21091893.86261786,14914221.178324014,29828442.356648028,0.12187112388481272,0.12187112388481272,0.08617589812977688,1.1297792983587973,1.0648896491793987,0.09030650279864623
369,Environmental/occupational risks,Air pollution,Particulate matter pollution,2013,7211466.6726277005,6443864.4445724,7979068.900683,2.0,7211466.6726277005,1085553.48142361,767602.2280552997,1535204.4561105995,0.21288380378123617,0.21288380378123617,0.15053158125849841,1.2382428229699471,1.1191214114849737,0.157746898601896,241271709.6550825,224944923.188655,257598496.12151,2,241271709.6550825,23089562.85079128,16326786.466427505,32653572.93285501,0.1353394186974343,0.1353394186974343,0.09569942072280122,1.1451625245414825,1.0725812622707411,0.1002865092547988
370,Environmental/occupational risks,Air pollution,Particulate matter pollution,2015,7238638.827527725,6455410.72984281,8021866.92521264,2.0,7238638.827527725,1107651.7981776863,783228.0976849152,1566456.1953698304,0.2164020381031824,0.2164020381031824,0.1530193486053499,1.2426578665441437,1.121328933272072,0.16035391023445816,237895248.43129402,221004737.67882,254785759.183768,2,237895248.43129402,23886789.381557304,16890510.752473995,33781021.50494799,0.14199956378996031,0.14199956378996031,0.10040885448141261,1.1528520241681017,1.076426012084051,0.10522167676836058
371,Environmental/occupational risks,Air pollution,Particulate matter pollution,2016,7203191.20355111,6407484.90515414,7998897.50194808,2.0,7203191.20355111,1125298.638858688,795706.2983969701,1591412.5967939403,0.22093160542640988,0.22093160542640988,0.15622223637544505,1.2483677480869004,1.1241838740434502,0.1637103196209697,234386627.7967025,216796383.959104,251976871.634301,2,234386627.7967025,24876361.40058156,17590243.837598503,35180487.675197005,0.15009596752981633,0.15009596752981633,0.10613387646908898,1.1622743287168174,1.0811371643584087,0.1112211119395939
372,Environmental/occupational risks,Air pollution,Particulate matter pollution,2017,6356622.86368895,4580000.0,7904445.97626581,3.0,6280356.27998492,1663534.7024092698,1547823.11257686,3324445.9762658104,0.5229893368782506,0.5293403475947057,0.2648790336482732,1.7258615668702644,1.3879089222028276,0.36086360667112133,212141759.535086,143000000.0,246669034.721683,3,200603598.08558965,52788863.09873854,34527275.18659699,103669034.721683,0.4886781129225867,0.5167855198561867,0.26315013091747047,1.724958284767014,1.4835088079376644,0.24120390977559444
373,Environmental/occupational risks,Air pollution,Particulate matter pollution,2019,7091559.7360875,6454962.23697447,7728157.23520053,2.0,7091559.7360875,900284.8170184412,636597.4991130298,1273194.9982260596,0.17953666691222103,0.17953666691222103,0.12695159464526196,1.197242826756307,1.0986214133781536,0.13303667018195578,222987859.047589,209689842.874868,236285875.22031,2,222987859.047589,18806234.824118793,13298016.172720999,26596032.345441997,0.11927121260788462,0.11927121260788462,0.08433748323537765,1.126835100741208,1.063417550370604,0.08837996854244251
374,Environmental/occupational risks,Non-optimal temperature,High temperature,1990,226373.5390059665,206050.03483957,246697.043172363,2.0,226373.5390059665,28741.775227064016,20323.504166396495,40647.00833279299,0.1795572420313739,0.1795572420313739,0.12696614345153862,1.1972676605681754,1.0986338302840877,0.13305191634524807,13315799.03388365,12966284.4156842,13665313.6520831,2,13315799.03388365,494288.3133053157,349514.61819944996,699029.2363988999,0.05249622907496096,0.05249622907496096,0.037120439565627245,1.0539112990266775,1.0269556495133387,0.03889970574454607
375,Environmental/occupational risks,Non-optimal temperature,High temperature,2005,312521.59667871904,250630.295388659,374412.897968779,2.0,312521.59667871904,87527.51767732229,61891.301290060015,123782.60258012003,0.3960769556267563,0.3960769556267563,0.2800687011954026,1.493885235973437,1.2469426179867185,0.2934930241194264,14746259.33920155,13079534.8425551,16412983.835848,2,14746259.33920155,2357104.387896879,1666724.49664645,3333448.9932929,0.2260538701114009,0.2260538701114009,0.15984422446923455,1.2548599039200776,1.1274299519600388,0.16750591775254806
376,Environmental/occupational risks,Non-optimal temperature,High temperature,2006,295690.04490035854,246376.717158888,345003.372641829,2.0,295690.04490035854,69739.57689773696,49313.32774147051,98626.65548294102,0.3335474331446504,0.3335474331446504,0.23585365182394882,1.400308343338047,1.2001541716690236,0.24715864796018597,13580006.7845804,12646220.0819034,14513793.4872574,2,13580006.7845804,1320573.8192894668,933786.7026770003,1867573.4053540006,0.13752374612025686,0.13752374612025686,0.09724397345581079,1.1476783887405595,1.0738391943702799,0.10190509587511033
377,Environmental/occupational risks,Non-optimal temperature,High temperature,2007,301072.30488339905,247574.40125781,354570.208508988,2.0,301072.30488339905,75657.46086583672,53497.90362558901,106995.80725117802,0.35538242978747564,0.35538242978747564,0.25129332601727605,1.4321763748900624,1.2160881874450313,0.26333838047251945,13546735.591042701,12432133.2258632,14661337.9562222,2,13546735.591042701,1576285.781489978,1114602.3651795005,2229204.730359001,0.16455659855301108,0.16455659855301108,0.1163590867258265,1.1793099132594134,1.0896549566297067,0.1219364395277812
378,Environmental/occupational risks,Non-optimal temperature,High temperature,2010,395900.181540199,289341.561270924,502458.801809474,2.0,395900.181540199,150696.64597257331,106558.62026927501,213117.24053855002,0.5383105400695819,0.5383105400695819,0.38064303326739407,1.736559378481401,1.3682796892407005,0.3988881101915602,17428830.916164547,13642029.4608594,21215632.3714697,2,17428830.916164547,5355345.976106718,3786801.45530515,7573602.9106103,0.4345445169007913,0.4345445169007913,0.30726937462798193,1.5551668783841777,1.2775834391920886,0.32199748702348635
379,Environmental/occupational risks,Non-optimal temperature,High temperature,2013,327912.12078944803,258064.588826385,397759.652752511,2.0,327912.12078944803,98779.32700045196,69847.53196306301,139695.06392612602,0.4260137246217381,0.4260137246217381,0.3012371935585694,1.541318220223182,1.2706591101115912,0.3156761699447079,13134761.56122085,11452230.5246244,14817292.5978173,2,13134761.56122085,2379458.2110683615,1682531.03659645,3365062.0731929,0.2561951397068318,0.2561951397068318,0.18115732059373565,1.2938346434746837,1.1469173217373418,0.18984059852276236
380,Environmental/occupational risks,Non-optimal temperature,High temperature,2015,362016.53948819195,282914.344782602,441118.734193782,2.0,362016.53948819195,111867.39656612262,79102.19470559,158204.38941118,0.437008733454125,0.437008733454125,0.3090118388631563,1.5591953618779846,1.2795976809389922,0.32382347148950663,14077373.43709855,12025734.7177074,16129012.1564897,2,14077373.43709855,2901455.3020527335,2051638.7193911504,4103277.438782301,0.29148032884947156,0.29148032884947156,0.2061077171119462,1.3412080455043127,1.1706040227521564,0.21598692367745842
381,Environmental/occupational risks,Non-optimal temperature,High temperature,2016,401172.267487709,306097.515034792,496247.019940626,2.0,401172.267487709,134456.0043581799,95074.75245291699,190149.50490583398,0.4739846702181619,0.4739846702181619,0.3351577744897317,1.621205647109618,1.310602823554809,0.3512226406316579,15106137.618762251,12566599.7804907,17645675.4570338,2,15106137.618762251,3591448.8530432787,2539537.838271551,5079075.676543102,0.33622596356031775,0.33622596356031775,0.23774765884448168,1.4041726294513037,1.2020863147256518,0.24914343899819544
382,Environmental/occupational risks,Non-optimal temperature,High temperature,2017,385974.2199571765,293309.81205285,478638.627861503,2.0,385974.2199571765,131047.26240757118,92664.40790432651,185328.81580865302,0.4801585344980167,0.4801585344980167,0.33952335578814247,1.6318534470822939,1.315926723541147,0.3557974740630304,14208282.868386649,11775151.4422413,16641414.294532,2,14208282.868386649,3440967.4618909447,2433131.4261453496,4866262.852290699,0.34249478964964214,0.34249478964964214,0.24218038828232216,1.4132654154097612,1.2066327077048804,0.25378863913038485
383,Environmental/occupational risks,Non-optimal temperature,High temperature,2019,416080.149718681,307846.961437029,524313.338000333,2.0,416080.149718681,153064.84276679307,108233.18828165202,216466.37656330405,0.5202516311092003,0.5202516311092003,0.3678734562806778,1.7031622971129532,1.3515811485564766,0.3855064586519174,14492408.84380785,11696516.3912352,17288301.2963805,2,14492408.84380785,3953989.025364818,2795892.4525726503,5591784.905145301,0.3858423375582931,0.3858423375582931,0.272831733356338,1.47807267720631,1.2390363386031549,0.28590917213069517
384,Environmental/occupational risks,Non-optimal temperature,Low temperature,1990,1163967.8139286,1051293.06862772,1276642.55922948,2.0,1163967.8139286,159346.15294143863,112674.74530088005,225349.4906017601,0.19360457214118765,0.19360457214118765,0.13689910582975384,1.2143545861059606,1.1071772930529802,0.14346098795662005,24722439.9851195,22617512.9584785,26827367.0117605,2,24722439.9851195,2976816.3488813755,2104927.026641,4209854.053282,0.17028473143491996,0.17028473143491996,0.12040948833016195,1.1861324921537792,1.0930662460768896,0.12618098599327568
385,Environmental/occupational risks,Non-optimal temperature,Low temperature,2005,1341345.06855518,1252229.91371203,1430460.22339833,2.0,1341345.06855518,126027.86059216104,89115.15484314994,178230.30968629988,0.13287431688124768,0.13287431688124768,0.09395633051226038,1.1423303402471559,1.071165170123578,0.09845986880900454,23511602.827019952,22904243.8372318,24118961.8168081,2,23511602.827019952,858935.3205876257,607358.9897881504,1214717.9795763008,0.05166461804043088,0.05166461804043088,0.03653240176380157,1.053034624858548,1.0265173124292741,0.03828348196795929
386,Environmental/occupational risks,Non-optimal temperature,Low temperature,2006,1278387.07021795,1176397.16270425,1380376.97773165,2.0,1278387.07021795,144235.51043105213,101989.90751369996,203979.81502739992,0.1595602926370522,0.1595602926370522,0.11282616493176958,1.1733936645669054,1.0866968322834527,0.11823417684405567,22262448.441537797,21416674.7253818,23108222.1576938,2,22262448.441537797,1196104.6600865067,845773.7161560003,1691547.4323120005,0.07598209319851233,0.07598209319851233,0.05372745334941626,1.0789827297655727,1.0394913648827862,0.056302731060097644
387,Environmental/occupational risks,Non-optimal temperature,Low temperature,2007,1303077.822802535,1210034.14817079,1396121.49743428,2.0,1303077.822802535,131583.6265572434,93043.67463174509,186087.34926349018,0.1428060135834952,0.1428060135834952,0.10097910059910768,1.153786857622819,1.0768934288114094,0.10581925606536996,22771063.544990197,22165254.866839,23376872.2231414,2,22771063.544990197,856742.8488447424,605808.6781511996,1211617.3563023992,0.05320864148082201,0.05320864148082201,0.037624191208813,1.05466291110034,1.02733145555017,0.039427603337289105
388,Environmental/occupational risks,Non-optimal temperature,Low temperature,2010,1379029.033399455,1297638.89311256,1460419.17368635,2.0,1379029.033399455,115103.04023717571,81390.14028689498,162780.28057378996,0.11803977772137186,0.11803977772137186,0.0834667272765348,1.12544343533303,1.062721717666515,0.08746747529153655,23232310.0645236,22896443.6336354,23568176.4954118,2,23232310.0645236,474986.86170793587,335866.4308881983,671732.8617763966,0.028913735220939214,0.028913735220939214,0.02044509824415844,1.0293378689077113,1.0146689344538558,0.02142507779871596
389,Environmental/occupational risks,Non-optimal temperature,Low temperature,2013,1436891.88836263,1361600.46910613,1512183.30761913,2.0,1436891.88836263,106478.14624286107,75291.41925649997,150582.83851299994,0.10479761193766109,0.10479761193766109,0.07410310205327644,1.1105925283735067,1.0552962641867534,0.07765503044580686,24199780.5308255,24084069.779827,24315491.281824,2,24199780.5308255,163639.7133744559,115710.75099850073,231421.50199700147,0.00956295870957253,0.00956295870957253,0.006762032951745693,1.0096089034831996,1.0048044517415997,0.0070861524037932454
390,Environmental/occupational risks,Non-optimal temperature,Low temperature,2015,1429933.5236997,1344380.27036144,1515486.77703796,2.0,1429933.5236997,120990.57117610847,85553.25333826,171106.50667652,0.1196604624205272,0.1196604624205272,0.08461272441747276,1.1272753776954176,1.0636376888477088,0.08866840265361066,24031366.4240611,23734015.1514699,24328717.6966523,2,24031366.4240611,420518.20248737384,297351.2725911997,594702.5451823995,0.02474693010327374,0.02474693010327374,0.01749872208957437,1.0250569716664888,1.0125284858332444,0.01833747520652584
391,Environmental/occupational risks,Non-optimal temperature,Low temperature,2016,1436029.434266985,1346650.48110381,1525408.38743016,2.0,1436029.434266985,126400.92775407169,89378.95316317503,178757.90632635006,0.12448067014559229,0.12448067014559229,0.08802112598659408,1.1327426149804123,1.0663713074902061,0.09224017657788387,23792775.92380965,23350147.8076714,24235404.0399479,2,23792775.92380965,625970.684930366,442628.11613824964,885256.2322764993,0.037206933529374986,0.037206933529374986,0.026309275005778177,1.037912232486411,1.0189561162432055,0.02757033774526687
392,Environmental/occupational risks,Non-optimal temperature,Low temperature,2017,1482740.4771292699,1393582.48486343,1571898.46939511,2.0,1482740.4771292699,126088.44185630628,89157.99226583994,178315.9845316799,0.12026108903219329,0.12026108903219329,0.08503743156754295,1.1279550987964337,1.0639775493982169,0.08911346697285523,24509693.0844418,24119651.69706,24899734.4718236,2,24509693.0844418,551601.8199221591,390041.3873817995,780082.774763599,0.03182752113933152,0.03182752113933152,0.022505456025979514,1.0323422072823167,1.0161711036411585,0.023584193164244656
393,Environmental/occupational risks,Non-optimal temperature,Low temperature,2019,1558441.203084575,1463904.40485788,1652978.00131127,2.0,1558441.203084575,133695.22219552088,94536.79822669504,189073.59645339008,0.12132225205491391,0.12132225205491391,0.08578778713685317,1.1291570650555873,1.0645785325277937,0.0898997887726912,25764532.72165615,25574380.4699989,25954684.9733134,2,25764532.72165615,268915.89320946526,190152.2516572494,380304.5033144988,0.014760776274232104,0.014760776274232104,0.010437444999087074,1.0148705265318403,1.0074352632659203,0.010937735219205989
394,Environmental/occupational risks,Non-optimal temperature,Non-optimal temperature,1990,1386495.9531710749,1291493.57443557,1481498.33190658,2.0,1386495.9531710749,134353.6524654563,95002.37873550493,190004.75747100986,0.13703953266971117,0.13703953266971117,0.09690158284138813,1.1471201725134783,1.0735600862567392,0.10154629370825598,37914733.736701906,35381543.3642818,40447924.109122,2,37914733.736701906,3582472.180749458,2533190.3724200986,5066380.744840197,0.13362564484887524,0.13362564484887524,0.09448759961306501,1.1431927571015679,1.071596378550784,0.09901660283301654
395,Environmental/occupational risks,Non-optimal temperature,Non-optimal temperature,2005,1646888.62489585,1614870.01700123,1678907.23279047,2.0,1646888.62489585,45281.14953287775,32018.607894619927,64037.21578923985,0.038883756206215585,0.038883756206215585,0.027494967691419542,1.0396547184077114,1.0198273592038556,0.028812863348805746,38083118.0541018,37162867.9361871,39003368.1720165,2,38083118.0541018,1301430.1975304072,920250.117914699,1840500.235829398,0.04832850695719659,0.04832850695719659,0.03417341499405495,1.0495252475936396,1.02476262379682,0.03581142365528267
396,Environmental/occupational risks,Non-optimal temperature,Non-optimal temperature,2006,1567688.50567758,1510724.82228907,1624652.18906609,2.0,1567688.50567758,80558.81361075761,56963.683388509904,113927.36677701981,0.0726721962714006,0.0726721962714006,0.051387002787227055,1.0754123882100484,1.037706194105024,0.05385009743710785,35691395.20125975,35658056.16304,35724734.2394795,2,35691395.20125975,47148.52000684531,33339.03821974993,66678.07643949986,0.0018681835233257122,0.0018681835233257122,0.0013210052378445879,1.0018699302097296,1.0009349651048647,0.0013843239907843528
397,Environmental/occupational risks,Non-optimal temperature,Non-optimal temperature,2007,1596995.122354285,1552483.04958732,1641507.19512125,2.0,1596995.122354285,62949.576996380034,44512.07276696502,89024.14553393004,0.055744782365202805,0.055744782365202805,0.039417513626203174,1.0573430708680487,1.0286715354340243,0.04130688373261528,36138064.0801607,35776481.1034264,36499647.056895,2,36138064.0801607,511355.5496208865,361582.97673430294,723165.9534686059,0.020011197939781563,0.020011197939781563,0.014150053762885813,1.0202134455699543,1.0101067227849772,0.014828297673378137
398,Environmental/occupational risks,Non-optimal temperature,Non-optimal temperature,2010,1765747.038651615,1746956.58822795,1784537.48907528,2.0,1765747.038651615,26573.709832246386,18790.450423664995,37580.90084732999,0.021283286917489642,0.021283286917489642,0.015049556505295903,1.0215122122098355,1.0107561061049177,0.015770915605859824,40438057.21800479,37175431.9785862,43700682.4574234,2,40438057.21800479,4614048.862526553,3262625.2394185998,6525250.4788371995,0.16136409431489385,0.16136409431489385,0.11410164533008713,1.1755258817865486,1.0877629408932743,0.11957079388733634
399,Environmental/occupational risks,Non-optimal temperature,Non-optimal temperature,2013,1755564.9791683601,1743868.86598593,1767261.09235079,2.0,1755564.9791683601,16540.801889643386,11696.11318243004,23392.22636486008,0.013324614379093708,0.013324614379093708,0.009421925184152987,1.0134139824508162,1.006706991225408,0.009873539254908439,37126638.26658275,35736016.3913332,38517260.1418323,2,37126638.26658275,1966636.3161106196,1390621.8752495497,2781243.7504990995,0.07491235081745778,0.07491235081745778,0.05297103125765,1.0778274701926098,1.038913735096305,0.05551005195573622
400,Environmental/occupational risks,Non-optimal temperature,Non-optimal temperature,2015,1782513.643548625,1769555.12247647,1795472.16462078,2.0,1782513.643548625,18326.116248539198,12958.521072154981,25917.042144309962,0.014539603799449389,0.014539603799449389,0.0102810524423564,1.014646077884276,1.0073230389421381,0.010773846415391997,37876983.5373865,36312765.8688133,39441201.2059597,2,37876983.5373865,2212137.8413998433,1564217.6685732007,3128435.3371464014,0.08259462726377029,0.08259462726377029,0.058403221027787264,1.0861524938212765,1.0430762469106383,0.06120261880245379
401,Environmental/occupational risks,Non-optimal temperature,Non-optimal temperature,2016,1827520.054804755,1826796.91291389,1828243.19669562,2.0,1827520.054804755,1022.6770695812344,723.1418908649357,1446.2837817298714,0.0007913914695094204,0.0007913914695094204,0.000559598274663253,1.0007917047436996,1.0003958523718497,0.0005864210789064805,38681620.140267804,36760574.8423735,40602665.4381621,2,38681620.140267804,2716768.314215183,1921045.2978943028,3842090.5957886055,0.09932599983807208,0.09932599983807208,0.07023408803363462,1.1045166081396494,1.0522583040698248,0.0736005658800114
402,Environmental/occupational risks,Non-optimal temperature,Non-optimal temperature,2017,1858085.74388385,1854536.956855,1861634.5309127,2.0,1858085.74388385,5018.74274617347,3548.7870288500562,7097.5740577001125,0.0038198312866146106,0.0038198312866146106,0.0027010286057537257,1.0038271408027029,1.0019135704013513,0.0028304949833814264,38480520.21894055,36630714.3140724,40330326.1238087,2,38480520.21894055,2616020.5984223704,1849805.9048681483,3699611.8097362965,0.0961424582798469,0.0961424582798469,0.06798298420962447,1.1009975338732343,1.0504987669366173,0.07124156158536654
403,Environmental/occupational risks,Non-optimal temperature,Non-optimal temperature,2019,1961788.482929585,1956838.18915005,1966738.77670912,2.0,1961788.482929585,7000.772600749546,4950.293779534986,9900.587559069972,0.005046715099624396,0.005046715099624396,0.003568566469660953,1.005059481981681,1.0025297409908405,0.003739615888821677,39964660.299353555,37603449.4147547,42325871.1839524,2,39964660.299353555,3339256.4566226606,2361210.8845988475,4722421.769197695,0.11816494207193554,0.11816494207193554,0.08355523183758112,1.1255848025299702,1.0627924012649852,0.08756022207530423
404,Environmental/occupational risks,Occupational risks,Occupational asthmagens,1990,40665.24215128165,29958.1328696816,63000.0,4.0,43572.15429306123,13953.470264883525,6096.433565159199,33041.867130318395,0.812533391720551,0.7583253035432366,0.3202382459915595,2.102934794836884,1.5492345961110776,0.22217781244126145,2040215.191720975,1776608.0169689,2903000.0,4,2190009.6001027124,496621.3826818146,176195.99151555006,1126391.9830311,0.5520946945213944,0.5143319841969056,0.22676676059252107,1.6340126647367357,1.4228891206085195,0.12798770467235937
405,Environmental/occupational risks,Occupational risks,Occupational asthmagens,2005,36980.1528225879,32339.6568882542,50000.0,3.0,39773.26990361403,9155.493267835807,4640.4959343337,17660.3431117458,0.4775627401128169,0.4440254259844267,0.2301921187275549,1.546089377904317,1.3520766190414288,0.18597043142779715,1860421.96494453,1788377.7824739,2754000.0,3,2134266.58247281,537912.374515509,72044.18247063016,965622.2175261001,0.5190339803125743,0.4524374909189217,0.25203616967673803,1.539943085286116,1.4803093340612719,0.05738992574443041
406,Environmental/occupational risks,Occupational risks,Occupational asthmagens,2006,36830.0,32219.8474213164,36994.637924973,3.0,35348.16178209647,2710.4500486970715,164.63792497300165,4774.790503656601,0.12964405385980451,0.1350788913180484,0.07667867046115791,1.148194075571495,1.1430842461294077,0.006624854868585078,1863845.81614011,1787294.83728704,2122640.0,3,1924593.5511423834,175732.21110449612,76550.97885306994,335345.16271296004,0.17992108564400228,0.17424206919632917,0.09130873944796632,1.1876272206000356,1.138849566642714,0.06086799115990904
407,Environmental/occupational risks,Occupational risks,Occupational asthmagens,2007,37100.9703998483,32564.8274166396,38000.0,3.0,35888.59927216263,2913.3585543428217,899.0296001516981,5435.1725833604,0.14649677689785232,0.1514456594458466,0.0811778284309524,1.166903159467788,1.139295778392207,0.03591177947815253,1872140.08765562,1798111.71138653,1930000.0,3,1866750.5996807169,66109.11513415685,57859.91234438005,131888.28861347004,0.0704478737905915,0.07065126355712852,0.03541400503391505,1.0733482173428315,1.0411700651301616,0.045802336406219106
408,Environmental/occupational risks,Occupational risks,Occupational asthmagens,2010,33716.0,32356.193342072,36287.1497633778,3.0,34119.781035149936,1996.3426408839184,1359.8066579279985,3930.9564213057965,0.11659023672160981,0.11521048207361459,0.058509831549836196,1.1214900770231975,1.0762590391320974,0.059770834827657306,1859078.32135768,1794944.76537539,2020000.0,3,1891341.0289110234,115944.49698881354,64133.55598229007,225055.23462461005,0.12105742509022041,0.11899241394567008,0.06130279797058643,1.1253828189958495,1.0865599242342836,0.0511252962684983
409,Environmental/occupational risks,Occupational risks,Occupational asthmagens,2013,35316.3325769334,31346.1872419832,52000.0,3.0,39554.1732729722,10959.67452457218,3970.145334950197,20653.8127580168,0.5848232602585323,0.5221651989912725,0.2770801060342486,1.658893938155079,1.4724065667555588,0.1666015397714066,1829366.70036748,1744513.50357509,2771000.0,3,2114960.0679808566,569729.155436365,84853.19679238996,1026486.4964249099,0.5611157654825089,0.4853455684413428,0.26938057321350894,1.588408455607421,1.5147318465146251,0.06874096791040363
410,Environmental/occupational risks,Occupational risks,Occupational asthmagens,2015,34898.5364566612,30839.0526090794,42000.0,3.0,35912.5296885802,5649.1435962902815,4059.483847581796,11160.947390920599,0.3198113309072671,0.31078143165363425,0.15730285906555472,1.3619095415283502,1.2034888641292385,0.17238989576503855,1823945.97063032,1721104.31111548,2621000.0,3,2055350.0939152667,492558.58933043916,102841.65951484,899895.68888452,0.4933784790640118,0.43783085497142504,0.2396470512681161,1.5228594705577612,1.436994320119161,0.08356132355626877
411,Environmental/occupational risks,Occupational risks,Occupational asthmagens,2016,34903.6573566135,30637.2000323658,37570.0,3.0,34370.28579632643,3497.0405722266755,2666.3426433865025,6932.799967634201,0.19862674838917943,0.20170911608698908,0.10174604287405857,1.2262869962108234,1.1392574164656208,0.11321219885715122,1844591.81549359,1720765.59444634,2339480.0,3,1968279.1366466433,327377.14332313836,123826.22104724986,618714.4055536599,0.3354207691678929,0.3143428155255273,0.16632658306833994,1.3595576338523507,1.2682914346413188,0.09948567376838281
412,Environmental/occupational risks,Occupational risks,Occupational asthmagens,2017,34000.0,30530.3959324075,34765.5449604963,3.0,33098.64696430127,2256.867252133557,765.5449604962996,4235.149028088799,0.12456320670849409,0.12795535215251075,0.06818608792582108,1.1387190994006489,1.1136442539190778,0.0333687538663387,1863312.27312111,1723292.96235285,1910000.0,3,1832201.7451579866,97163.66702297618,46687.72687889007,186707.03764715,0.10020168940035451,0.10190309999461913,0.05303109620965784,1.1083431788592897,1.0812510198945444,0.03713344898363037
413,Environmental/occupational risks,Occupational risks,Occupational asthmagens,2019,32510.3462078074,30625.3783414065,34395.3140742083,2.0,32510.3462078074,2665.747121301629,1884.9678664008989,3769.9357328017977,0.11596110692590665,0.11596110692590665,0.08199688506120695,1.12309842153704,1.06154921076852,0.08592718023209682,1816386.67166914,1736430.77700556,1896342.56633272,2,1816386.67166914,113074.7106249094,79955.89466358,159911.78932716,0.08803840714169718,0.08803840714169718,0.062252554694756254,1.0920922339345567,1.0460461169672783,0.06523645969199761
414,Environmental/occupational risks,Occupational risks,Occupational carcinogens,1990,180031.366257847,72073.0,211987.951821743,4.0,161030.92108435923,65329.11430433426,29993.975910871493,139914.951821743,0.777169860619466,0.8688700957528882,0.4056929803569236,2.9412949623540436,2.4979030463259058,0.24690737633045137,4079542.8483175,1758000.0,5140984.83461184,4,3764517.6328117102,1617722.3418883742,995992.4173059198,3382984.8346118396,0.8292558652759493,0.898650282608743,0.4297289851396182,2.9243372210533787,2.320559071852958,0.36182013949335906
415,Environmental/occupational risks,Occupational risks,Occupational carcinogens,2005,269940.003275465,264522.784345645,391000.0,3.0,308487.5958737033,71509.15459757145,5417.2189298199955,126477.21565435501,0.46853824597938204,0.40999125198581904,0.23180560759677266,1.4781335413780106,1.4484700128013157,0.029741121569894165,6282863.54625493,6067022.41571095,8109000.0,3,6819628.653988627,1121831.4041534986,215841.13054397982,2041977.5842890497,0.32500746980351425,0.29942650661700604,0.16450036520644978,1.3365699752486846,1.2906535276949613,0.05091254220487554
416,Environmental/occupational risks,Occupational risks,Occupational carcinogens,2006,273578.440662151,268024.027416535,628390.0,3.0,389997.489359562,206472.64885140178,5554.413245616015,360365.972583465,1.3172308889226036,0.9240212627400328,0.5294204565020733,2.3445286083378702,2.296928071082965,0.030088776038344322,6330203.80095012,6120193.15097353,17462680.0,3,9971025.650641216,6488812.663806506,210010.64997659065,11342486.849026471,1.7918043724475414,1.1375446465025452,0.6507668209026445,2.853289033406117,2.7586284026714862,0.04916678720811374
417,Environmental/occupational risks,Occupational risks,Occupational carcinogens,2007,273934.272074888,271000.0,280723.614140091,3.0,275219.295404993,4987.547664487029,2934.2720748879947,9723.614140090998,0.035496157769673894,0.03533042305693874,0.018122085724940583,1.0358804949818856,1.0247845660704584,0.015874578898237283,6226049.33133107,5600000.0,6452655.48620046,3,6092901.605843843,441646.4447255886,226606.15486939065,852655.4862004602,0.13694968363158966,0.13994243487908267,0.0724854056894658,1.1522599082500822,1.1117945234519766,0.05393955358279175
418,Environmental/occupational risks,Occupational risks,Occupational carcinogens,2010,296021.240136376,118097.0,305527.783054809,3.0,239882.00773039498,105575.96634880631,9506.542918433028,187430.78305480903,0.6331666706364053,0.7813457325464099,0.4401162360933041,2.5870918232877127,2.5065940721303335,0.04759353281077781,6621542.41139632,2681000.0,6878161.27047311,3,5393567.893956476,2352654.1913764277,256618.85907678958,4197161.27047311,0.6338645907106758,0.7781790000596921,0.436196268895139,2.5655208021160423,2.4698032120090714,0.05743512999286285
419,Environmental/occupational risks,Occupational risks,Occupational carcinogens,2013,314609.43664363,304000.0,320291.752859635,3.0,312967.06316775497,8269.12001276733,5682.316216005012,16291.752859634988,0.051784056554188086,0.052055806431306056,0.02642169412036486,1.0535912923014308,1.0348994626435197,0.026767132994991602,6958357.61039421,5803000.0,7137926.78061488,3,6633094.79700303,724468.28828601,179569.1702206703,1334926.78061488,0.1918450955468,0.201252480398445,0.10922025245490836,1.230040803138873,1.1990966069953835,0.038244874030260834
420,Environmental/occupational risks,Occupational risks,Occupational carcinogens,2015,328350.988549315,319299.388316512,489000.0,3.0,378883.45895527565,95471.05490898517,9051.60023280303,169700.611683488,0.5168268639398376,0.4478965963608348,0.2519800024319742,1.5314780356399207,1.489260020688371,0.04085406169867331,7291303.57253001,7024890.59221727,9832000.0,3,8049398.05491576,1549514.8401946218,266412.9803127395,2807109.4077827297,0.38499417557630106,0.3487353201607952,0.19250070994418453,1.3995947511115217,1.3484557188157773,0.05414999291909607
421,Environmental/occupational risks,Occupational risks,Occupational carcinogens,2016,331541.516562043,324406.32318238,746540.0,3.0,467495.94658147433,241685.57167800076,7135.193379662989,422133.67681762,1.2732452972857897,0.9029675656108631,0.5169789672943833,2.301249842100945,2.251724030647294,0.031894517158250736,7332982.08318294,7108964.90056732,20682730.0,3,11708225.661250087,7772955.809678035,224017.18261562008,13573765.09943268,1.8510566295480266,1.1593357945223794,0.6638884519798465,2.9093869908331444,2.820507368677832,0.04527400460962868
422,Environmental/occupational risks,Occupational risks,Occupational carcinogens,2017,334000.0,325834.059341524,335048.766833865,3.0,331627.6087251297,5044.689169132466,1048.7668338650255,9214.707492341055,0.02758894458784747,0.027786309854493103,0.01521190949247464,1.0282803691884237,1.0250616546194664,0.004653510322718467,7132956.95662855,6750000.0,7382932.24713258,3,7088629.7345870435,318785.9537770005,249975.29050402995,632932.2471325798,0.0887335015451629,0.08928837742001938,0.04497144944975345,1.0937677403159378,1.0567343639449704,0.05193685911460693
423,Environmental/occupational risks,Occupational risks,Occupational carcinogens,2019,340514.5327812085,330703.659319425,350325.406242992,2.0,340514.5327812085,13874.670308380502,9810.873461783485,19621.74692356697,0.05762381641483293,0.05762381641483293,0.04074619134477712,1.0593333226609822,1.0296666613304912,0.0426992479633912,7461527.222918389,7231291.56222068,7691762.8836161,2,7461527.222918389,325602.39390063164,230235.66069771023,460471.32139542047,0.06171274427319166,0.06171274427319166,0.04363749996120505,1.0636776041227707,1.0318388020613853,0.04572914350643501
424,Environmental/occupational risks,Occupational risks,Occupational injuries,1990,432560.72303266753,151000.0,618630.161965412,4.0,408687.90200768673,193109.0931860382,98677.58098270599,467630.161965412,1.0810740251377284,1.1442231582294713,0.47250993297669514,4.096888489837165,2.8646405498852157,0.3380801058197927,25663336.84461455,9776000.0,41742880.3532448,4,25711388.510618474,13535640.479947064,10142836.84461455,31966880.353244796,1.2456244699119492,1.2432965391986857,0.5264453327503887,4.269934569685433,2.6251367476078715,0.5857260220965054
425,Environmental/occupational risks,Occupational risks,Occupational injuries,2005,378831.75550052,189000.0,633806.778187205,3.0,400546.1778959083,223197.0084595543,189831.75550052,444806.77818720497,1.1741538868607186,1.110500618240324,0.5572316521206638,3.3534750168635186,2.004400822754074,0.7426269249262671,25585317.0803159,12212000.0,41059362.5728246,3,26285559.884380165,14436423.963034723,13373317.0803159,28847362.572824597,1.127496778025798,1.0974604573656712,0.549215007271478,3.3622144262057483,2.095096387186038,0.7746339766207602
426,Environmental/occupational risks,Occupational risks,Occupational injuries,2006,373199.642933993,352960.0,629643.145489626,3.0,451934.262807873,154232.7657293406,20239.64293399302,276683.145489626,0.7413810563011775,0.612219891828051,0.3412725664371862,1.7838937712194753,1.6871483063047559,0.08037293549469667,25282133.8238965,21906210.0,40787830.842343,3,29325391.555413168,10069252.76379049,3375923.823896501,18881620.842343003,0.7468365199655823,0.6438659414543315,0.34336294350115193,1.8619300573829523,1.613306500410603,0.1978914889804792
427,Environmental/occupational risks,Occupational risks,Occupational injuries,2007,367615.220941532,348000.0,626095.067926393,3.0,447236.762955975,155206.021680264,19615.220941531996,278095.067926393,0.7564840955555078,0.6218072639832787,0.34703323728228963,1.7991237584091753,1.7031260738411356,0.07907658818069958,24946690.9372758,22700000.0,40475192.0064555,3,29373960.98124377,9679354.459273202,2246690.937275801,17775192.006455503,0.7125270462182015,0.605134323484856,0.32952159449839896,1.7830481060112557,1.6224673688475746,0.1334684418632691
428,Environmental/occupational risks,Occupational risks,Occupational injuries,2010,481429.0,349788.587405763,605265.399625491,3.0,478827.66234375135,127758.27023598083,123836.399625491,255476.81221972802,0.5306635292425841,0.5335464767620729,0.2668147232986362,1.7303749219335418,1.3763427891417481,0.38120998993616434,23955034.3996796,23444000.0,39076005.4364977,3,28825013.27872577,8881296.031742228,511034.3996796012,15632005.436497703,0.6525561673460498,0.5423069639324283,0.3081107351404777,1.6667806447917464,1.6312230984323006,0.03161560813017653
429,Environmental/occupational risks,Occupational risks,Occupational injuries,2013,333491.861149725,159000.0,570600.039397921,3.0,354363.9668492153,206592.30795298392,174491.86114972498,411600.03939792095,1.2342131468483677,1.1615177554806526,0.5829946814002411,3.5886794930686854,2.097433088991981,0.7754220367848569,23071513.0769108,9947000.0,36879788.9772918,3,23299434.018067535,13467841.010733532,13124513.076910801,26932788.9772918,1.167361190725078,1.1559417690750249,0.5780329685386306,3.707629333195114,2.3194443628139942,0.8430538697285201
430,Environmental/occupational risks,Occupational risks,Occupational injuries,2015,323033.517272718,204000.0,536933.977478558,3.0,354655.83158375864,168704.58325639207,119033.51727271802,332933.97747855796,1.0306483992417468,0.9387522996359623,0.47568534966144865,2.6320293013654803,1.6621618153179334,0.5460971173750914,22573762.5579598,13492000.0,34793374.5359897,3,23619712.364649832,10689136.893557582,9081762.557959799,21301374.5359897,0.9436342072482092,0.901847330193155,0.4525515268151764,2.578815189444834,1.6731220395760302,0.5962307823668742
431,Environmental/occupational risks,Occupational risks,Occupational injuries,2016,335710.0,320912.810435298,526419.986772139,3.0,394347.5990691457,114617.08380486202,14797.189564701985,205507.17633684096,0.6121568506652795,0.5211320591831647,0.2906498836950313,1.6403832120571422,1.568079553102794,0.0653225549876034,22621811.9988107,21774600.0,34179615.893972,3,26192009.297594234,6930428.29820823,847211.9988107011,12405015.893972002,0.5483652633407161,0.47361833729615455,0.26460086431187996,1.5697012066339682,1.510914152047985,0.055502546935827596
432,Environmental/occupational risks,Occupational risks,Occupational injuries,2017,317710.114529532,304000.0,517154.063345738,3.0,379621.39262508997,119303.89116356963,13710.114529531973,213154.063345738,0.6709073888358211,0.5614911790712666,0.3142707273122326,1.7011646820583486,1.6277544833961124,0.06395260586164857,22623766.2317491,21100000.0,33657880.917222,3,25793882.382990364,6852905.996148836,1523766.2317490987,12557880.917222,0.5550747293171231,0.4868550120048321,0.26567950859029843,1.5951602330436967,1.4877222727835722,0.09981634058272248
433,Environmental/occupational risks,Occupational risks,Occupational injuries,2019,402386.7879154135,311490.532759968,493283.043070859,2.0,402386.7879154135,128546.71680975637,90896.25515544548,181792.51031089097,0.4517854854347403,0.4517854854347403,0.31946058039256103,1.5836213020669194,1.2918106510334597,0.3347730447071426,27386862.77457115,22419935.5870209,32353789.9621214,2,27386862.77457115,7024295.791953217,4966927.18755025,9933854.3751005,0.3627233413651212,0.3627233413651212,0.2564841343739201,1.443081307550736,1.2215406537753681,0.26877799595155477
434,Environmental/occupational risks,Occupational risks,Occupational noise,1990,0.0,0.0,0.0,1.0,0.0,,0.0,0.0,,,,,,,3885746.94764339,2869000.0,5039000.0,4,3919873.473821695,887629.3265121031,532219.2928918051,2170000.0,0.55845118821133,0.553589296820938,0.22644336161358433,1.7563611014290694,1.3543907102277413,0.20298516673712166
435,Environmental/occupational risks,Occupational risks,Occupational noise,2010,0.0,0.0,0.0,1.0,0.0,,0.0,0.0,,,,,,,5939497.96887387,3451000.0,6136268.57199618,3,5175588.846956683,1496774.7612278932,196770.6031223107,2685268.5719961803,0.4521036266143059,0.5188334412566706,0.2891989308826216,1.7781131764694813,1.7210947461239843,0.049097421256051814
436,Environmental/occupational risks,Occupational risks,"Occupational particulate matter, gases, and fumes",1990,353432.49790393,197000.0,443564.63945714,4.0,336857.40881625,120550.35240747251,83958.81972857,246564.63945714,0.6976286587097069,0.7319555188754564,0.35786759991741995,2.2515971546047715,1.7940735934209646,0.3520529990186767,9674260.175123455,7212000.0,10183993.740396,4,9186128.522660729,1341561.097858624,315996.8701980002,2971993.7403960004,0.3072063069006798,0.32353060737878436,0.14604205618821953,1.4120900915690517,1.3414115606105734,0.048407563281960234
437,Environmental/occupational risks,Occupational risks,"Occupational particulate matter, gases, and fumes",2005,488139.055809418,337000.0,494126.106602187,3.0,439755.0541372017,89038.82331518781,5987.050792769005,157126.10660218698,0.32188800451880467,0.35730369696482056,0.20247367819315176,1.4662495744872017,1.448483845131804,0.018176806730145843,10805061.6703476,8405000.0,11030719.4994814,3,10080260.389943,1455198.7474384117,225657.82913380116,2625719.4994814005,0.24300828441240455,0.2604813167426767,0.1443612259153794,1.3123997024963,1.2855516561984057,0.030950762983061705
438,Environmental/occupational risks,Occupational risks,"Occupational particulate matter, gases, and fumes",2006,478916.053247343,407530.0,480670.478091141,3.0,455705.5104461613,41730.43681408431,1754.424843797984,73140.47809114098,0.15272087372140467,0.16049943749754603,0.09157325478295811,1.179472623098032,1.1751676029920324,0.0054290467001025244,10552638.1806644,8771110.0,10899207.6511086,3,10074318.610591,1141837.1650545828,346569.47044420056,2128097.6511086,0.20166498790870266,0.21123985982251534,0.11334137912356516,1.2426258080343993,1.203113195554998,0.04867180570441654
439,Environmental/occupational risks,Occupational risks,"Occupational particulate matter, gases, and fumes",2007,478218.980984087,432000.0,482529.012793542,3.0,464249.33125920966,28011.75857652116,4310.031809455017,50529.012793542,0.10566082653089712,0.10884024895951774,0.060337746746006685,1.1169653073924584,1.1069883819076087,0.013356782970989772,10615923.7709864,10500000.0,10856467.0624428,3,10657463.611143067,181827.83173054308,115923.77098640054,356467.06244280003,0.033578525065998864,0.03344764527932243,0.017061079292865735,1.0339492440421714,1.0226587244450465,0.016183144520251443
440,Environmental/occupational risks,Occupational risks,"Occupational particulate matter, gases, and fumes",2010,480814.10396482,218864.0,503307.030601727,3.0,400995.04485551565,158130.55069244117,22492.92663690704,284443.030601727,0.5915862872078708,0.7093430062314511,0.39434539833133825,2.2996337022156546,2.196862453234977,0.06932932499487418,10908915.3205563,9142000.0,10983103.2645816,3,10344672.861712633,1042205.5804805105,74187.94402530044,1841103.2645816002,0.16877051571867122,0.1779759775097221,0.10074804630486556,1.2013895498339096,1.1932744826685955,0.01007859441701932
441,Environmental/occupational risks,Occupational risks,"Occupational particulate matter, gases, and fumes",2013,485544.097670722,205000.0,512773.542335138,3.0,401105.88000195334,170377.51551389787,27229.44466441602,307773.542335138,0.6338735118223157,0.7673124670564271,0.42476942874302454,2.501334352854332,2.3685077935157173,0.08311096188019394,11011083.207019,8802000.0,11142082.7281241,3,10318388.6450477,1314863.5331298225,130999.52110510133,2340082.7281241007,0.21252066523595228,0.22678761273905118,0.12742915375269276,1.2658580695437516,1.250975142810611,0.017631443394597643
442,Environmental/occupational risks,Occupational risks,"Occupational particulate matter, gases, and fumes",2015,489828.581192897,357000.0,524331.284771769,3.0,457053.2886548887,88349.3325756156,34502.703578871966,167331.28477176896,0.3416119254704597,0.366108917549256,0.19330203888397424,1.4687150833943108,1.3720688548820643,0.10438959396644888,11129234.8902225,8787000.0,11382362.6986333,3,10432865.862951932,1430969.6890467664,253127.808410801,2595362.6986333,0.2332022573190036,0.24876795434029994,0.137159789826137,1.2953639124426197,1.2665568328465346,0.033707205909938996
443,Environmental/occupational risks,Occupational risks,"Occupational particulate matter, gases, and fumes",2016,495517.841838121,424270.0,531828.895286227,3.0,483872.24570811604,54716.94363463459,36311.05344810599,107558.895286227,0.21706361750212222,0.22228779650054414,0.11308138484892814,1.2535152032578947,1.167930425997881,0.10859948253421932,11227583.5355562,9377100.0,11564164.7036099,3,10722949.413055368,1177626.7246620234,336581.16805369966,2187064.7036099005,0.19479389279837195,0.20396111362300312,0.10982302343310912,1.2332346571551867,1.1973407061411525,0.044427484282429104
444,Environmental/occupational risks,Occupational risks,"Occupational particulate matter, gases, and fumes",2017,502022.699415624,488000.0,542613.354490622,3.0,510878.6846354154,28363.28573771832,14022.699415624025,54613.35449062195,0.10878662370086897,0.10690082818702124,0.05551863209552295,1.1119126116611104,1.0808542225724995,0.04139581847224344,11783752.7441659,11318018.3071288,12100000.0,3,11733923.6837649,393365.0256972041,316247.25583410077,781981.6928711999,0.06636100653574531,0.06664281394237741,0.03352374161436429,1.0690917501324997,1.041149821850328,0.03977327455196127
445,Environmental/occupational risks,Occupational risks,"Occupational particulate matter, gases, and fumes",2019,547119.8689910825,524290.137101099,569949.600881066,2.0,547119.8689910825,32286.11646415625,22829.731889983523,45659.463779967045,0.08345422341207508,0.08345422341207508,0.05901104729333542,1.0870881608271843,1.0435440804135923,0.06183957954834763,12059363.85627485,11788178.472088,12330549.2404617,2,12059363.85627485,383514.04823440075,271185.38418684993,542370.7683736999,0.04497507288425401,0.04497507288425401,0.03180217902081517,1.0460097180966443,1.0230048590483223,0.033326529007232215
446,Environmental/occupational risks,Occupational risks,Occupational risks,1990,974862.26082339,562000.0,1287869.02315864,4.0,949898.3862013549,326364.6874541843,238361.51157931995,725869.0231586399,0.7445862377989225,0.7641543913569442,0.3435785260772125,2.291581891741352,1.7346303573369928,0.3623606886394269,59234940.28815785,43879000.0,73016239.4252324,4,58841280.00038703,12305938.996024985,8801119.712616198,29137239.425232396,0.4918927795569579,0.4951836436093971,0.20913785349237887,1.6640360861740786,1.3499610357610212,0.22019536696831601
447,Environmental/occupational risks,Occupational risks,Occupational risks,2005,1173890.96740799,951000.0,1424795.32602329,3.0,1183228.7644770935,237035.64833365605,222890.96740799,473795.32602328993,0.4036110159953388,0.4004258012039415,0.20032951822161765,1.4982074931895792,1.2343753600504628,0.28139275526415714,63688092.1595097,55835000.0,78549540.9892258,3,66024211.04957851,11536060.059188623,7853092.1595097035,22714540.989225805,0.3566528721308877,0.3440335087407426,0.17472469380249062,1.4068154560620723,1.2333473703764737,0.18273875360004155
448,Environmental/occupational risks,Occupational risks,Occupational risks,2006,1408803.07357482,1164443.19961226,1409600.0,3.0,1327615.4243956935,141311.85363766638,796.9264251799323,245156.8003877399,0.174017792114591,0.18465949994467024,0.10644035241002792,1.210535645250342,1.2098512611383085,0.0008383321872799248,68543890.0,63625353.4895322,78390509.4175998,3,70186584.30237733,7518396.825343463,4918536.5104677975,14765155.928067595,0.21541170085426425,0.21037005967488684,0.10712014126450092,1.2320640297974421,1.1436542253087736,0.10634457875841707
449,Environmental/occupational risks,Occupational risks,Occupational risks,2007,1163658.78646556,1090000.0,1415123.18021146,3.0,1222927.3222256734,170472.40268167818,73658.78646556009,325123.18021146,0.2793973491138009,0.2658565021016541,0.13939700224492982,1.2982781469829907,1.2160980492483415,0.09380956240061084,63687880.1452851,59800000.0,78558856.993595,3,67348912.3796267,9900810.405830586,3887880.1452850997,18758856.993595004,0.29454359213718856,0.2785324414425084,0.14700772523277775,1.3136932607624583,1.2334977520744317,0.0904699349730056
450,Environmental/occupational risks,Occupational risks,Occupational risks,2010,1172417.62418877,852107.0,1436949.86370566,3.0,1153824.8292981433,292864.41030491056,264532.2395168899,584842.86370566,0.49883493018141023,0.5068731828742257,0.2538205131909462,1.6863490896162805,1.37590422821168,0.3343832188084792,63914804.1278116,62488000.0,78737092.3121852,3,68379965.47999893,8997860.838459304,1426804.1278116032,16249092.312185198,0.2542304953276801,0.23762943134181663,0.13158621498706619,1.2600354037924912,1.2319069640694384,0.03308347332471432
451,Environmental/occupational risks,Occupational risks,Occupational risks,2013,1174644.04425701,717000.0,1429329.20561867,3.0,1106991.0832918934,360951.4048176597,254685.16136165988,712329.20561867,0.6064213317228666,0.6434823336610759,0.3260653227163198,1.9934856424249232,1.6382762123528731,0.32132577607944346,63975867.4928716,55352000.0,77884801.0757546,3,65737556.18954206,11369232.224643152,8623867.492871597,22532801.075754598,0.3522078239621413,0.3427690711651258,0.17294881166348924,1.4070819676932107,1.2174090657611292,0.19977175965390015
452,Environmental/occupational risks,Occupational risks,Occupational risks,2015,1176111.62347158,1086000.0,1411403.70317592,3.0,1224505.1088825,168012.91492862464,90111.62347157998,325403.70317592006,0.2766775675725504,0.26574303432093305,0.13720883131468148,1.2996350857973482,1.2000593098551464,0.11354825793719278,64149282.040972,63615000.0,76682374.1435926,3,68148885.39485486,7395044.759394729,534282.0409720019,13067374.143592596,0.20370257823379057,0.19174743750950862,0.10851306982568851,1.2054134110444485,1.1953738483716114,0.01234317765574963
453,Environmental/occupational risks,Occupational risks,Occupational risks,2016,1413292.40527311,1182875.82619207,1528020.0,3.0,1374729.4104883934,175773.8706505156,114727.59472689009,345144.17380792997,0.24421285540074278,0.2510633519401555,0.1278607043025793,1.291783943982542,1.19479354804536,0.12030510795279806,75925430.0,64656951.0836362,76617795.0354213,3,72400058.7063525,6714657.778196435,692365.035421297,11960843.951785095,0.15753409564865284,0.16520489300011618,0.09274381676167454,1.1849892973813951,1.1742810127527912,0.01351437828530391
454,Environmental/occupational risks,Occupational risks,Occupational risks,2017,1189547.12573951,1160000.0,1416131.87311029,3.0,1255226.3329499334,140129.23606652784,29547.12573950994,256131.87311028992,0.21531881130901773,0.20405234210498843,0.11163662870042507,1.220803338888181,1.190479840998244,0.036811354000566704,65087065.7018891,63700000.0,76583949.0609023,3,68457004.92093046,7072227.626851824,1387065.7018890977,12883949.060902297,0.19794945312042775,0.18820497735452463,0.10330904244233914,1.2022597968744473,1.1766385261807786,0.03158279372455993
455,Environmental/occupational risks,Occupational risks,Occupational risks,2019,1322531.535895505,1220501.39017826,1424561.68161275,2.0,1322531.535895505,144292.41584423112,102030.14571724506,204060.29143449012,0.1542952178424373,0.1542952178424373,0.10910319484104299,1.1671938213889999,1.0835969106945,0.11433275642124605,71278172.13173315,66108349.1236452,76447995.1398211,2,71278172.13173315,7311233.813106447,5169823.008087948,10339646.016175896,0.1450604821496632,0.1450604821496632,0.10257325061021696,1.156404541230295,1.0782022706151475,0.10748981727290043
456,Environmental/occupational risks,Other environmental risks,Lead exposure,1990,598920.6646037955,209923.0,816970.414972151,4.0,556183.6860449355,258909.88684296445,143564.54288228002,607047.414972151,1.0135689931048408,1.0914513140234505,0.46551147280872684,3.8917622888971244,2.853049282850357,0.35524346566383386,15768523.85887735,5365000.0,21845193.8934378,4,14686810.402798124,6846177.0443377225,3166596.9467188995,16480193.893437799,1.045132318086946,1.122108438895487,0.46614457847385243,4.071797557024753,2.93914703800137,0.29761166720722604
457,Environmental/occupational risks,Other environmental risks,Lead exposure,2005,727084.507495454,461000.0,1156913.94441866,3.0,781666.150638038,351152.98850386095,266084.50749545405,695913.9444186599,0.957129380759101,0.890295612584244,0.44923652919757495,2.509574716743297,1.5911684714666998,0.5423540675713386,19879220.7430614,9188000.0,28441821.6989765,3,19169680.814012635,9646501.83678936,8562600.9559151,19253821.6989765,0.9685400624014305,1.0043892689596772,0.5032166122316428,3.0955400194793756,2.1636069594102527,0.6383436645068389
458,Environmental/occupational risks,Other environmental risks,Lead exposure,2006,735440.827690954,468390.0,1157327.92110052,3.0,787052.9162638247,347356.76263420726,267050.82769095397,688937.9211005201,0.9367686633111763,0.8753387565996694,0.4413385116252733,2.470863855121843,1.5736519887455187,0.5381389117063046,20002659.0508203,13193090.0,28426263.6775217,3,20540670.90944733,7630824.83368623,6809569.0508202985,15233173.677521698,0.7615574328802547,0.7416103273683947,0.3714983248271877,2.154632741648977,1.5161466381886501,0.504521989185324
459,Environmental/occupational risks,Other environmental risks,Lead exposure,2007,860000.0,747119.408803579,1178202.94944734,3.0,928440.7860836397,223542.74905104886,112880.59119642095,431083.54064376105,0.5012599309811175,0.4643091375403303,0.24077221983536465,1.5769941666139942,1.3700034295899304,0.19452213506173938,21900000.0,20191986.7529071,28730312.9034949,3,23607433.218800664,4517991.756405812,1708013.247092899,8538326.150587797,0.3898779064195341,0.3616795638666884,0.19138005028042354,1.4228571588854924,1.3118864339495386,0.11558336220053315
460,Environmental/occupational risks,Other environmental risks,Lead exposure,2010,792200.619264129,674038.0,1270344.6211363,3.0,912194.4134668097,315744.00958389405,118162.61926412897,596306.6211363,0.75272173062703,0.6537056271480847,0.34613674993240073,1.884678046543815,1.603564286930647,0.22105133155803944,20822727.6746286,13936000.0,30119066.3314104,3,21625931.335346334,8121376.795971851,6886727.6746286005,16183066.3314104,0.7771828256260882,0.7483176599640874,0.37553882281582623,2.161241843528301,1.4941681741266217,0.4901437781484901
461,Environmental/occupational risks,Other environmental risks,Lead exposure,2013,853000.0,832919.505233053,1353369.81624071,3.0,1013096.4404912543,294856.37902285415,20080.494766947,520450.311007657,0.6101410445576283,0.5137223764751248,0.29104472904857626,1.624850670128122,1.5866000190395193,0.03488779981783757,21249352.3257865,16843000.0,31315092.7166195,3,23135815.01413533,7418181.920491504,4406352.325786501,14472092.716619499,0.6810604151476812,0.6255276811202656,0.32063629122030946,1.859234858197441,1.4736963384346555,0.30731356168870394
462,Environmental/occupational risks,Other environmental risks,Lead exposure,2015,854862.042366087,495000.0,1404556.22852642,3.0,918139.4236308356,458067.8480832229,359862.042366087,909556.22852642,1.063980131822148,0.9906515340878481,0.4989088108990757,2.837487330356404,1.726994024981994,0.6238615359624932,21412643.7381026,9287000.0,32011783.550439,3,20903809.096180532,11370933.619241241,10599139.8123364,22724783.550439,1.0612787392526184,1.087112087843894,0.5439646701193276,3.4469455745061914,2.3056577730270917,0.733581775048691
463,Environmental/occupational risks,Other environmental risks,Lead exposure,2016,866841.82788874,540040.0,1433193.40228684,3.0,946691.7433918599,451899.0559389685,326801.82788874,893153.4022868399,1.0303533742276647,0.9434469123886093,0.47734551303878425,2.653865273473891,1.6533505377532287,0.5587182036551144,21532356.9873025,13873550.0,32451569.9527071,3,22619158.980003197,9336571.119490251,7658806.987302501,18578019.9527071,0.8627954646889073,0.8213399962894852,0.41277269096275354,2.339096334586829,1.5520437802366733,0.5271300286297287
464,Environmental/occupational risks,Other environmental risks,Lead exposure,2017,1050000.0,876713.013343434,1455220.88320495,3.0,1127311.2988494614,296901.6951286574,173286.98665656603,578507.869861516,0.5509598760585868,0.5131749060369958,0.26337152429118427,1.6598600238124877,1.385924650671381,0.2445822040238389,24400000.0,21567724.2613329,32688560.9765722,3,26218761.745968368,5779201.763929171,2832275.7386671007,11120836.715239301,0.4557719965262009,0.4241556799282995,0.22042237615656401,1.515624021361261,1.3396951219906639,0.1720259280616657
465,Environmental/occupational risks,Other environmental risks,Lead exposure,2019,1206869.2863343575,901715.875243665,1512022.69742505,2.0,1206869.2863343575,431552.09256886976,305153.4110906925,610306.822181385,0.5056942198231585,0.5056942198231585,0.357579812043796,1.6768282991762407,1.3384141495881203,0.37471941688896043,27595302.19533305,21676385.3328569,33514219.0578092,2,27595302.19533305,8370612.501472579,5918916.86247615,11837833.7249523,0.4289800358466206,0.4289800358466206,0.3033346923407937,1.5461165938496488,1.2730582969248243,0.3178742065623459
466,Environmental/occupational risks,Other environmental risks,Other environmental risks,1990,654203.7772686391,209923.0,866207.191869957,4.0,596134.4366018088,283218.39817988075,144399.8186663395,656284.191869957,1.0031800712157364,1.100899648762156,0.47509149076227253,4.126309131776685,3.1163987617776,0.3271160129294683,17126775.100581348,5365000.0,23143665.1163221,4,15690553.829371199,7445723.160868707,3064332.558161052,17778665.1163221,1.0380626248615026,1.1330807892225039,0.4745353951070251,4.313823880022759,3.19231595537397,0.26516030160520576
467,Environmental/occupational risks,Other environmental risks,Other environmental risks,2005,790191.921023606,514000.0,1220236.48588131,3.0,841476.1356349719,355900.33225430397,276191.921023606,706236.48588131,0.8937531086959974,0.8392828459102871,0.42294762404134506,2.3740009452943776,1.5442279950175002,0.5179962184715329,21389000.1910617,10400000.0,30011697.4298095,3,20600232.5402904,9829612.648765799,8622697.238747798,19611697.4298095,0.9169057578486103,0.9520134004047041,0.4771602762027477,2.8857401374816827,2.056634633755933,0.5974490249041381
468,Environmental/occupational risks,Other environmental risks,Other environmental risks,2006,799096.412244365,518270.0,1220834.76107805,3.0,846067.0577741383,353629.73861551436,280826.41224436497,702564.7610780499,0.8791989931537879,0.830388979954356,0.41796892499969845,2.355596042753873,1.5418534976833793,0.5208191859818774,21517475.0700174,14319520.0,29995290.785976,3,21944095.285331134,7846588.496901085,7197955.070017401,15675770.785976,0.7285134865948435,0.7143502879544417,0.3575717474279405,2.094713425169,1.5026673429009771,0.49575377125124565
469,Environmental/occupational risks,Other environmental risks,Other environmental risks,2007,929000.0,812172.861672505,1242696.95005439,3.0,994623.2705756318,222637.72793496877,116827.13832749496,430524.08838188485,0.46342743636370815,0.43285141331222005,0.2238412618338586,1.530089231860454,1.3376716362264691,0.1863700958033881,23500000.0,21732446.1200735,30316268.6600736,3,25182904.9267157,4532618.348573641,1767553.879926499,8583822.5400001,0.3652690442553234,0.34085910918457263,0.17998790694576056,1.394977283853543,1.2900539855350468,0.11146871702344985
470,Environmental/occupational risks,Other environmental risks,Other environmental risks,2010,861956.15949506,773030.0,1338894.7485616,3.0,991293.6360188867,304297.33081532986,88926.15949505998,565864.7485616,0.6564890131919094,0.5708346427342733,0.30696992269355416,1.7320087817569823,1.553321168150749,0.15289474635099956,22449220.512316,16051000.0,31779646.1677103,3,23426622.226675432,7909744.822096445,6398220.512316,15728646.1677103,0.7006321738022625,0.6714005124392368,0.3376391502608419,1.9799169003619899,1.4156235914861934,0.42238271899241425
471,Environmental/occupational risks,Other environmental risks,Other environmental risks,2013,945000.0,906139.460701933,1425573.02395668,3.0,1092237.4948862044,289330.2033735064,38860.539298066986,519433.56325474696,0.5496651463013196,0.47556833169224294,0.2648967873087441,1.5732379901570255,1.5085428824938412,0.06094319496268283,22934039.4465611,18822000.0,33042443.0705711,3,24932827.505710732,7317896.935587968,4112039.446561102,14220443.070571098,0.6200583679864305,0.5703501966359003,0.2935044945829687,1.7555224243210656,1.4407598429209874,0.26572041414698705
472,Environmental/occupational risks,Other environmental risks,Other environmental risks,2015,931074.832833908,558000.0,1478858.53544707,3.0,989311.122760326,463183.2355285821,373074.83283390803,920858.5354470699,0.9890274153842792,0.9308078260332673,0.4681876356916231,2.6502841137044264,1.6685928903833478,0.5938264925247759,23155869.1150155,10673000.0,33773887.4275287,3,22534252.180848066,11562982.128087511,10618018.312513202,23100887.4275287,0.997625583077288,1.0251455092511221,0.5131291704419163,3.1644230701329246,2.169574544646819,0.6795643497976316
473,Environmental/occupational risks,Other environmental risks,Other environmental risks,2016,944398.419119093,597740.0,1509195.74791363,3.0,1017111.3890109076,460057.90624014335,346658.419119093,911455.74791363,0.9651178247034858,0.8961218581968463,0.45231811501740016,2.5248364638699603,1.5980498456587457,0.5439947449443049,23300079.5069896,15128920.0,34243900.5156732,3,24224300.007554263,9590946.651863385,8171159.506989598,19114980.515673198,0.8203826304514992,0.7890828841168686,0.39592255086307887,2.263472905909556,1.540101970728221,0.5197260543993383
474,Environmental/occupational risks,Other environmental risks,Other environmental risks,2017,1140000.0,955780.584114529,1531953.74045206,3.0,1209244.7748555297,294261.7978171529,184219.41588547104,576173.156337531,0.5054150494188869,0.47647355466668634,0.2433434519924296,1.6028299443551886,1.3438190705719824,0.23948524065111235,26400000.0,23363350.9284492,34490233.6471097,3,28084528.19185297,5751530.768462167,3036649.0715508014,11126882.718660504,0.4214728302522918,0.3961926168974524,0.204793569226868,1.4762537168891927,1.3064482442087009,0.1704664365166018
475,Environmental/occupational risks,Other environmental risks,Other environmental risks,2019,1288422.259543131,985419.013969852,1591425.50511641,2.0,1288422.259543131,428511.29933279665,303003.24557327904,606006.4911465581,0.4703477347259161,0.4703477347259161,0.3325860727404266,1.614973409844412,1.307486704922206,0.34852767143190383,29461739.8995638,23561861.6024215,35361618.1967061,2,29461739.8995638,8343687.904169323,5899878.297142301,11799756.594284602,0.4005111929746995,0.4005111929746995,0.28320418049352397,1.500798994298138,1.250399497149069,0.29677879399425233
476,Environmental/occupational risks,Other environmental risks,Residential radon,1990,49236.7768978043,47566.2253296859,63000.0,3.0,53267.6674091634,8469.734876572636,1670.5515681184042,15433.774670314102,0.31346029619989946,0.28974001342621397,0.15900329953467468,1.3244691913924467,1.2795313578458354,0.050282686640722836,1298471.22288429,1213502.48340792,1503000.0,3,1338324.56876407,148806.65278006042,84968.73947636993,289497.51659208,0.2229525856945987,0.2163133841736375,0.1111887626164421,1.2385635963257977,1.1575150634924285,0.09697840790361636
477,Environmental/occupational risks,Other environmental risks,Residential radon,2005,63107.4135281514,53000.0,63322.5414626445,3.0,59809.98499693197,5898.600829932355,215.12793449309538,10322.541462644498,0.16357097978733903,0.17258893248633997,0.09862234257766377,1.1947649332574433,1.1907059156254982,0.005052014986742342,1509779.44800022,1212000.0,1569875.730833,3,1430551.72627774,191641.68021809487,60096.28283277992,357875.73083300004,0.2370384173046101,0.2501662290563822,0.1339634748592711,1.295277005637789,1.2456926138615678,0.058990530885917096
478,Environmental/occupational risks,Other environmental risks,Residential radon,2006,63506.8399775289,49870.0,63655.5845534104,3.0,59010.80817697977,7916.521447799449,148.74457588150108,13785.584553410401,0.21707243752465494,0.23361118038014236,0.13415375407259206,1.2764304101345578,1.2734477637362924,0.0034711136868782063,1514816.01919708,1126440.0,1569027.10845432,3,1403427.7092171332,241404.95819810848,54211.08925724006,442587.1084543201,0.29217218648698406,0.31536152916718896,0.17201096758504944,1.3929078410339832,1.3447818074616313,0.053036694397920345
479,Environmental/occupational risks,Other environmental risks,Residential radon,2007,65053.4528689264,64494.0006070536,68000.0,3.0,65849.15115866,1883.5763223317679,559.4522618728006,3505.9993929464035,0.05389413226090399,0.05324289427055614,0.028604413104633526,1.0543616361203518,1.0452942465177135,0.012745030671408442,1570000.0,1540459.36716633,1585955.75657859,3,1565471.7079149734,23083.748272182424,15955.756578590022,45496.389412259916,0.028978591982331155,0.029062415617115065,0.014745554426484843,1.02953430021069,1.0191765089448674,0.015061421178006632
480,Environmental/occupational risks,Other environmental risks,Residential radon,2010,69755.5402309307,68550.127425296,98992.0,3.0,79099.22255207556,17238.19018784992,1205.4128056346963,30441.872574704,0.43640795374710034,0.3848567861038377,0.21793122146682326,1.4440819254184276,1.4191274223134094,0.025609747584730086,1660579.8362999,1626492.83768744,2114000.0,3,1800357.5579957801,272156.51184268843,34086.99861245998,487507.16231256,0.2935764674818781,0.27078352305487013,0.15116803361309095,1.299729055681365,1.273049301086547,0.03042126059788092
481,Environmental/occupational risks,Other environmental risks,Residential radon,2013,73219.9554688793,72203.207715973,92000.0,3.0,79141.05439495076,11147.771326748294,1016.7477529063035,19796.792284027004,0.27037427375165834,0.2501456726268996,0.1408595249580037,1.274181617552256,1.256488062726326,0.020579364739542708,1727350.35395161,1684687.12077458,1979000.0,3,1797012.4915753966,159042.84889056077,42663.23317702999,294312.87922542007,0.17038400956246597,0.1637789835102388,0.08850403079342638,1.1746988361198498,1.145685352987423,0.03660340904421391
482,Environmental/occupational risks,Other environmental risks,Residential radon,2015,74302.3069206537,64000.0,76212.7904678219,3.0,71505.0324628252,6569.369912483632,1910.4835471682018,12212.790467821906,0.16436623536956607,0.17079623695257004,0.09187283308904148,1.1908248510597172,1.1609735456352142,0.03810563540008006,1743225.37691291,1386000.0,1762103.87708974,3,1630443.0846675502,211904.2606310027,18878.500176829984,376103.87708974,0.2157517221070892,0.23067587002978895,0.12996728473610614,1.271359218679466,1.2577383671810318,0.01604952384964035
483,Environmental/occupational risks,Other environmental risks,Residential radon,2016,76002.3456267926,57690.0,77556.591230353,3.0,70416.3122857152,11048.673592074574,1554.2456035604118,19866.591230353006,0.26139444863856376,0.28213052608810335,0.15690503000561037,1.344368022713694,1.3174266879319223,0.030306853893526824,1767722.5196871,1255370.0,1792330.56296609,3,1605141.0275510633,303160.3828571605,24608.043278989848,536960.5629660899,0.3037583992883317,0.3345254739300519,0.18886837832541556,1.4277309183476505,1.4081286948764906,0.02063056827828287
484,Environmental/occupational risks,Other environmental risks,Residential radon,2017,79067.5707710954,76732.8572471107,88000.0,3.0,81266.80933940203,5946.815464073357,2334.7135239846975,11267.142752889296,0.1425001760267587,0.1386438429720219,0.07317643589570653,1.1468359599409228,1.112972096420724,0.043760613976143614,1801672.67053756,1795626.66711627,1930000.0,3,1842433.1125512766,75895.37780679135,6046.003421290079,134373.33288373007,0.07458254492123559,0.07293254336797007,0.04119301660926869,1.0748336696845397,1.071226772521421,0.004973254696525133
485,Environmental/occupational risks,Other environmental risks,Residential radon,2019,81552.9732087773,79402.8076913688,83703.1387261858,2.0,81552.9732087773,3040.7932360660675,2150.1655174085026,4300.331034817005,0.05273052429134703,0.05273052429134703,0.037286111301933454,1.0541584253737222,1.027079212686861,0.039073318499888154,1866437.7042307649,1847399.13889693,1885476.2695646,2,1866437.7042307649,26924.597303235576,19038.565333834966,38077.13066766993,0.020400965208406497,0.020400965208406497,0.014425660841615017,1.0206112094922841,1.010305604746142,0.015117115219429215
486,Environmental/occupational risks,"Unsafe water, sanitation, and handwashing",No access to handwashing facility,1990,1133925.97241619,1010000.0,1200094.05963559,3.0,1114673.34401726,96498.371242137,66168.0872194001,190094.05963559006,0.16764238959138947,0.17053790750077052,0.08657098670213001,1.1882119402332574,1.122698982590287,0.08647928316713707,77995229.944781,70389000.0,82540905.5590662,3,76975045.16794907,6139852.189855694,4545675.614285201,12151905.559066206,0.15580318908822374,0.15786811859028343,0.07976419080312812,1.1726392697589993,1.1080599233513901,0.08637311878098321
487,Environmental/occupational risks,"Unsafe water, sanitation, and handwashing",No access to handwashing facility,2005,897688.10276686,822926.19909482,1116000.0,3.0,945538.10062056,152283.55103293853,74761.90367204009,293073.80090518005,0.32647620036610275,0.30995451237008287,0.16105490718247556,1.3561361896456177,1.2431934839731724,0.12342498569432273,57060782.8485369,52610304.9698374,64152000.0,3,57941029.27279144,5820979.846029338,4450477.878699504,11541695.030162603,0.20227018372318992,0.1991972730726493,0.10046386678123469,1.219380880547636,1.1242747960589,0.11558916451847774
488,Environmental/occupational risks,"Unsafe water, sanitation, and handwashing",No access to handwashing facility,2006,889970.867256313,808875.669611466,1015060.0,3.0,904635.5122892596,103871.47531877455,81095.19764484698,206184.330388534,0.23167537048058517,0.22791978381079298,0.11482135501835282,1.2549023763906413,1.1405541881717136,0.13504159218174758,55096200.0,51394925.7436164,56065154.5761421,3,54185426.77325284,2464729.2427279265,968954.5761421025,4670228.8325257,0.08476498982735108,0.08618975821799806,0.04548693974566189,1.0908694538410881,1.0720163362984005,0.02606333434688047
489,Environmental/occupational risks,"Unsafe water, sanitation, and handwashing",No access to handwashing facility,2007,875743.53057381,792799.151606557,892000.0,3.0,853514.2273934557,53205.34296861362,16256.469426190015,99200.84839344304,0.11327614184993642,0.11622635594065278,0.06233679681133992,1.1251273392414949,1.1046221843189055,0.027510437529384705,54590143.5798434,49906424.8726587,55300000.0,3,53265522.8175007,2930636.1573198927,709856.4201565981,5393575.1273413,0.09880126289561175,0.10125827818908048,0.05501938218762803,1.108073762869281,1.093850014685197,0.019271010216952725
490,Environmental/occupational risks,"Unsafe water, sanitation, and handwashing",No access to handwashing facility,2010,766783.623104281,723735.530764697,809831.715443865,2.0,766783.623104281,60879.19602092906,43048.09233958402,86096.18467916804,0.11228224245402166,0.11228224245402166,0.07939553504607076,1.1189608372387065,1.0594804186193534,0.08320114165843005,46881308.4116824,44564715.6131555,49197901.2102093,2,46881308.4116824,3276156.9541725847,2316592.7985269018,4633185.5970538035,0.09882799252034646,0.09882799252034646,0.06988194368219032,1.1039653352053724,1.051982667602686,0.07323154245757672
491,Environmental/occupational risks,"Unsafe water, sanitation, and handwashing",No access to handwashing facility,2013,656935.757606986,517000.0,744109.278663214,3.0,639348.3454233999,114571.5667791004,87173.52105622797,227109.27866321395,0.3457100272490919,0.35521993650083483,0.17920053692049034,1.439282937453025,1.2706687768026808,0.1966572175579745,39271663.9522722,30721000.0,43691630.6010649,3,37894764.851112366,6594027.820566227,4419966.648792699,12970630.601064898,0.3302796290177167,0.3422802767618746,0.17400893887253308,1.4222073044843884,1.2783328652150712,0.16679686863973037
492,Environmental/occupational risks,"Unsafe water, sanitation, and handwashing",No access to handwashing facility,2015,699664.50232712,606603.860517027,927000.0,3.0,744422.7876147156,164820.8106560349,93060.64181009308,320396.139482973,0.4579282476348579,0.4303953946783231,0.22140752996580723,1.5281801853517543,1.3249207254573447,0.1971171478670744,40249571.9544375,35633270.2485001,47271000.0,3,41051280.734312534,5860140.029729066,4616301.7059374,11637729.751499899,0.28913921779525514,0.2834924889876226,0.14275169799588966,1.3265972971422617,1.1744472724706427,0.16997346297107563
493,Environmental/occupational risks,"Unsafe water, sanitation, and handwashing",No access to handwashing facility,2016,681615.698528535,582920.41430758,750340.0,3.0,671625.3709453717,84155.71520859163,68724.30147146503,167419.58569242002,0.2456216692981745,0.24927525512736698,0.12530157264627315,1.2872083076577252,1.1693117650343225,0.14942351680071725,35254900.0,33994798.8732314,38781774.7808909,3,36010491.218040764,2481324.878308633,1260101.1267685965,4786975.907659493,0.1357818603274862,0.1329328133480524,0.0689056104034905,1.1408149501195877,1.1000392791042066,0.05297050537290022
494,Environmental/occupational risks,"Unsafe water, sanitation, and handwashing",No access to handwashing facility,2017,670169.514038617,561226.752039091,707000.0,3.0,646132.0886925693,75801.11027035341,36830.485961382976,145773.24796090904,0.21751697877517773,0.22560905194459113,0.11731519235290558,1.259740376650391,1.1941154116472656,0.08144622972453558,37545223.192228,32216611.6266611,38400000.0,3,36053944.9396297,3350597.8666336746,854776.8077720031,6183388.3733389005,0.16469174631565076,0.17150379476344785,0.09293290574010867,1.1919316793769148,1.1653995034399323,0.033740090520498936
495,Environmental/occupational risks,"Unsafe water, sanitation, and handwashing",No access to handwashing facility,2019,572063.907194919,516208.919523813,627918.894866025,2.0,572063.907194919,78990.88109066007,55854.98767110598,111709.97534221195,0.19527534238259345,0.19527534238259345,0.1380805187972566,1.2164045817830134,1.1082022908915066,0.14469902870550175,31371183.37826205,28680685.4383403,34061681.3181838,2,31371183.37826205,3804938.6761742136,2690497.9399217516,5380995.879843503,0.171526710196471,0.171526710196471,0.12128769993454437,1.1876174086359246,1.0938087043179623,0.12710129225558503
496,Environmental/occupational risks,"Unsafe water, sanitation, and handwashing",Unsafe sanitation,1990,1810732.33036233,496986.0,1865255.57999774,4.0,1495926.5601806,666787.2772192035,40127.789998869994,1368269.57999774,0.755644308689152,0.9146636047644957,0.44573530209845574,3.7531350581258627,3.6434272401281524,0.032842725443812795,120952603.45762199,36050000.0,124049000.0,4,100501051.728811,42998805.12580472,2011319.985194005,87999000.0,0.7275494489941434,0.8756027771475849,0.4278443298467304,3.441026352288488,3.3551346312793897,0.024644167490796395
497,Environmental/occupational risks,"Unsafe water, sanitation, and handwashing",Unsafe sanitation,2005,1234770.56492366,1114000.0,1258381.12118912,3.0,1202383.8953709267,77447.71986634133,23610.556265460094,144381.12118912,0.11692951329629922,0.12007905440598027,0.06441180738074445,1.129606033383411,1.1084116381720466,0.02833793206560215,74836297.2953032,67949000.0,77350430.2804804,3,73378575.85859454,4867282.267340109,2514132.985177204,9401430.2804804,0.12562660928269154,0.12812227779669083,0.06633110837037352,1.138360097727419,1.1013598036071641,0.04978794005975574
498,Environmental/occupational risks,"Unsafe water, sanitation, and handwashing",Unsafe sanitation,2006,1243438.88509191,1212293.66508185,1323650.0,3.0,1259794.1833912532,57451.54626679937,31145.220010059886,111356.33491814998,0.08955513314988454,0.08839248218974047,0.045603914531614165,1.0918559076283152,1.064507484742333,0.0371206149399912,73092636.4447246,68961680.0,75817870.03103,3,72624062.15858488,3452029.3787310547,2725233.586305395,6856190.031029999,0.09380137814860334,0.09440658959641422,0.04753285999333199,1.0994202871947145,1.059902201406993,0.05525585573806582
499,Environmental/occupational risks,"Unsafe water, sanitation, and handwashing",Unsafe sanitation,2007,1184358.15486048,1110000.0,1219401.38660366,3.0,1171253.1804880465,55865.652351668345,35043.23174317996,109401.38660365995,0.09237187767457697,0.09340541261802487,0.04769733246605984,1.098559807751045,1.0669893287031351,0.043849969901638954,70761550.2719145,66500000.0,73568783.4522136,3,70276777.9080427,3559238.40970967,2807233.1802991033,7068783.4522136,0.09989582513456075,0.10058491101375076,0.05064601018514168,1.106297495522009,1.0640834627355564,0.058793505190551425
500,Environmental/occupational risks,"Unsafe water, sanitation, and handwashing",Unsafe sanitation,2010,1058782.76400167,244106.0,1112207.93657452,3.0,805032.2335253967,486510.26901685295,53425.17257285002,868101.9365745201,0.8199056181208771,1.07834432016831,0.6043363840058025,4.556249893794171,4.337389347257626,0.07478031230289166,62214225.7969591,14927000.0,65692563.3610042,3,47611263.05265444,28358781.64737857,3478337.5640451014,50765563.3610042,0.815979990278775,1.0662511369392018,0.5956317860338196,4.400922044684411,4.167898827424071,0.08285719550281377
501,Environmental/occupational risks,"Unsafe water, sanitation, and handwashing",Unsafe sanitation,2013,921821.51040567,816000.0,1000035.83022708,3.0,912619.11354425,92362.3829426188,78214.31982141,184035.83022708003,0.19964367087299859,0.20165677827232656,0.10120583885638774,1.2255341056704412,1.1296832235363603,0.12574410627966254,52463008.7000998,49039000.0,56846184.123236,3,52782730.94111193,3913399.7645366406,3424008.7000998035,7807184.123236001,0.14881312217271192,0.14791171248691615,0.07414166896560734,1.1592035751796734,1.083547923227054,0.09672302483746524
502,Environmental/occupational risks,"Unsafe water, sanitation, and handwashing",Unsafe sanitation,2015,818016.309992312,808000.0,908873.024010908,3.0,844963.1113344067,55573.72868724972,10016.309992311988,100873.02401090798,0.12331419652482971,0.11938157140564919,0.06577059748736841,1.1248428514986484,1.1110695629277243,0.018146546990910093,46275000.0,46045823.2198837,50839319.3942557,3,47720047.53804647,2703797.9184547705,229176.7801162973,4793496.174371995,0.10358716746346829,0.10045036460934396,0.05665958141175516,1.1041027359089988,1.0986346708645207,0.0073395999596402505
503,Environmental/occupational risks,"Unsafe water, sanitation, and handwashing",Unsafe sanitation,2016,871473.249576181,774778.447728402,898240.0,3.0,848163.8991015278,64947.541038832314,26766.750423818943,123461.55227159802,0.1416699277133755,0.14556331907356895,0.07657428134778217,1.1593507829671552,1.1248031642223422,0.045518693944296466,43554418.0151344,40746600.0,48596875.4299545,3,44299297.81502963,3977793.423338597,2807818.0151344016,7850275.429954499,0.18024062282789924,0.1772099292122662,0.08979359988837188,1.1926608705991297,1.1157737296149366,0.09553993574161049
504,Environmental/occupational risks,"Unsafe water, sanitation, and handwashing",Unsafe sanitation,2017,774000.0,739001.394830294,851325.535358411,3.0,788108.9767295684,57475.86932454066,34998.60516970605,112324.14052811707,0.14512162858929856,0.14252361519117673,0.0729288347444657,1.151994490556965,1.0999037924527275,0.0670128331543984,41500000.0,41091305.4147207,47204657.6353024,3,43265321.01667437,3417680.1433365545,408694.5852793008,6113352.220581703,0.1473096920622097,0.14129913004056133,0.07899352328899599,1.1487748359143546,1.137461629766323,0.014594828322504187
505,Environmental/occupational risks,"Unsafe water, sanitation, and handwashing",Unsafe sanitation,2019,709900.2133637494,663215.475809356,756584.950918143,2.0,709900.2133637494,66022.18900525186,46684.737554393534,93369.47510878707,0.13152478806334011,0.13152478806334011,0.09300206953371122,1.1407830162510058,1.0703915081255029,0.09745986795493503,38786770.655524254,36168381.9035459,41405159.4075026,2,38786770.655524254,3702960.884612946,2618388.751978349,5236777.503956698,0.13501452725894425,0.13501452725894425,0.0954696877834955,1.1447888246126734,1.0723944123063367,0.10004576469887769
506,Environmental/occupational risks,"Unsafe water, sanitation, and handwashing",Unsafe water source,1990,2303775.41635157,288007.0,2442070.51157604,4.0,1834407.086069795,1038450.4816007471,134259.83943645027,2154063.51157604,0.9350145401704891,1.174255991450135,0.5660959824493593,8.479205406729838,7.999025774899811,0.08636826343078523,151168772.452474,21172000.0,170053000.0,4,123390636.226237,69098579.2678487,13837643.906636506,148881000.0,0.9848661041870056,1.2065826431677227,0.5599985653786265,8.031976194974495,7.140032706049216,0.13565889262005237
507,Environmental/occupational risks,"Unsafe water, sanitation, and handwashing",Unsafe water source,2005,1587000.0,1484935.05664559,1767661.99827251,3.0,1613199.0183060335,143172.70096138387,102064.94335440989,282726.9416269199,0.17815182207115304,0.1752585629042857,0.08875079846733651,1.1903968394857543,1.1138386882624511,0.09531206430449618,97248000.0,90091696.8788618,108230840.969997,3,98523512.61628628,9136593.260918994,7156303.1211382,18139144.091135204,0.18652459784401945,0.1841097988637561,0.09273515548012123,1.2013409084249493,1.1129364199777578,0.10905767959779958
508,Environmental/occupational risks,"Unsafe water, sanitation, and handwashing",Unsafe water source,2006,1570530.0,1463160.71146492,1752216.05269015,3.0,1595302.2547183568,146111.24537687676,107369.28853507992,289055.3412252299,0.18404955093199743,0.18119158320644466,0.09158844033770391,1.1975554284367211,1.1156845476941861,0.10131693479843647,88257130.7954343,82040060.0,106348766.46107,3,92215319.08550143,12628489.353732498,6217070.795434296,24308706.46107,0.27543050903630256,0.2636081152474366,0.1369456775617015,1.2963028849694893,1.2049878066801105,0.10439608489187673
509,Environmental/occupational risks,"Unsafe water, sanitation, and handwashing",Unsafe water source,2007,1500000.0,1435704.38756696,1722904.33227936,3.0,1552869.5732821065,150722.74511491432,64295.61243304005,287199.94471239997,0.19146662980826665,0.18494788593570116,0.09706078843205773,1.2000411416162822,1.14860288818624,0.06352406508384356,90100000.0,85761570.9920725,103431390.492802,3,93097653.82829149,9208424.22202589,4338429.007927507,17669819.5007295,0.1961134239814595,0.18979876263390658,0.09891145311792528,1.2060342330058627,1.1479621586326525,0.07136017524693192
510,Environmental/occupational risks,"Unsafe water, sanitation, and handwashing",Unsafe water source,2010,1303866.43459588,116126.0,1592303.17649971,3.0,1004098.5370318634,782413.1634961972,288436.74190382985,1476177.17649971,1.1321536756617527,1.470151705293109,0.7792195035051313,13.711857607251691,11.228031918742401,0.3278428220555916,76398611.4850756,7775000.0,93486844.7970325,3,59220152.094036035,45364685.438288264,17088233.311956912,85711844.7970325,1.121903175082917,1.4473425306461583,0.7660345985983522,12.024031485148875,9.826187972356989,0.3314819638216503
511,Environmental/occupational risks,"Unsafe water, sanitation, and handwashing",Unsafe water source,2013,1246000.0,1156911.7745972,1461534.50143047,3.0,1288148.75867589,156624.19934120352,89088.2254027999,304622.72683326993,0.24448051912782498,0.23648101570691013,0.12158859625979859,1.2633067909947842,1.1729811407949198,0.10596207868936554,75125000.0,65424962.6864952,82568344.5099927,3,74372769.06549597,8596410.507919848,7443344.509992704,17143381.823497504,0.22819809415637277,0.23050616561553974,0.11558545709585542,1.2620312052090201,1.1482620228609934,0.14683576124870798
512,Environmental/occupational risks,"Unsafe water, sanitation, and handwashing",Unsafe water source,2015,1251000.0,1043756.40489246,1363038.08887661,3.0,1219264.8312563568,161989.31796056576,112038.08887660992,319281.68398414995,0.25522117025111907,0.26186409695353485,0.13285818946622815,1.3058967422739276,1.1985555194067457,0.13272617723032445,71745000.0,58135376.9293431,75429152.7664136,3,68436509.89858557,9109239.85517336,3684152.7664135993,17293775.837070502,0.24104503222622486,0.2526980972977397,0.13310497377309458,1.2974742188063753,1.2341022590633213,0.07610167119415923
513,Environmental/occupational risks,"Unsafe water, sanitation, and handwashing",Unsafe water source,2016,1160160.0,996774.666283034,1327636.75006841,3.0,1161523.8054504814,165435.25801859883,163385.33371696598,330862.08378537605,0.2851865982152255,0.284851745812524,0.14242950272933666,1.3319326774416915,1.1639140111036617,0.20871006117134153,55292466.1967861,52440650.0,72936998.2981893,3,60223371.49832513,11102272.006653914,2851816.196786098,20496348.298189297,0.3706897106966203,0.3403387719460263,0.18435155207082152,1.3908484791509887,1.3191127709624353,0.07643702468606219
514,Environmental/occupational risks,"Unsafe water, sanitation, and handwashing",Unsafe water source,2017,1230000.0,959518.21754489,1319413.53211489,3.0,1169643.91655326,187385.43691848678,89413.53211488994,359895.31456999993,0.29259781672357715,0.3076964787971964,0.1602072513408008,1.3750791886899871,1.2818933267855916,0.10773240210916007,63900000.0,52493778.0171002,71770451.6450291,3,62721409.88737643,9692231.039838191,7870451.645029098,19276673.627928898,0.30166938384865255,0.30733801524140486,0.15452827124329183,1.3672182562598065,1.217287122660216,0.18253535740114435
515,Environmental/occupational risks,"Unsafe water, sanitation, and handwashing",Unsafe water source,2019,1054638.019900263,879122.179491836,1230153.86030869,2.0,1054638.019900263,248216.88191690922,175515.840408427,351031.680816854,0.33284565338356664,0.33284565338356664,0.23535741859598713,1.3992979462988442,1.1996489731494222,0.24663862915722287,55986231.912229404,46875997.8258098,65096465.998649,2,55986231.912229404,12883816.601408266,9110234.086419601,18220468.172839202,0.3254455167013874,0.3254455167013874,0.23012473176631087,1.3886950468883046,1.1943475234441523,0.24115512787572807
516,Environmental/occupational risks,"Unsafe water, sanitation, and handwashing","Unsafe water, sanitation, and handwashing",1990,3151367.47843388,2727000.0,3222410.98874355,4.0,3063036.4864028273,226513.78213896128,35521.75515483506,495410.98874355014,0.1572050838671954,0.16173852023726676,0.07395072933165574,1.181668862758911,1.155616970456135,0.01670488811594496,210249438.176942,190423000.0,214981962.780573,3,205218133.652505,13029627.090888198,4732524.60363102,24558962.78057301,0.11680869634431387,0.11967247895431403,0.06349159725305373,1.1289705696295773,1.1041178753456358,0.033358478973335735
517,Environmental/occupational risks,"Unsafe water, sanitation, and handwashing","Unsafe water, sanitation, and handwashing",2005,2197462.4598868,2179000.0,2351509.53936613,4.0,2231358.6147849327,80572.05440612334,9231.229943400016,172509.5393661298,0.07850397561513585,0.07731143628060744,0.036108966919192055,1.0791691323387471,1.0701022576227606,0.006225673032350036,134857315.700222,129221000.0,145317502.319825,3,136465272.673349,8167832.696229991,5636315.700221986,16096502.319824994,0.11935950405246348,0.1179531026794963,0.05985282948711045,1.1245656845236067,1.0775648437408858,0.061939686581758295
518,Environmental/occupational risks,"Unsafe water, sanitation, and handwashing","Unsafe water, sanitation, and handwashing",2006,2231210.0,2163449.56501075,2328921.68544732,3.0,2241193.75015269,83186.61016520132,67760.4349892498,165472.12043656968,0.07416250394923368,0.07383213540788085,0.037117098938694575,1.076485314523959,1.0437931371082596,0.0450074016583236,131889229.692361,118178240.0,142602535.310977,3,130890001.66777933,12242769.00228398,10713305.618616015,24424295.310977012,0.18518794421612778,0.186601688438892,0.09353479139956138,1.2066733716035796,1.1160195793435492,0.12038222502188542
519,Environmental/occupational risks,"Unsafe water, sanitation, and handwashing","Unsafe water, sanitation, and handwashing",2007,2122569.39570833,1990000.0,2289349.83800262,3.0,2133973.0779036502,150000.3811787075,132569.39570832998,299349.8380026198,0.1410318261480081,0.14027816990863443,0.07029159961383546,1.1504270542726733,1.07857478894754,0.09256132913109352,128083885.96649,120000000.0,138653739.689002,3,128912541.88516401,9354437.667221224,8083885.9664900005,18653739.689002007,0.1456368968527571,0.14470073598904643,0.07256421702982327,1.1554478307416833,1.0825229000725145,0.09353494322831941
520,Environmental/occupational risks,"Unsafe water, sanitation, and handwashing","Unsafe water, sanitation, and handwashing",2010,2026473.25062759,1934673.42181085,2118273.07944433,2.0,2026473.25062759,129824.56293616229,91799.82881674008,183599.65763348015,0.09060058284836482,0.09060058284836482,0.06406428651153237,1.0948995605995513,1.0474497802997758,0.06713503189063832,119730652.5074945,114250939.669399,125210365.34559,2,119730652.5074945,7749484.213544622,5479712.838095501,10959425.676191002,0.09153400108217903,0.09153400108217903,0.06472431287434557,1.095924162268631,1.0479620811343155,0.06782669480189465
521,Environmental/occupational risks,"Unsafe water, sanitation, and handwashing","Unsafe water, sanitation, and handwashing",2013,1739900.92183046,1399000.0,1957088.56536034,3.0,1698663.1623969332,281320.3268496851,217187.6435298801,558088.56536034,0.3207588192856429,0.32854575157374805,0.16561277896479626,1.398919632137484,1.2436747118159113,0.18499449231434242,99257213.0871388,83867000.0,111186618.503338,3,98103610.53015894,13696294.679094229,11929405.416199192,27319618.503337994,0.2752406364598798,0.27847719727847753,0.13961050572021225,1.325749323373174,1.1835073758109722,0.178116816671916
522,Environmental/occupational risks,"Unsafe water, sanitation, and handwashing","Unsafe water, sanitation, and handwashing",2015,1766000.0,1589037.37381901,1835090.59621868,3.0,1730042.65667923,126906.44178815804,69090.59621868003,246053.22239966993,0.13932798550377687,0.14222378936711447,0.07335451602780219,1.1548442009317366,1.1113646721572614,0.05797976421069298,95305000.0,89162094.8861891,102005950.649562,3,95491015.1785837,6423948.081404411,6142905.113810897,12843855.763372898,0.13476581253211162,0.13450329059077237,0.06727280120952307,1.1440506280137028,1.070310588631887,0.09552264182013273
523,Environmental/occupational risks,"Unsafe water, sanitation, and handwashing","Unsafe water, sanitation, and handwashing",2016,1660770.0,1523780.70306148,1788028.15855124,3.0,1657526.2872042402,132153.58749473744,127258.1585512401,264247.45548976003,0.15911140946052738,0.15942278413904845,0.07972940671586072,1.173415672582578,1.0899009264674964,0.11355972890462727,84992972.7069243,75796040.0,98500175.2640656,3,86429729.3236633,11420054.36519696,9196932.706924304,22704135.264065593,0.2671295583736643,0.26268895485074145,0.13213109024593814,1.299542499371545,1.158921404052042,0.16036448470464437
524,Environmental/occupational risks,"Unsafe water, sanitation, and handwashing","Unsafe water, sanitation, and handwashing",2017,1610000.0,1469772.6954842,1770143.13626557,3.0,1616638.6105832567,150295.2221018876,140227.30451579997,300370.44078137004,0.1865654911685528,0.1857993733509812,0.09296773015192526,1.204365233960491,1.0994677865003541,0.12907879831827052,84400000.0,80749878.3286129,96342032.1153806,3,87163970.14799784,8155272.108386145,3650121.671387106,15592153.786767706,0.18474115861099177,0.1788830150840239,0.09356242142870624,1.1930919787063354,1.1414932715092487,0.06409336868478308
525,Environmental/occupational risks,"Unsafe water, sanitation, and handwashing","Unsafe water, sanitation, and handwashing",2019,1505330.4797151699,1353773.59261822,1656887.36681212,2.0,1505330.4797151699,214333.8052035545,151556.88709694997,303113.77419389994,0.2013602848533655,0.2013602848533655,0.14238322288146954,1.2239028563171135,1.1119514281585567,0.14920797107634384,79874606.7644052,72210752.3340536,87538461.1947568,2,79874606.7644052,10838326.875456363,7663854.4303516,15327708.8607032,0.19189714330504523,0.19189714330504523,0.13569177132132415,1.2122635253790988,1.1061317626895493,0.1421957831890385
526,Metabolic risks,High LDL cholesterol*,High LDL cholesterol*,1990,2328005.42350231,1945920.0,3002610.92948579,4.0,2401135.444122602,451089.2557681697,253045.42350231018,1056690.92948579,0.4539039809864693,0.44007968483090504,0.18786497732659227,1.5430289680386604,1.2897783223239172,0.16108781957485485,54744642.9474065,39526000.0,69718898.0736942,4,54683545.9921268,13106595.773823114,10214949.0368471,30192898.0736942,0.5515224220696935,0.5521386282821034,0.23968079494534186,1.7638743630444316,1.3850286633458104,0.27653033534534327
527,Metabolic risks,High LDL cholesterol*,High LDL cholesterol*,2005,3537654.6675436,2984966.39368014,3816000.0,3.0,3446207.0204079133,422996.7113740221,278345.33245640015,831033.6063198601,0.23491088995888207,0.24114442382555826,0.12274268750225974,1.2784063526073022,1.1851572851987975,0.11660487567793418,81691000.0,73892029.1717179,83330338.2703146,3,79637789.14734417,5043032.397700924,1639338.270314604,9438309.098596707,0.11553670659676962,0.11851545854863128,0.06332461575961647,1.127731085536479,1.1055454954438733,0.029740109884886255
528,Metabolic risks,High LDL cholesterol*,High LDL cholesterol*,2006,3532881.45541464,2949109.90332662,3802100.0,3.0,3428030.452913753,436054.2693287113,269218.5445853602,852990.0966733801,0.24144316967274754,0.24882803942081572,0.1272025658226211,1.2892364559595424,1.1979483882338602,0.11293384397713309,83099730.2614095,73128415.7254097,83976460.0,3,80068201.99560641,6025996.918821007,876729.7385904938,10848044.274590299,0.13054247276694225,0.13548504904837957,0.07526079977606681,1.1483423942250257,1.1363534877254986,0.015635591938792336
529,Metabolic risks,High LDL cholesterol*,High LDL cholesterol*,2007,3566949.24579904,2968349.86418456,3570000.0,3.0,3368433.0366612,346485.54868786165,3050.754200960044,601650.1358154402,0.16867359033045712,0.17861424860379513,0.10286253130663361,1.2026884172498717,1.201660656257891,0.0012675307144186677,81000000.0,73494515.5663011,83794384.4503287,3,79429633.3388766,5326477.573858341,2794384.450328693,10299868.884027585,0.12715887511145166,0.12967287460694274,0.06705907291720195,1.1401447278706918,1.1021230547050551,0.051126885868976825
530,Metabolic risks,High LDL cholesterol*,High LDL cholesterol*,2010,3105372.62580146,2018811.0,3746423.46889101,3.0,2956869.031564157,873327.6583235936,641050.8430895503,1727612.4688910102,0.5563301661568341,0.5842708792472688,0.29535554297499983,1.855757408143214,1.5382185978783849,0.30593344630051283,76249369.9505541,40900000.0,87262380.397938,3,68137250.11616403,24222354.24553949,11013010.447383896,46362380.397938,0.6080362425027629,0.6804263500346276,0.3554935692920381,2.133554532956919,1.8642877738521786,0.2140513619142938
531,Metabolic risks,High LDL cholesterol*,High LDL cholesterol*,2013,3230732.25988285,2830000.0,3909372.41623445,3.0,3323368.2253724337,545616.412700891,400732.2598828501,1079372.41623445,0.33409528534363575,0.3247826731909883,0.16417573247988385,1.3814036806482155,1.2100576902575666,0.18382371591755448,78977355.4277038,62715000.0,90111463.25857,3,77267939.56209128,13777994.292376151,11134107.830866203,27396463.25857,0.34689010679331794,0.354564434018001,0.17831450366687177,1.4368406801972415,1.2593056753201595,0.20893011314424886
532,Metabolic risks,High LDL cholesterol*,High LDL cholesterol*,2015,4063586.81986659,3320977.92647004,4313000.0,3.0,3899188.2487788764,516039.839764753,249413.1801334098,992022.0735299601,0.24412473942479437,0.2544175890560389,0.13234545419200092,1.2987138413727453,1.2236115113796886,0.09096159362231825,88687000.0,80827201.8525295,93029565.587838,3,87514589.14678916,6185089.375970077,4342565.587837994,12202363.735308498,0.13758909124571242,0.1394323375596421,0.070674951871119,1.150968528609612,1.09724199239027,0.07256624083773165
533,Metabolic risks,High LDL cholesterol*,High LDL cholesterol*,2016,4127271.94831626,3377474.38143516,4392510.0,3.0,3965752.10991714,526441.6590527244,265238.0516837402,1015035.6185648399,0.24593378659696233,0.2559503444571194,0.13274699085105543,1.3005309600996973,1.221999483105626,0.09524034217218544,93844030.0,82104290.43091,94212569.2977045,3,90053629.90953816,6886795.620123006,368539.29770450294,12108278.866794497,0.12902556365913204,0.13445631096667243,0.07647438117753853,1.1474743743992708,1.142985701569017,0.005820031803813981
534,Metabolic risks,High LDL cholesterol*,High LDL cholesterol*,2017,4188135.1238141,3410577.49507831,4320000.0,3.0,3972904.20629747,491432.1764046371,131864.87618590007,909422.5049216901,0.21714258925186888,0.22890622519419423,0.1236959541147923,1.26664765900615,1.2279841551343893,0.04666128019516551,94900000.0,82624061.9489337,95161874.340617,3,90895312.0965169,7164309.373239664,261874.34061700106,12537812.391683295,0.13211604206199468,0.13793684297348643,0.07881934951312192,1.1517452918186517,1.1485758235736887,0.004089544497306592
535,Metabolic risks,High LDL cholesterol*,High LDL cholesterol*,2019,3969042.2093610745,3541101.15603869,4396983.26268346,2.0,3969042.2093610745,605200.0415047443,427941.05332238483,855882.1066447697,0.21563945695164255,0.21563945695164255,0.152480122301891,1.2416994231258325,1.1208497115629161,0.15978883760116713,92007368.9216182,85396717.0594472,98618020.7837892,2,92007368.9216182,9348873.519609181,6610651.862171002,13221303.724342003,0.14369831329059454,0.14369831329059454,0.10161005177284833,1.1548221545230861,1.077411077261543,0.10648045014833057
536,Metabolic risks,High body-mass index,High body-mass index,1990,2080839.44152066,1459533.23496069,2724000.0,4.0,2086303.0295005024,525062.4085011753,369298.324040315,1264466.76503931,0.6076714713343037,0.6060801078077549,0.2516712103068194,1.8663501006699352,1.4256882897063348,0.2630189073251055,59424001.8892208,48042109.3440436,78310000.0,4,61300028.2806213,14091112.137974812,9620447.217198998,30267890.655956402,0.5093546327018215,0.49376634081464127,0.2298712175705377,1.6300283453251228,1.3178176748510946,0.23992835087862285
537,Metabolic risks,High body-mass index,High body-mass index,2005,3314000.0,2273150.58791485,3394895.87600873,3.0,2994015.487974527,625596.2666067795,80895.87600872992,1121745.2880938798,0.3384868099257332,0.37466248675044383,0.20894890795304466,1.4934760125693438,1.457888455616975,0.03617612801597397,98478000.0,76739354.488665,106242595.498724,3,93819983.32912965,15293238.60416708,7764595.498723999,29503241.010059,0.29959220343689963,0.3144664917127383,0.16300619613752124,1.3844603750793454,1.2832789727798135,0.11684975861724411
538,Metabolic risks,High body-mass index,High body-mass index,2006,3435290.43304776,2304680.84678092,3519120.0,3.0,3086363.759942893,678253.6263234366,83829.56695224019,1214439.15321908,0.3535186258303174,0.3934854241683912,0.21975816173268778,1.52694461140481,1.4905709993841565,0.036164458477241285,105257570.0,78333823.7019661,108083680.089931,3,97225024.59729904,16421170.11698537,2826110.0899309963,29749856.38796489,0.2826386395578474,0.30598970286906313,0.16889859565478121,1.3797830232461663,1.34370524794589,0.039790916256927995
539,Metabolic risks,High body-mass index,High body-mass index,2007,3470000.0,2362254.76060496,3509283.94355316,3.0,3113846.2347193733,651193.6079434284,39283.943553159945,1147029.1829482,0.33055596050380404,0.36836410551003745,0.209128376566133,1.4855654022068527,1.468935551689333,0.016777753413770326,108000000.0,80552717.074517,110888641.401669,3,99813786.15872866,16742988.054315152,2888641.4016689956,30335924.327152,0.28088818821437034,0.3039251940499518,0.1677422398113388,1.376597158095724,1.3407368978018743,0.03963857923401344
540,Metabolic risks,High body-mass index,High body-mass index,2010,3371232.0,2597212.50269179,3798179.41108766,3.0,3255541.30459315,608784.5526278357,426947.4110876601,1200966.9083958701,0.3562397688429245,0.36889930000318544,0.18699948661960422,1.4624061015997614,1.2980193174436072,0.18768689405888184,93609000.0,88891312.364393,120984795.77933,3,101161702.71457434,17328600.871024266,4717687.635607004,32093483.414937004,0.34284613033935846,0.317249339955142,0.17129605775731707,1.3610418449372856,1.2924483306020789,0.07468953921064835
541,Metabolic risks,High body-mass index,High body-mass index,2013,4123948.26709091,2848254.11610004,4444000.0,3.0,3805400.7943969835,844218.9294049748,320051.7329090899,1595745.8838999602,0.38694614494415597,0.41933713953324264,0.2218475727045599,1.5602540429520835,1.4478863538825002,0.1150151838606503,131927317.33706,97931009.7291766,134048000.0,3,121302109.02207887,20267721.51373327,2120682.6629399955,36116990.270823404,0.27376430446583255,0.29774412466521544,0.167084658932387,1.3688003459854357,1.347145482333926,0.023822599973343107
542,Metabolic risks,High body-mass index,High body-mass index,2015,3960000.0,3067586.1036862,4423170.49812183,3.0,3816918.867269343,689025.7038144289,463170.4981218297,1355584.3944356297,0.3423192915241489,0.35515148253738665,0.18051882363099947,1.44190589884557,1.2909173096205582,0.17333805005468475,120132000.0,105269990.836551,141427110.03594,3,122276366.957497,18173691.134054463,14862009.163449004,36157119.199388996,0.3009782505859304,0.29569997947319726,0.1486279939963509,1.3434703367223513,1.1772642596139247,0.18334413462051263
543,Metabolic risks,High body-mass index,High body-mass index,2016,4525100.0,3182764.03883971,4563131.46539082,3.0,4090331.8347435095,786206.7642873627,38031.465390820056,1380367.42655111,0.30504683356193457,0.33747076822134364,0.19221099804404085,1.4337008366647026,1.4217516425281858,0.01245555495109397,135381330.0,109148497.077004,145934151.937319,3,130154659.671441,18941611.9408601,10552821.93731901,36785654.86031501,0.2717188172129422,0.28263033342928906,0.14553156981606197,1.337023924702901,1.2403407616734181,0.11552022801893565
544,Metabolic risks,High body-mass index,High body-mass index,2017,4683247.48173154,3280798.00899825,4720000.0,3.0,4228015.163576596,820519.9207486633,36752.51826846041,1439201.9910017499,0.30730854959423004,0.34039660108131886,0.19406740255268207,1.4386743673503972,1.4274720567638692,0.01163022716316502,148000000.0,112618348.898975,149930243.510049,3,136849530.803008,21007001.031841114,1930243.5100489855,37311894.611073986,0.25210739602077015,0.2726490503265493,0.15350437015440155,1.3313127476637476,1.3141730583598268,0.01932851947224727
545,Metabolic risks,High body-mass index,High body-mass index,2019,4266492.115377845,3513624.51396693,5019359.71678876,2.0,4266492.115377845,1064715.5725866177,752867.6014109151,1505735.2028218303,0.35292112632639444,0.35292112632639444,0.24955292164938767,1.428541865198292,1.214270932599146,0.2615145546078583,140482501.501374,120699645.508391,160265357.494357,2,140482501.501374,27977183.247750428,19782855.992983,39565711.985966,0.281641567904306,0.281641567904306,0.19915066252914634,1.3278030504506777,1.1639015252253389,0.20869640181709076
546,Metabolic risks,High fasting plasma glucose,High fasting plasma glucose,1990,2303531.7345683053,2104174.0,2910089.18033946,4.0,2405331.6623690175,367725.08179276687,169913.00000000023,805915.1803394598,0.34986068055645553,0.3350536613922555,0.15287915905559296,1.3830078597774993,1.263316296740677,0.10931521464243736,64625070.174764395,56358000.0,77209953.4109893,4,65704523.440129526,9285548.361382945,6272500.0,20851953.4109893,0.3226604374215725,0.31735948027976735,0.14132281729193286,1.3699910112315785,1.1947368598934103,0.14384270647384081
547,Metabolic risks,High fasting plasma glucose,High fasting plasma glucose,2005,4212000.0,3389525.50359075,4562010.37438424,3.0,4054511.959324997,601898.7084856099,350010.37438424025,1172484.8707934902,0.27836772810861593,0.28918027189360856,0.14845158049202428,1.3459141610090848,1.2426518093868737,0.1231517983944549,117101000.0,95739932.5801625,119494121.96786,3,110778351.5160075,13078504.931977112,2393121.9678599983,23754189.387697503,0.20285214804055904,0.21442988691039527,0.11806011511271916,1.248111615994802,1.2231155469213644,0.030286733301752484
548,Metabolic risks,High fasting plasma glucose,High fasting plasma glucose,2006,4628394.24822257,3432467.04613952,4700400.0,3.0,4253753.764787364,712165.7902081263,72005.75177743006,1267932.9538604799,0.27394661860263975,0.29807389519262906,0.16742054890516822,1.3693940646237284,1.348416222503317,0.02305605754633627,121428639.022092,97535349.7239879,123096040.0,3,114020009.58202665,14300456.792763898,1667400.9779080003,25560690.276012093,0.2104996850978601,0.2241772331866328,0.1254205892911811,1.2620659109578778,1.2449705605784869,0.02035012719536518
549,Metabolic risks,High fasting plasma glucose,High fasting plasma glucose,2007,4721781.99742245,3520766.62353464,5140000.0,3.0,4460849.54031903,840561.4149140876,418218.0025775498,1619233.3764653602,0.34292844890960134,0.36298766901462365,0.1884307926812462,1.4599093179427345,1.3411232559010295,0.13126380679122157,124004308.320005,100205247.998701,136000000.0,3,120069852.10623534,18218837.14681532,11995691.679995,35794752.001298994,0.28865732559006907,0.2981160663846619,0.1517353176274063,1.3572143447193805,1.237503132786144,0.14336288239176134
550,Metabolic risks,High fasting plasma glucose,High fasting plasma glucose,2010,3860884.71533596,3356271.0,5059340.26360935,3.0,4092165.326315103,874773.8393001287,504613.71533596003,1703069.2636093497,0.4411085513236193,0.4161780201443921,0.2137679613467234,1.5074290078510793,1.3104095658471648,0.19369589647610566,109954585.281019,89012000.0,132973748.41651,3,110646777.89917634,21989046.794361133,20942585.281019002,43961748.41651,0.3998173273461378,0.39731611937736555,0.198731921632621,1.493885638077001,1.2352782240711253,0.28227027828941237
551,Metabolic risks,High fasting plasma glucose,High fasting plasma glucose,2013,4217947.34631063,4014000.0,5467330.96783256,3.0,4566426.104714396,786842.3026942909,203947.34631063044,1453330.9678325597,0.3445588217462611,0.31826442265914145,0.17231031109469871,1.3620655126638166,1.2962065476267135,0.07165807024516971,120652441.918664,116893000.0,144301053.71322,3,127282165.21062799,14858172.003402563,3759441.9186639935,27408053.71322,0.22716534599189234,0.215333025391773,0.11673412358137598,1.2344713003620404,1.1960060767812586,0.04617803697015909
552,Metabolic risks,High fasting plasma glucose,High fasting plasma glucose,2015,5240000.0,4497340.93608284,5782270.45930667,3.0,5173203.79846317,645063.7715124503,542270.4593066704,1284929.5232238304,0.2452155578671432,0.24838177139001383,0.12469328420892342,1.2857087202161277,1.1651329250932914,0.1533673321932224,143076000.0,128942699.627765,152964841.653972,3,141661180.42724565,12073405.182441358,9888841.653972,24022142.026207,0.16789777479246695,0.16957462837565646,0.0852273371295393,1.1863009080432991,1.1096091551754024,0.10242992067982404
553,Metabolic risks,High fasting plasma glucose,High fasting plasma glucose,2016,5612450.0,4645318.13134831,5897120.90209027,3.0,5384963.011146193,656174.7418048343,284670.9020902701,1251802.77074196,0.2230403425851384,0.23246264981781423,0.12185315673415685,1.2694762200018845,1.2081949699257688,0.07516900407091025,144088580.0,133505555.874196,156393420.074535,3,144662518.649577,11454721.126827957,10583024.125804007,22887864.20033902,0.1588457891689891,0.15821557936359038,0.07918237034553008,1.1714375409357987,1.0853977468202893,0.10884999876077299
554,Metabolic risks,High fasting plasma glucose,High fasting plasma glucose,2017,6001404.28962888,4777879.83019396,6530000.0,3.0,5769761.373274281,898735.2796475915,528595.7103711199,1752120.16980604,0.2919516975108486,0.30367290022112814,0.1557664557516299,1.3667149932766123,1.2560810449234865,0.1305325895347142,159366251.667302,137797561.74933,171000000.0,3,156054604.47221068,16847128.29552727,11633748.332697988,33202438.250669986,0.20834046043816376,0.21276166994856271,0.10795662423743037,1.2409508399798042,1.1565244670817034,0.10818611122919375
555,Metabolic risks,High fasting plasma glucose,High fasting plasma glucose,2019,5795111.545552945,5088825.39219422,6501397.69891167,2.0,5795111.545552945,998839.4569962325,706286.1533587249,1412572.3067174498,0.24375239296324333,0.24375239296324333,0.17235896999475744,1.2775831744756272,1.1387915872378136,0.1806205231857633,159788838.19358099,147508942.724442,172068733.66272,2,159788838.19358099,17366394.716980275,12279895.469138995,24559790.93827799,0.15370154271053835,0.15370154271053835,0.10868340312945535,1.1664969627242028,1.0832484813621013,0.11389284314850892
556,Metabolic risks,High systolic blood pressure,High systolic blood pressure,1990,6868357.314648315,6564593.52849285,7293185.0,4.0,6898623.28944737,306644.9458793708,192203.23575357534,728591.4715071497,0.10607943619259072,0.10561403934342314,0.04445016534653181,1.1109880555962504,1.061852880665606,0.04147209912613344,142928802.1235395,137017000.0,153731856.979317,4,144151615.30659902,6980562.537764607,3208500.0,16714856.97931701,0.1169453373356452,0.11595331029600908,0.048425142672994026,1.1219911177395288,1.0755834701982596,0.033268291130643154
557,Metabolic risks,High systolic blood pressure,High systolic blood pressure,2005,8549944.15354547,8443691.48336824,9212000.0,3.0,8735211.878971236,416314.2944285613,106252.67017723061,768308.5166317597,0.08986123217110831,0.08795533837952481,0.047659324146535925,1.0909920167198337,1.077433938112916,0.018417249794240812,189579000.0,181235633.638619,192544526.595339,3,187786386.74465266,5863690.108547087,2965526.595339,11308892.956719995,0.05965266699750497,0.06022211275675457,0.03122532048353638,1.0623988380743588,1.0460360150698484,0.02318247492756264
558,Metabolic risks,High systolic blood pressure,High systolic blood pressure,2006,8575737.14716104,8382911.81490546,9083070.0,3.0,8680572.9873555,361660.4568938645,192825.33225558046,700158.18509454,0.08164408179491885,0.08065806094994199,0.041663200968493075,1.0835220744955953,1.059159095496171,0.03332274969474457,188635230.0,180133804.409649,192980580.767125,3,187249871.72559133,6534472.347183467,4345350.7671250105,12846776.357475996,0.06810380201766127,0.06860766439563992,0.03489707248910443,1.0713179649959574,1.047195059351645,0.034138956105279304
559,Metabolic risks,High systolic blood pressure,High systolic blood pressure,2007,8500000.0,8477242.17175161,8679506.73654046,3.0,8552249.636097357,110793.75838257027,22757.828248390928,202264.56478885002,0.023795831151629414,0.02365045144790106,0.012954925674167847,1.0238597129456615,1.021118439592995,0.003967894289895924,182000000.0,181715237.944904,195187748.812931,3,186300995.585945,7697470.983707261,284762.05509600043,13472510.868027002,0.07402478498915935,0.07231582861730772,0.041317390492184664,1.0741407876433118,1.0724601583128077,0.0023187767343531463
560,Metabolic risks,High systolic blood pressure,High systolic blood pressure,2010,9181355.47795726,9006013.52473805,9395860.0,3.0,9194409.667565102,195250.8065752353,175341.95321921073,389846.47526195087,0.04246066674990423,0.04240038124874976,0.021235817592946384,1.0432873517445989,1.0233630559842417,0.028302659154711793,190648036.703848,173556000.0,204937516.757039,3,189713851.15362898,15711601.620291883,14289480.053191006,31381516.75703901,0.1646044580348181,0.16541500036086704,0.08281736691734087,1.180814934413325,1.0984813933476687,0.11107908481494286
561,Metabolic risks,High systolic blood pressure,High systolic blood pressure,2013,9622329.78536998,9430071.04492079,10364000.0,3.0,9805466.943430256,493163.4995421217,192258.74044919014,933928.9550792109,0.0970585061945371,0.09524574000067901,0.050294749081026206,1.0990373190859726,1.0770780290400848,0.02961106714289821,208129000.0,198201406.767837,212834750.857853,3,206388385.87522998,7470340.886647221,4705750.857852995,14633344.090016007,0.07030901070978099,0.07090197458524845,0.0361955487706723,1.073830677232058,1.0500884095327925,0.03350769364835337
562,Metabolic risks,High systolic blood pressure,High systolic blood pressure,2015,9999740.22701571,9750488.81370532,10704000.0,3.0,10151409.680240342,494518.5667680917,249251.41331038997,953511.1862946805,0.09535359565827875,0.09392894349941212,0.04871427539080302,1.09779111637505,1.0704278068225845,0.03694001905449875,211816000.0,204109206.41377,220192847.617998,3,212039351.34392264,8044146.503123212,7706793.58623001,16083641.204228014,0.07593213545826573,0.07585215245325261,0.03793704542170478,1.0787991952289662,1.039547756628385,0.05392164942588319
563,Metabolic risks,High systolic blood pressure,High systolic blood pressure,2016,10190859.867275,9950648.39498017,10455860.0,3.0,10199122.754085056,252707.13867143737,240211.4722948298,505211.60501983017,0.04957497322106952,0.04953480972836391,0.0247773406364994,1.0507717271243044,1.026003706868345,0.03493261673473773,212105090.0,208060475.892427,224080795.693545,3,214748787.19532403,8330937.088824194,4044614.1075730026,16020319.801118016,0.0755301053884092,0.07460028068306057,0.038793872587726506,1.0769983810351418,1.0564611895619527,0.028260133254808688
564,Metabolic risks,High systolic blood pressure,High systolic blood pressure,2017,10351720.664193,10105993.5905644,10400000.0,3.0,10285904.7515858,157666.5562557336,48279.335806999356,294006.40943560004,0.02840169465281067,0.028583427178855845,0.015328409125257144,1.0290922814071546,1.0243149841157655,0.006911892040660173,218000000.0,210752897.401633,227076530.256415,3,218609809.21934935,8178884.267272171,7247102.598367006,16323632.854782015,0.07487904979257805,0.07467017565713696,0.037413162275191494,1.0774538953249786,1.041635459891812,0.04926700023293533
565,Metabolic risks,High systolic blood pressure,High systolic blood pressure,2019,10690252.96872745,10534910.7697355,10845595.1677194,2.0,10690252.96872745,219687.04462327602,155342.19899194967,310684.39798389934,0.029062399074442358,0.029062399074442358,0.020550219463087896,1.0294909377758024,1.0147454688879012,0.021535237714161787,227239054.680255,219053473.220632,235424636.139878,2,227239054.680255,11576160.316108614,8185581.459623009,16371162.919246018,0.07204379080999813,0.07204379080999813,0.050942653024134754,1.0747359203145657,1.037367960157283,0.05338444899020861
566,Metabolic risks,Kidney dysfunction*,Kidney dysfunction*,1990,1571719.65073178,1310000.0,1864825.71386022,3.0,1582181.7881973332,277560.7779034833,261719.6507317801,554825.71386022,0.3530055208013068,0.35067128063227393,0.1754291320845777,1.4235310792826108,1.199785992925023,0.24677971176596897,42090331.2365,34159000.0,48192827.5971014,3,41480719.61120047,7036746.336664871,6102496.360601395,14033827.597101398,0.33342164779476735,0.3383217005066623,0.16963896486416874,1.4108383616938844,1.232188624857285,0.21486881525343177
567,Metabolic risks,Kidney dysfunction*,Kidney dysfunction*,2005,2289041.68742111,1991000.0,2570583.64848882,3.0,2283541.778636643,289830.9647818556,281541.9610677101,579583.6484888201,0.25319925437521984,0.25380908460315205,0.1269216825780587,1.2911017822646007,1.1496944688202462,0.1822794178870656,59068001.0549348,47131000.0,64121156.3936479,3,56773385.81619424,8724408.168497676,5053155.338713102,16990156.3936479,0.2876372331924117,0.2992626941196375,0.15367073925700403,1.3604879250100337,1.2532728152369947,0.1267822861486045
568,Metabolic risks,Kidney dysfunction*,Kidney dysfunction*,2006,2320600.08581563,2108450.0,2576800.99147228,3.0,2335283.6924293037,234520.50876342523,212150.08581562992,468350.9914722801,0.20182322423196286,0.2005542165993002,0.10042484753510302,1.222130470948934,1.1104028683023177,0.1354849674877341,59747282.4438828,52009540.0,64342644.8600906,3,58699822.434657805,6232916.510406012,4595362.416207798,12333104.860090598,0.20642118529281023,0.21010463658249218,0.10618288526075585,1.2371315889371566,1.1487754447334624,0.11398555419179955
569,Metabolic risks,Kidney dysfunction*,Kidney dysfunction*,2007,2366737.16160796,2040000.0,2621556.6079403,3.0,2342764.58984942,291518.4989109535,254819.44633234013,581556.6079402999,0.24572082501345047,0.24823518780334614,0.12443354324801825,1.2850767685981863,1.1601652752980196,0.1595624666694962,60758178.4845187,51000000.0,65244267.1054846,3,59000815.19666777,7282927.339827872,4486088.620965898,14244267.105484597,0.23444197078939857,0.2414249202829503,0.12343774091174244,1.279299355009502,1.1913368330297784,0.10942367763650916
570,Metabolic risks,Kidney dysfunction*,Kidney dysfunction*,2010,2679193.446091965,2546153.96459712,2812232.92758681,2.0,2679193.446091965,188146.23906109456,133039.48149484512,266078.96298969025,0.09931308371099865,0.09931308371099865,0.07022495495259447,1.1045023068869255,1.0522511534434627,0.07359099502984999,66740928.43945195,64446431.0009722,69035425.8779317,2,66740928.43945195,3244909.3963283906,2294497.4384797513,4588994.876959503,0.06875833142061674,0.06875833142061674,0.04861948241059016,1.0712063461961188,1.0356031730980593,0.050949923582677005
571,Metabolic risks,Kidney dysfunction*,Kidney dysfunction*,2013,2731127.16812583,2164000.0,3029272.94716937,3.0,2641466.7050984,439549.27738367574,298145.7790435399,865272.94716937,0.31681898860943286,0.3275729145096822,0.16640348959738324,1.3998488665292836,1.2620735527383689,0.16178376814498038,68157795.5209277,51906000.0,73471308.1686471,3,64511701.22985826,11235485.382781917,5313512.647719398,21565308.168647096,0.3164026653712049,0.3342852189218957,0.17416197633277952,1.4154685040004449,1.3131005186477034,0.11553521770671503
572,Metabolic risks,Kidney dysfunction*,Kidney dysfunction*,2015,2872135.85349362,2426000.0,3181512.38475263,3.0,2826549.4127487503,379813.55105300114,309376.5312590096,755512.3847526298,0.2630489723644641,0.26729141240022136,0.13437357554759383,1.3114230769796495,1.1838977137236686,0.15963590955077733,71149734.0459036,54433000.0,76703506.030698,3,67428746.69220053,11592159.845371898,5553771.984794408,22270506.030698,0.313008984915246,0.33028206993611564,0.17191717796992306,1.4091361128487867,1.3071066089670529,0.11568124873320156
573,Metabolic risks,Kidney dysfunction*,Kidney dysfunction*,2016,2954095.89124048,2554210.0,3262461.57414549,3.0,2923589.1551286564,355109.9390062724,308365.68290500995,708251.5741454898,0.23975239810109272,0.24225413919840671,0.12146369416623634,1.2772879184348545,1.1565595198673875,0.1546997656441419,73088918.0418467,60482180.0,78459813.2339699,3,70676970.4252722,9228322.851559175,5370895.1921232045,17977633.233969897,0.2459693441306231,0.2543633821002262,0.1305704361127988,1.2972385127978174,1.2084372296409736,0.10890387883658807
574,Metabolic risks,Kidney dysfunction*,Kidney dysfunction*,2017,3021907.47932331,2590000.0,3320224.96121056,3.0,2977377.480177956,367143.4516802048,298317.4818872502,730224.96121056,0.24164371881235688,0.24525776999123233,0.1233110192189204,1.2819401394635368,1.1667596445263744,0.14630047782134775,74617615.11766,61300000.0,79513372.8717096,3,71810329.32978986,9425623.47869175,4895757.754049599,18213372.8717096,0.24408945318059327,0.2536316577530852,0.13125721002342786,1.2971186439104339,1.2172531014300163,0.09723592720111365
575,Metabolic risks,Kidney dysfunction*,Kidney dysfunction*,2019,3323500.7482098304,3161551.84479555,3485449.65162411,2.0,3323500.7482098304,229030.33561992494,161948.90341427992,323897.80682855984,0.09745681778559072,0.09745681778559072,0.06891237672905287,1.1024489942689855,1.0512244971344928,0.07221550197912271,79624310.27923119,76486944.9445875,82761675.6138749,2,79624310.27923119,4436904.6063723285,3137365.334643699,6274730.669287398,0.07880420749998092,0.07880420749998092,0.05572298950926836,1.082036623031986,1.041018311515993,0.058393917757485855
576,Metabolic risks,Low bone mineral density,Low bone mineral density,1990,191683.48437766952,103270.0,207633.031471324,4.0,173567.50005666574,49161.36723440099,15816.515735662004,104363.03147132401,0.5444549999190329,0.6012821031428806,0.28324062522275745,2.010584211013111,1.856139095358473,0.12228532049254516,8838316.881202701,3125000.0,10903000.0,4,7926158.440601351,3351673.995086769,1157031.9885529997,7778000.0,0.8800318097376912,0.981307660992188,0.42286235131485467,3.48896,2.8282614019848644,0.19400994896238766
577,Metabolic risks,Low bone mineral density,Low bone mineral density,2005,311015.898806385,283000.0,313171.958273623,3.0,302395.9523600027,16831.945047147303,2156.059467238025,30171.958273623022,0.09701098364879991,0.09977632980253412,0.055661938976976966,1.1066146935463712,1.0989961088564841,0.010273687431123554,11948752.1485192,7499000.0,12620541.7449404,3,10689431.297819866,2783336.884936202,671789.5964212008,5121541.7449404,0.42862565741436937,0.47912200399145183,0.26038212954358664,1.6829632944313109,1.5933794037230564,0.08332185399122222
578,Metabolic risks,Low bone mineral density,Low bone mineral density,2006,319113.900697841,319037.706355227,341070.0,3.0,326407.2023510227,12698.412403351984,76.19434261403512,22032.293644773017,0.06904209937765986,0.06749941020320745,0.03890359131749777,1.0690585883921868,1.0688033308926537,0.0003538548947791544,12221794.8461677,9412320.0,12859112.4511902,3,11497742.432452634,1833925.7001717382,637317.6050224993,3446792.4511901997,0.2820201528968542,0.2997799325771598,0.15950311210620288,1.366200092133523,1.2984890915489167,0.07728035877966856
579,Metabolic risks,Low bone mineral density,Low bone mineral density,2007,327731.467540126,245000.0,328780.794541012,3.0,300504.08736037934,48070.81294372043,1049.327000885969,83780.79454101197,0.25563854203519293,0.2788008485240266,0.15996725158041375,1.3419624266980081,1.337679459347453,0.0047450512670792165,12533613.5349847,7850000.0,13174942.2908962,3,11186185.275293633,2906961.435348651,641328.7559114993,5324942.2908962,0.4248529185962889,0.47602843684854146,0.2598706675964961,1.6783365975663949,1.5966386668770318,0.07583201872372093
580,Metabolic risks,Low bone mineral density,Low bone mineral density,2010,346141.373549022,187586.0,350453.412007431,3.0,294726.9285188177,92811.8114348734,4312.0384584089625,162867.41200743098,0.4705228107739192,0.5526044492301362,0.31490780941296836,1.8682279701439926,1.8452409750675531,0.018461939206631826,13328884.5349079,5216000.0,13932411.0955739,3,10825765.2101606,4867562.055300732,603526.5606660005,8716411.0955739,0.6539490287237401,0.8051542709787434,0.4496275284755157,2.671091084274137,2.555384305005349,0.06710436725327916
581,Metabolic risks,Low bone mineral density,Low bone mineral density,2013,373945.921238204,334000.0,385939.853170136,3.0,364628.59146944666,27194.605390566896,11993.931931931991,51939.85317013599,0.13889669660830514,0.14244591451487476,0.0745816593289438,1.155508542425557,1.1195985665814492,0.0475336301684128,14249000.0,14144660.7847967,14773871.0475418,3,14389177.277446166,337214.5318934288,104339.21520330012,629210.262745101,0.04415820497895298,0.04372802215254763,0.023435289272721968,1.0444839414898803,1.0368356409251036,0.010852039927804813
582,Metabolic risks,Low bone mineral density,Low bone mineral density,2015,395856.802231479,361000.0,408336.265448228,3.0,388397.68922656897,24533.839523427443,12479.463216748962,47336.26544822799,0.11957926498013768,0.1218757648699983,0.0631668009464284,1.131125389053263,1.096556238868363,0.04672034024163915,14791211.033724,8810000.0,15326459.4055499,3,12975890.146424634,3617679.2614802043,535248.3718258999,6516459.405549901,0.4405629390786431,0.502197485645749,0.2788000838984458,1.739666220834268,1.6789115815804767,0.05362901558482255
583,Metabolic risks,Low bone mineral density,Low bone mineral density,2016,418026.116366677,405812.52847955,441230.0,3.0,421689.5482820757,17990.68848806359,12213.58788712701,35417.471520450024,0.08472549951731517,0.08398944594367476,0.04266334928469533,1.0872754511871479,1.0555082152163178,0.0433000153340781,15243896.5436009,11955490.0,15641730.4135219,3,14280372.319040934,2023209.4046479568,397833.8699210007,3686240.413521901,0.24181746464747,0.2581333547310108,0.14167763693039587,1.3083303497825602,1.2750541001331521,0.03867710552459907
584,Metabolic risks,Low bone mineral density,Low bone mineral density,2017,414523.809392725,327000.0,429048.805650874,3.0,390190.87168119964,55204.697055116536,14524.996258148982,102048.80565087398,0.2461832187646227,0.2615356048981372,0.14148126227878752,1.3120758582595535,1.2676569094578747,0.05192957308317783,15701649.1086574,10300000.0,15977775.1596484,3,13993141.4227686,3201332.7811141307,276126.0509910006,5677775.1596484,0.36160374750177365,0.40575414684296307,0.22877870553821172,1.5512403067619807,1.5244319522968348,0.026062154665208538
585,Metabolic risks,Low bone mineral density,Low bone mineral density,2019,443607.859600622,437884.401524671,449331.317676573,2.0,443607.859600622,8094.192034683743,5723.458075950999,11446.916151901998,0.02580413287133281,0.02580413287133281,0.018246277335958173,1.0261414110939895,1.0130707055469947,0.019120862457657612,16672864.9279789,16647466.3994223,16698263.4565355,2,16672864.9279789,35918.94354906437,25398.528556600213,50797.057113200426,0.0030466903758068226,0.0030466903758068226,0.002154335424908795,1.0030513386178068,1.0015256693089034,0.0022575975684728557
586,Environmental/occupational risks,Occupational risks,Occupational ergonomic factors,1990,,,,,,,,,,,,,,,11784359.342853,10852089.6986336,15944000.0,3,12860149.680495532,2711066.4446328306,932269.6442194004,5091910.3013664,0.4320905492800125,0.39594487061757094,0.2108114222608618,1.469210119227777,1.3529797875409957,0.1172421488972229
587,Environmental/occupational risks,Occupational risks,Occupational ergonomic factors,2005,,,,,,,,,,,,,,,13575564.7796785,13357260.5394085,16792000.0,3,14574941.773029,1923128.8494702622,218304.24026999995,3434739.4605915006,0.25300895515839034,0.23566059570457445,0.13194761800208502,1.2571440042258546,1.236928280518851,0.02383155981579735
588,Environmental/occupational risks,Occupational risks,Occupational ergonomic factors,2006,,,,,,,,,,,,,,,13544851.0796702,13229580.0,13785618.171486,3,13520016.417052066,278849.74876784655,240767.09181579947,556038.1714859996,0.04105162679275012,0.0411270337500995,0.02062495637328875,1.0420299186736086,1.0238307701128986,0.026343355712974206
589,Environmental/occupational risks,Occupational risks,Occupational ergonomic factors,2007,,,,,,,,,,,,,,,13977241.6393806,13717303.7369044,14200000.0,3,13964848.458761668,241586.65897769338,222758.3606193997,482696.26309560053,0.03453444360120479,0.034565091380762726,0.01729962625023115,1.035188858711131,1.0189496352535283,0.023618958515235336
590,Environmental/occupational risks,Occupational risks,Occupational ergonomic factors,2010,,,,,,,,,,,,,,,14249672.354604349,14125227.8623378,14374116.8468709,2,14249672.354604349,175991.0887259877,124444.49226654973,248888.98453309946,0.017466295248022214,0.017466295248022214,0.012350535812082833,1.017620174836026,1.008810087418013,0.012942524778784461
591,Environmental/occupational risks,Occupational risks,Occupational ergonomic factors,2013,,,,,,,,,,,,,,,14683861.8943516,14570942.8753056,21109000.0,3,16787934.923219066,3742578.018498404,112919.01904599927,6538057.1246944,0.4452546047991214,0.38944975392129616,0.22293260222983813,1.4487051511110447,1.4375645965534407,0.011396592220098681
592,Environmental/occupational risks,Occupational risks,Occupational ergonomic factors,2015,,,,,,,,,,,,,,,14873223.1833161,14854903.1814738,18573000.0,3,16100375.454929968,2141375.261666896,18320.001842299476,3718096.818526199,0.24998594942735342,0.23093230520830557,0.13300157301680826,1.2502942478388686,1.2487542055332088,0.001825444451122293
593,Environmental/occupational risks,Occupational risks,Occupational ergonomic factors,2016,,,,,,,,,,,,,,,15002466.8408768,14975555.7076466,15479930.0,3,15152650.8495078,283751.27142112574,26911.133230198175,504374.2923533991,0.03361942390561695,0.03328620829204829,0.018726180272961464,1.0336798381442274,1.0318256433550161,0.0026583827759903804
594,Environmental/occupational risks,Occupational risks,Occupational ergonomic factors,2017,,,,,,,,,,,,,,,15098242.6078429,15046514.185157,15900000.0,3,15348252.2643333,478527.0423794158,51728.4226859007,853485.8148430008,0.05652881842020812,0.05560801322156759,0.031177950045258924,1.056723158888518,1.0531026963191479,0.005077512953771349
595,Environmental/occupational risks,Occupational risks,Occupational ergonomic factors,2019,,,,,,,,,,,,,,,15269297.588149149,15227914.1876656,15310680.9886327,2,15269297.588149149,58524.96622095245,41383.40048354957,82766.80096709915,0.005420472060963456,0.005420472060963456,0.0038328525515394377,1.0054352027432711,1.0027176013716355,0.004016569797173921
596,Environmental/occupational risks,Occupational risks,Occupational noise,2005,,,,,,,,,,,,,,,5472456.00846017,5353205.28883435,8659000.0,3,6494887.099098173,1875124.9743470722,119250.71962581947,3305794.71116565,0.6040788095975629,0.5089841687355374,0.28870786292920114,1.6175355759400514,1.5822877308860186,0.03229437865050876
597,Environmental/occupational risks,Occupational risks,Occupational noise,2006,,,,,,,,,,,,,,,5597701.32666146,5464344.22595076,5865390.0,3,5642478.517537407,204238.03719617007,133357.10071070027,401045.77404924016,0.07164472533378785,0.07107617207628676,0.03619651126032242,1.0733932119694491,1.04782117832253,0.03530649667068428
598,Environmental/occupational risks,Occupational risks,Occupational noise,2007,,,,,,,,,,,,,,,5582684.93232972,4830000.0,5726276.43653091,3,5379653.78962021,481398.06434237317,143591.50420119055,896276.4365309104,0.1605457673852434,0.16660485443510023,0.08948495259512948,1.185564479613025,1.155835389716298,0.038118326899268404
599,Environmental/occupational risks,Occupational risks,Occupational noise,2013,,,,,,,,,,,,,,,6589115.38106364,6242115.83360779,7119000.0,3,6650077.071557143,441609.22329386335,346999.54745585006,876884.1663922099,0.13308071200456956,0.1318607524328863,0.06640663236560937,1.140478675783463,1.080418172742761,0.07804588318600016
600,Environmental/occupational risks,Occupational risks,Occupational noise,2015,,,,,,,,,,,,,,,6905738.82416294,6457811.86631325,10875000.0,3,8079516.896825396,2431296.768186301,447926.95784968976,4417188.13368675,0.6396401958080377,0.5467143877652328,0.30092105743867015,1.6840069399867037,1.5747771928397805,0.09612697039895716
601,Environmental/occupational risks,Occupational risks,Occupational noise,2016,,,,,,,,,,,,,,,7068728.23517886,6627514.80971571,7108280.0,3,6934841.014964856,266885.99223216507,39551.764821140096,480765.19028429035,0.06801296842785265,0.06932605797982043,0.03848480327901469,1.0725407945644279,1.0665729822008616,0.008292257604871192
602,Environmental/occupational risks,Occupational risks,Occupational noise,2017,,,,,,,,,,,,,,,6800794.03491465,5980000.0,7239551.29537596,3,6673448.443430203,639359.0862525592,438757.2604613099,1259551.29537596,0.1852065051388911,0.18874069471772842,0.09580640229295363,1.210627306919057,1.1372565275777007,0.09561210891925236
603,Environmental/occupational risks,Occupational risks,Occupational noise,2019,,,,,,,,,,,,,,,7284734.018150355,7001448.62595467,7568019.41034604,2,7284734.018150355,400626.04366531887,283285.39219568484,566570.7843913697,0.07777508183273739,0.07777508183273739,0.05499528777126727,1.0809219369675966,1.0404609684837982,0.057631335638058404
