Level,Risk_factor,measure,year_gbd,anal_year,val,lower,upper
,Unsafe water source,Deaths,2010,1990,288007.0,20641.0,553293.0
,Unsafe sanitation,Deaths,2010,1990,496986.0,15380.0,927845.0
,Ambient particulate matter pollution,Deaths,2010,1990,2910161.0,2546184.0,3286508.0
,Household air pollution from solid fuels,Deaths,2010,1990,4473490.0,3651253.0,5206632.0
,Ambient ozone pollution,Deaths,2010,1990,143362.0,47539.0,251885.0
,Other environmental risks,Deaths,2010,1990,209923.0,177673.0,243565.0
,Lead exposure,Deaths,2010,1990,209923.0,177673.0,243565.0
,Suboptimal breastfeeding,Deaths,2010,1990,1275024.0,802142.0,1772745.0
,Non-exclusive breastfeeding,Deaths,2010,1990,1117908.0,663274.0,1576633.0
,Discontinued breastfeeding,Deaths,2010,1990,157117.0,16188.0,341702.0
,Childhood underweight,Deaths,2010,1990,2263952.0,1927356.0,2735821.0
,Iron deficiency,Deaths,2010,1990,168084.0,130444.0,197085.0
,Vitamin A deficiency,Deaths,2010,1990,349354.0,170504.0,632149.0
,Zinc deficiency,Deaths,2010,1990,275590.0,51274.0,529451.0
,Tobacco,Deaths,2010,1990,5329808.0,4778526.0,6049296.0
,Smoking,Deaths,2010,1990,4576298.0,4068753.0,5312438.0
,Second-hand smoke,Deaths,2010,1990,753510.0,585131.0,912313.0
,Alcohol and drug use,Deaths,2010,1990,2047814.0,1831313.0,2270020.0
,High alcohol use,Deaths,2010,1990,1988502.0,1772115.0,2214916.0
,Drug use,Deaths,2010,1990,68577.0,50706.0,102395.0
,High fasting plasma glucose,Deaths,2010,1990,2104174.0,1797633.0,2401170.0
,High LDL cholesterol*,Deaths,2010,1990,1945920.0,1625929.0,2318054.0
,High systolic blood pressure,Deaths,2010,1990,7293185.0,6701203.0,7859894.0
,High body-mass index,Deaths,2010,1990,1963549.0,1590282.0,2345133.0
,Low bone mineral density,Deaths,2010,1990,103270.0,90672.0,124230.0
,Diet low in fruits,Deaths,2010,1990,3667202.0,2870267.0,4394152.0
,Diet low in vegetables,Deaths,2010,1990,1454057.0,978665.0,1924334.0
,Diet low in whole grains,Deaths,2010,1990,1230276.0,958136.0,1489812.0
,Diet low in nuts and seeds,Deaths,2010,1990,1914209.0,1216363.0,2487874.0
,Diet low in milk,Deaths,2010,1990,68150.0,20479.0,114435.0
,Diet high in red meat,Deaths,2010,1990,26439.0,7374.0,45232.0
,Diet high in processed meat,Deaths,2010,1990,731675.0,158044.0,1257423.0
,Diet high in sugar sweetened beverages,Deaths,2010,1990,183799.0,127938.0,240028.0
,Diet low in fiber,Deaths,2010,1990,584144.0,260065.0,914729.0
,Diet low in calcium,Deaths,2010,1990,82305.0,57324.0,108535.0
,Diet low in seafood omega-3 fatty acids,Deaths,2010,1990,1043085.0,757418.0,1327627.0
,Diet low in polyunsaturated fatty acids,Deaths,2010,1990,448065.0,213262.0,687396.0
,Diet high in trans fatty acids,Deaths,2010,1990,367461.0,265936.0,467609.0
,Diet high in sodium,Deaths,2010,1990,2245355.0,1459900.0,2966107.0
,Occupational risks,Deaths,2010,1990,811146.0,623674.0,1010107.0
,Occupational carcinogens,Deaths,2010,1990,72073.0,50753.0,101233.0
,Occupational exposure to asbestos,Deaths,2010,1990,23057.0,16939.0,33009.0
,Occupational exposure to arsenic,Deaths,2010,1990,1618.0,622.0,3039.0
,Occupational exposure to benzene,Deaths,2010,1990,1764.0,741.0,3085.0
,Occupational exposure to beryllium,Deaths,2010,1990,87.0,35.0,152.0
,Occupational exposure to cadmium,Deaths,2010,1990,288.0,131.0,494.0
,Occupational exposure to chromium,Deaths,2010,1990,1022.0,618.0,1578.0
,Occupational exposure to diesel engine exhaust,Deaths,2010,1990,13040.0,7494.0,20486.0
,Occupational exposure to second-hand smoke,Deaths,2010,1990,14025.0,10058.0,19715.0
,Occupational exposure to formaldehyde,Deaths,2010,1990,478.0,202.0,877.0
,Occupational exposure to nickel,Deaths,2010,1990,5004.0,1331.0,10489.0
,Occupational exposure to polycyclic aromatic hydrocarbons,Deaths,2010,1990,2130.0,1018.0,3613.0
,Occupational exposure to silica,Deaths,2010,1990,9056.0,6140.0,13213.0
,Occupational exposure to sulphuric acid,Deaths,2010,1990,2157.0,626.0,4707.0
,Occupational asthmagens,Deaths,2010,1990,42151.0,24425.0,76872.0
,"Occupational particulate matter, gases, and fumes",Deaths,2010,1990,275647.0,121774.0,429427.0
,Occupational noise,Deaths,2010,1990,0.0,0.0,0.0
,Occupational injuries,Deaths,2010,1990,421275.0,329209.0,529004.0
,Unsafe water source,Deaths,2010,2010,116126.0,7518.0,233136.0
,Unsafe sanitation,Deaths,2010,2010,244106.0,6027.0,478186.0
,Ambient particulate matter pollution,Deaths,2010,2010,3223540.0,2828854.0,3619148.0
,Household air pollution from solid fuels,Deaths,2010,2010,3478773.0,2638548.0,4386590.0
,Ambient ozone pollution,Deaths,2010,2010,152434.0,52272.0,267431.0
,Other environmental risks,Deaths,2010,2010,773030.0,640893.0,929935.0
,Residential radon,Deaths,2010,2010,98992.0,13133.0,215237.0
,Lead exposure,Deaths,2010,2010,674038.0,575858.0,779314.0
,Suboptimal breastfeeding,Deaths,2010,2010,544817.0,338453.0,775077.0
,Non-exclusive breastfeeding,Deaths,2010,2010,475888.0,272493.0,684422.0
,Discontinued breastfeeding,Deaths,2010,2010,68929.0,6445.0,153290.0
,Childhood underweight,Deaths,2010,2010,860117.0,715742.0,1033573.0
,Iron deficiency,Deaths,2010,2010,119608.0,93261.0,139985.0
,Vitamin A deficiency,Deaths,2010,2010,119762.0,61723.0,191846.0
,Zinc deficiency,Deaths,2010,2010,97330.0,17575.0,190527.0
,Tobacco,Deaths,2010,2010,6297287.0,5395769.0,7006942.0
,Smoking,Deaths,2010,2010,5695349.0,4755779.0,6421611.0
,Second-hand smoke,Deaths,2010,2010,601938.0,447705.0,745328.0
,Alcohol and drug use,Deaths,2010,2010,2882343.0,2601098.0,3161618.0
,High alcohol use,Deaths,2010,2010,2735511.0,2464575.0,3006459.0
,Drug use,Deaths,2010,2010,157805.0,124639.0,209873.0
,High fasting plasma glucose,Deaths,2010,2010,3356271.0,2917520.0,3782483.0
,High LDL cholesterol*,Deaths,2010,2010,2018811.0,1572853.0,2479097.0
,High systolic blood pressure,Deaths,2010,2010,9395860.0,8579630.0,10147805.0
,High body-mass index,Deaths,2010,2010,3371232.0,2817774.0,3951127.0
,Low bone mineral density,Deaths,2010,2010,187586.0,140636.0,219906.0
,Diet low in fruits,Deaths,2010,2010,4902242.0,3818356.0,5881561.0
,Diet low in vegetables,Deaths,2010,2010,1797254.0,1205059.0,2394366.0
,Diet low in whole grains,Deaths,2010,2010,1725812.0,1342896.0,2067224.0
,Diet low in nuts and seeds,Deaths,2010,2010,2471823.0,1559603.0,3226994.0
,Diet low in milk,Deaths,2010,2010,100951.0,29728.0,171340.0
,Diet high in red meat,Deaths,2010,2010,38092.0,10749.0,65727.0
,Diet high in processed meat,Deaths,2010,2010,840857.0,188952.0,1460279.0
,Diet high in sugar sweetened beverages,Deaths,2010,2010,299521.0,212310.0,403716.0
,Diet low in fiber,Deaths,2010,2010,742888.0,334379.0,1166933.0
,Diet low in calcium,Deaths,2010,2010,125594.0,88323.0,164800.0
,Diet low in seafood omega-3 fatty acids,Deaths,2010,2010,1389896.0,1010300.0,1781401.0
,Diet low in polyunsaturated fatty acids,Deaths,2010,2010,533603.0,245096.0,820854.0
,Diet high in trans fatty acids,Deaths,2010,2010,515260.0,371081.0,649451.0
,Diet high in sodium,Deaths,2010,2010,3104308.0,2016734.0,4105019.0
,Low physical activity,Deaths,2010,2010,3183940.0,2657204.0,3718963.0
,Occupational risks,Deaths,2010,2010,852107.0,659652.0,1062443.0
,Occupational carcinogens,Deaths,2010,2010,118097.0,77249.0,160431.0
,Occupational exposure to asbestos,Deaths,2010,2010,33610.0,20317.0,43647.0
,Occupational exposure to arsenic,Deaths,2010,2010,2662.0,1011.0,4860.0
,Occupational exposure to benzene,Deaths,2010,2010,2731.0,1111.0,4811.0
,Occupational exposure to beryllium,Deaths,2010,2010,163.0,65.0,276.0
,Occupational exposure to cadmium,Deaths,2010,2010,555.0,249.0,901.0
,Occupational exposure to chromium,Deaths,2010,2010,1931.0,1140.0,2799.0
,Occupational exposure to diesel engine exhaust,Deaths,2010,2010,22187.0,12180.0,33213.0
,Occupational exposure to second-hand smoke,Deaths,2010,2010,24235.0,16094.0,31803.0
,Occupational exposure to formaldehyde,Deaths,2010,2010,731.0,301.0,1361.0
,Occupational exposure to nickel,Deaths,2010,2010,9145.0,2449.0,18834.0
,Occupational exposure to polycyclic aromatic hydrocarbons,Deaths,2010,2010,4086.0,1909.0,6567.0
,Occupational exposure to silica,Deaths,2010,2010,16277.0,9875.0,22272.0
,Occupational exposure to sulphuric acid,Deaths,2010,2010,2845.0,833.0,6109.0
,Occupational asthmagens,Deaths,2010,2010,33716.0,22844.0,58659.0
,"Occupational particulate matter, gases, and fumes",Deaths,2010,2010,218864.0,100403.0,344633.0
,Occupational noise,Deaths,2010,2010,0.0,0.0,0.0
,Occupational injuries,Deaths,2010,2010,481429.0,363778.0,639590.0
,Sexual abuse and violence,Deaths,2010,2010,238359.0,143200.0,325690.0
,Childhood sexual abuse,Deaths,2010,2010,64438.0,37339.0,94174.0
,Intimate partner violence,Deaths,2010,2010,186365.0,92028.0,280059.0
,Unsafe water source,DALYs,2010,1990,21172000.0,1517000.0,40491000.0
,Unsafe sanitation,DALYs,2010,1990,36050000.0,1115000.0,66871000.0
,Ambient particulate matter pollution,DALYs,2010,1990,81699000.0,71012000.0,92859000.0
,Household air pollution from solid fuels,DALYs,2010,1990,175909000.0,141870000.0,207095000.0
,Ambient ozone pollution,DALYs,2010,1990,2534000.0,851000.0,4426000.0
,Other environmental risks,DALYs,2010,1990,5365000.0,4534000.0,6279000.0
,Lead exposure,DALYs,2010,1990,5365000.0,4534000.0,6279000.0
,Suboptimal breastfeeding,DALYs,2010,1990,110261000.0,69615000.0,153539000.0
,Non-exclusive breastfeeding,DALYs,2010,1990,96330000.0,57274000.0,135861000.0
,Discontinued breastfeeding,DALYs,2010,1990,13931000.0,1443000.0,30062000.0
,Childhood underweight,DALYs,2010,1990,197741000.0,169224000.0,238276000.0
,Iron deficiency,DALYs,2010,1990,51841000.0,37477000.0,71202000.0
,Vitamin A deficiency,DALYs,2010,1990,30288000.0,14884000.0,54488000.0
,Zinc deficiency,DALYs,2010,1990,24375000.0,5385000.0,45685000.0
,Tobacco,DALYs,2010,1990,151766000.0,136367000.0,169522000.0
,Smoking,DALYs,2010,1990,113740000.0,100454000.0,131675000.0
,Second-hand smoke,DALYs,2010,1990,38026000.0,28832000.0,47544000.0
,Alcohol and drug use,DALYs,2010,1990,121648000.0,111426000.0,132342000.0
,High alcohol use,DALYs,2010,1990,106029000.0,98299000.0,114763000.0
,Drug use,DALYs,2010,1990,15171000.0,11714000.0,19369000.0
,High fasting plasma glucose,DALYs,2010,1990,56358000.0,48720000.0,65030000.0
,High LDL cholesterol*,DALYs,2010,1990,39526000.0,32704000.0,47202000.0
,High systolic blood pressure,DALYs,2010,1990,137017000.0,124360000.0,149366000.0
,High body-mass index,DALYs,2010,1990,51565000.0,40786000.0,62557000.0
,Low bone mineral density,DALYs,2010,1990,3125000.0,2589000.0,3811000.0
,Diet low in fruits,DALYs,2010,1990,80453000.0,63298000.0,95763000.0
,Diet low in vegetables,DALYs,2010,1990,31558000.0,21349000.0,41921000.0
,Diet low in whole grains,DALYs,2010,1990,29404000.0,23097000.0,35134000.0
,Diet low in nuts and seeds,DALYs,2010,1990,40525000.0,26308000.0,51741000.0
,Diet low in milk,DALYs,2010,1990,1527000.0,461000.0,2555000.0
,Diet high in red meat,DALYs,2010,1990,1208000.0,571000.0,1909000.0
,Diet high in processed meat,DALYs,2010,1990,17359000.0,5137000.0,27949000.0
,Diet high in sugar sweetened beverages,DALYs,2010,1990,5443000.0,3769000.0,7373000.0
,Diet low in fiber,DALYs,2010,1990,13347000.0,5970000.0,20751000.0
,Diet low in calcium,DALYs,2010,1990,1836000.0,1316000.0,2368000.0
,Diet low in seafood omega-3 fatty acids,DALYs,2010,1990,21740000.0,15869000.0,27537000.0
,Diet low in polyunsaturated fatty acids,DALYs,2010,1990,9912000.0,4655000.0,14976000.0
,Diet high in trans fatty acids,DALYs,2010,1990,8064000.0,5893000.0,10305000.0
,Diet high in sodium,DALYs,2010,1990,46183000.0,30363000.0,60604000.0
,Occupational risks,DALYs,2010,1990,55414000.0,45312000.0,66718000.0
,Occupational carcinogens,DALYs,2010,1990,1758000.0,1220000.0,2477000.0
,Occupational exposure to asbestos,DALYs,2010,1990,484000.0,354000.0,695000.0
,Occupational exposure to arsenic,DALYs,2010,1990,41000.0,16000.0,77000.0
,Occupational exposure to benzene,DALYs,2010,1990,65000.0,27000.0,112000.0
,Occupational exposure to beryllium,DALYs,2010,1990,2000.0,1000.0,4000.0
,Occupational exposure to cadmium,DALYs,2010,1990,7000.0,3000.0,12000.0
,Occupational exposure to chromium,DALYs,2010,1990,26000.0,16000.0,40000.0
,Occupational exposure to diesel engine exhaust,DALYs,2010,1990,332000.0,192000.0,517000.0
,Occupational exposure to second-hand smoke,DALYs,2010,1990,358000.0,255000.0,500000.0
,Occupational exposure to formaldehyde,DALYs,2010,1990,18000.0,8000.0,32000.0
,Occupational exposure to nickel,DALYs,2010,1990,128000.0,34000.0,266000.0
,Occupational exposure to polycyclic aromatic hydrocarbons,DALYs,2010,1990,54000.0,26000.0,92000.0
,Occupational exposure to silica,DALYs,2010,1990,230000.0,154000.0,328000.0
,Occupational exposure to sulphuric acid,DALYs,2010,1990,57000.0,16000.0,122000.0
,Occupational asthmagens,DALYs,2010,1990,2129000.0,1419000.0,3222000.0
,"Occupational particulate matter, gases, and fumes",DALYs,2010,1990,9552000.0,4385000.0,14636000.0
,Occupational noise,DALYs,2010,1990,2869000.0,1698000.0,4582000.0
,Occupational injuries,DALYs,2010,1990,21265000.0,16644000.0,26702000.0
,Unsafe water source,DALYs,2010,2010,7775000.0,514000.0,15705000.0
,Unsafe sanitation,DALYs,2010,2010,14927000.0,377000.0,29705000.0
,Ambient particulate matter pollution,DALYs,2010,2010,76163000.0,68086000.0,85171000.0
,Household air pollution from solid fuels,DALYs,2010,2010,110962000.0,86848000.0,137813000.0
,Ambient ozone pollution,DALYs,2010,2010,2456000.0,837000.0,4299000.0
,Other environmental risks,DALYs,2010,2010,16051000.0,13212000.0,19503000.0
,Residential radon,DALYs,2010,2010,2114000.0,273000.0,4660000.0
,Lead exposure,DALYs,2010,2010,13936000.0,11750000.0,16327000.0
,Suboptimal breastfeeding,DALYs,2010,2010,47537000.0,29868000.0,67518000.0
,Non-exclusive breastfeeding,DALYs,2010,2010,41108000.0,23668000.0,58913000.0
,Discontinued breastfeeding,DALYs,2010,2010,6429000.0,605000.0,14426000.0
,Childhood underweight,DALYs,2010,2010,77316000.0,64497000.0,91943000.0
,Iron deficiency,DALYs,2010,2010,48225000.0,33769000.0,67592000.0
,Vitamin A deficiency,DALYs,2010,2010,10770000.0,5625000.0,17149000.0
,Zinc deficiency,DALYs,2010,2010,9136000.0,2458000.0,16903000.0
,Tobacco,DALYs,2010,2010,156838000.0,136543000.0,173057000.0
,Smoking,DALYs,2010,2010,136907000.0,117201000.0,153778000.0
,Second-hand smoke,DALYs,2010,2010,19931000.0,15707000.0,24223000.0
,Alcohol and drug use,DALYs,2010,2010,161308000.0,146934000.0,175282000.0
,High alcohol use,DALYs,2010,2010,136063000.0,125361000.0,146788000.0
,Drug use,DALYs,2010,2010,23810000.0,18780000.0,29246000.0
,High fasting plasma glucose,DALYs,2010,2010,89012000.0,77743000.0,101390000.0
,High LDL cholesterol*,DALYs,2010,2010,40900000.0,31662000.0,50484000.0
,High systolic blood pressure,DALYs,2010,2010,173556000.0,155939000.0,189025000.0
,High body-mass index,DALYs,2010,2010,93609000.0,77107000.0,110600000.0
,Low bone mineral density,DALYs,2010,2010,5216000.0,4133000.0,6418000.0
,Diet low in fruits,DALYs,2010,2010,104095000.0,81833000.0,124169000.0
,Diet low in vegetables,DALYs,2010,2010,38559000.0,26006000.0,51658000.0
,Diet low in whole grains,DALYs,2010,2010,40762000.0,32112000.0,48486000.0
,Diet low in nuts and seeds,DALYs,2010,2010,51289000.0,33482000.0,65959000.0
,Diet low in milk,DALYs,2010,2010,2101000.0,619000.0,3544000.0
,Diet high in red meat,DALYs,2010,2010,1853000.0,870000.0,2946000.0
,Diet high in processed meat,DALYs,2010,2010,20939000.0,6982000.0,33468000.0
,Diet high in sugar sweetened beverages,DALYs,2010,2010,8553000.0,5823000.0,11418000.0
,Diet low in fiber,DALYs,2010,2010,16452000.0,7401000.0,25783000.0
,Diet low in calcium,DALYs,2010,2010,2590000.0,1873000.0,3322000.0
,Diet low in seafood omega-3 fatty acids,DALYs,2010,2010,28199000.0,20624000.0,35974000.0
,Diet low in polyunsaturated fatty acids,DALYs,2010,2010,11680000.0,5360000.0,17798000.0
,Diet high in trans fatty acids,DALYs,2010,2010,11592000.0,8395000.0,14623000.0
,Diet high in sodium,DALYs,2010,2010,61231000.0,40124000.0,80342000.0
,Low physical activity,DALYs,2010,2010,69318000.0,58646000.0,80182000.0
,Occupational risks,DALYs,2010,2010,62488000.0,49471000.0,76240000.0
,Occupational carcinogens,DALYs,2010,2010,2681000.0,1773000.0,3689000.0
,Occupational exposure to asbestos,DALYs,2010,2010,653000.0,389000.0,840000.0
,Occupational exposure to arsenic,DALYs,2010,2010,63000.0,24000.0,114000.0
,Occupational exposure to benzene,DALYs,2010,2010,92000.0,39000.0,163000.0
,Occupational exposure to beryllium,DALYs,2010,2010,4000.0,2000.0,6000.0
,Occupational exposure to cadmium,DALYs,2010,2010,13000.0,6000.0,21000.0
,Occupational exposure to chromium,DALYs,2010,2010,45000.0,27000.0,66000.0
,Occupational exposure to diesel engine exhaust,DALYs,2010,2010,523000.0,292000.0,789000.0
,Occupational exposure to second-hand smoke,DALYs,2010,2010,572000.0,386000.0,762000.0
,Occupational exposure to formaldehyde,DALYs,2010,2010,25000.0,11000.0,47000.0
,Occupational exposure to nickel,DALYs,2010,2010,215000.0,58000.0,443000.0
,Occupational exposure to polycyclic aromatic hydrocarbons,DALYs,2010,2010,96000.0,45000.0,156000.0
,Occupational exposure to silica,DALYs,2010,2010,382000.0,239000.0,526000.0
,Occupational exposure to sulphuric acid,DALYs,2010,2010,71000.0,21000.0,152000.0
,Occupational asthmagens,DALYs,2010,2010,2020000.0,1441000.0,2871000.0
,"Occupational particulate matter, gases, and fumes",DALYs,2010,2010,9142000.0,4377000.0,14250000.0
,Occupational noise,DALYs,2010,2010,3451000.0,2072000.0,5574000.0
,Occupational injuries,DALYs,2010,2010,23444000.0,17736000.0,30904000.0
,Sexual abuse and violence,DALYs,2010,2010,23519000.0,17961000.0,30322000.0
,Childhood sexual abuse,DALYs,2010,2010,7833000.0,5964000.0,10005000.0
,Intimate partner violence,DALYs,2010,2010,16794000.0,11373000.0,23087000.0
,All risk factors,Deaths,2013,1990,25085000.0,24385000.0,25821000.0
,Environmental/occupational risks,Deaths,2013,1990,8492000.0,8036000.0,8953000.0
,"Unsafe water, sanitation, and handwashing",Deaths,2013,1990,2727000.0,2530000.0,2952000.0
,Unsafe water source,Deaths,2013,1990,2434000.0,1971000.0,2763000.0
,Unsafe sanitation,Deaths,2013,1990,1785000.0,1613000.0,1959000.0
,No access to handwashing facility,Deaths,2013,1990,1010000.0,798000.0,1204000.0
,Air pollution,Deaths,2013,1990,4808000.0,4459000.0,5157000.0
,Ambient particulate matter pollution,Deaths,2013,1990,2238000.0,2154000.0,2317000.0
,Household air pollution from solid fuels,Deaths,2013,1990,2857000.0,2482000.0,3216000.0
,Ambient ozone pollution,Deaths,2013,1990,133000.0,105000.0,162000.0
,Other environmental risks,Deaths,2013,1990,731000.0,523000.0,965000.0
,Residential radon,Deaths,2013,1990,63000.0,41000.0,86000.0
,Lead exposure,Deaths,2013,1990,668000.0,465000.0,899000.0
,Occupational risks,Deaths,2013,1990,562000.0,509000.0,629000.0
,Occupational carcinogens,Deaths,2013,1990,152000.0,135000.0,174000.0
,Occupational exposure to asbestos,Deaths,2013,1990,94000.0,76000.0,116000.0
,Occupational exposure to polycyclic aromatic hydrocarbons,Deaths,2013,1990,3000.0,2000.0,3000.0
,Occupational exposure to silica,Deaths,2013,1990,11000.0,10000.0,12000.0
,Occupational exposure to sulphuric acid,Deaths,2013,1990,3000.0,2000.0,4000.0
,Occupational exposure to trichloroethylene,Deaths,2013,1990,0.0,0.0,0.0
,Occupational exposure to arsenic,Deaths,2013,1990,2000.0,2000.0,3000.0
,Occupational exposure to benzene,Deaths,2013,1990,2000.0,1000.0,2000.0
,Occupational exposure to beryllium,Deaths,2013,1990,0.0,0.0,0.0
,Occupational exposure to cadmium,Deaths,2013,1990,0.0,0.0,0.0
,Occupational exposure to chromium,Deaths,2013,1990,1000.0,1000.0,1000.0
,Occupational exposure to diesel engine exhaust,Deaths,2013,1990,17000.0,15000.0,20000.0
,Occupational exposure to second-hand smoke,Deaths,2013,1990,19000.0,17000.0,20000.0
,Occupational exposure to formaldehyde,Deaths,2013,1990,1000.0,0.0,1000.0
,Occupational exposure to nickel,Deaths,2013,1990,6000.0,4000.0,8000.0
,Occupational asthmagens,Deaths,2013,1990,63000.0,48000.0,93000.0
,"Occupational particulate matter, gases, and fumes",Deaths,2013,1990,197000.0,161000.0,236000.0
,Occupational injuries,Deaths,2013,1990,151000.0,122000.0,197000.0
,Behavioural risks,Deaths,2013,1990,18453000.0,17419000.0,19480000.0
,Child and maternal malnutrition,Deaths,2013,1990,4254000.0,3937000.0,4555000.0
,Childhood undernutrition,Deaths,2013,1990,3635000.0,3341000.0,3888000.0
,Childhood underweight,Deaths,2013,1990,1080000.0,886000.0,1288000.0
,Child wasting,Deaths,2013,1990,3295000.0,2802000.0,3696000.0
,Child stunting,Deaths,2013,1990,848000.0,474000.0,1339000.0
,Suboptimal breastfeeding,Deaths,2013,1990,1344000.0,904000.0,1834000.0
,Non-exclusive breastfeeding,Deaths,2013,1990,1155000.0,743000.0,1606000.0
,Discontinued breastfeeding,Deaths,2013,1990,191000.0,65000.0,349000.0
,Iron deficiency,Deaths,2013,1990,241000.0,169000.0,344000.0
,Vitamin A deficiency,Deaths,2013,1990,377000.0,247000.0,522000.0
,Zinc deficiency,Deaths,2013,1990,221000.0,15000.0,491000.0
,Tobacco,Deaths,2013,1990,5229000.0,4816000.0,5681000.0
,Smoking,Deaths,2013,1990,4634000.0,4222000.0,5079000.0
,Second-hand smoke,Deaths,2013,1990,595000.0,540000.0,654000.0
,Alcohol and drug use,Deaths,2013,1990,2092000.0,1671000.0,2438000.0
,High alcohol use,Deaths,2013,1990,1977000.0,1555000.0,2329000.0
,Drug use,Deaths,2013,1990,132000.0,109000.0,155000.0
,Dietary risks,Deaths,2013,1990,8068000.0,6991000.0,9159000.0
,Diet low in fruits,Deaths,2013,1990,2540000.0,1686000.0,3367000.0
,Diet low in vegetables,Deaths,2013,1990,1381000.0,1094000.0,1684000.0
,Diet low in whole grains,Deaths,2013,1990,1396000.0,1066000.0,1728000.0
,Diet low in nuts and seeds,Deaths,2013,1990,1012000.0,725000.0,1304000.0
,Diet low in milk,Deaths,2013,1990,66000.0,19000.0,111000.0
,Diet high in red meat,Deaths,2013,1990,62000.0,55000.0,70000.0
,Diet high in processed meat,Deaths,2013,1990,457000.0,332000.0,622000.0
,Diet high in sugar sweetened beverages,Deaths,2013,1990,60000.0,44000.0,82000.0
,Diet low in fiber,Deaths,2013,1990,716000.0,587000.0,853000.0
,Diet low in calcium,Deaths,2013,1990,85000.0,74000.0,97000.0
,Diet low in seafood omega-3 fatty acids,Deaths,2013,1990,712000.0,530000.0,909000.0
,Diet low in polyunsaturated fatty acids,Deaths,2013,1990,447000.0,404000.0,493000.0
,Diet high in trans fatty acids,Deaths,2013,1990,464000.0,311000.0,650000.0
,Diet high in sodium,Deaths,2013,1990,2562000.0,1377000.0,4041000.0
,Sexual abuse and violence,Deaths,2013,1990,163000.0,141000.0,188000.0
,Childhood sexual abuse,Deaths,2013,1990,64000.0,53000.0,78000.0
,Intimate partner violence,Deaths,2013,1990,106000.0,86000.0,130000.0
,Unsafe sex,Deaths,2013,1990,679000.0,561000.0,827000.0
,Low physical activity,Deaths,2013,1990,1489000.0,1257000.0,1741000.0
,Metabolic risks,Deaths,2013,1990,10398000.0,9811000.0,11003000.0
,High fasting plasma glucose,Deaths,2013,1990,2444000.0,2101000.0,2853000.0
,High LDL cholesterol*,Deaths,2013,1990,2204000.0,1574000.0,3126000.0
,High systolic blood pressure,Deaths,2013,1990,6949000.0,6182000.0,7665000.0
,High body-mass index,Deaths,2013,1990,2724000.0,2263000.0,3187000.0
,Low bone mineral density,Deaths,2013,1990,176000.0,164000.0,198000.0
,Kidney dysfunction*,Deaths,2013,1990,1310000.0,1176000.0,1480000.0
,All risk factors,Deaths,2013,2013,30839000.0,29719000.0,31949000.0
,Environmental/occupational risks,Deaths,2013,2013,8181000.0,7651000.0,8726000.0
,"Unsafe water, sanitation, and handwashing",Deaths,2013,2013,1399000.0,1237000.0,1576000.0
,Unsafe water source,Deaths,2013,2013,1246000.0,989000.0,1464000.0
,Unsafe sanitation,Deaths,2013,2013,816000.0,707000.0,921000.0
,No access to handwashing facility,Deaths,2013,2013,517000.0,408000.0,621000.0
,Air pollution,Deaths,2013,2013,5527000.0,5109000.0,5944000.0
,Ambient particulate matter pollution,Deaths,2013,2013,2926000.0,2777000.0,3066000.0
,Household air pollution from solid fuels,Deaths,2013,2013,2893000.0,2463000.0,3303000.0
,Ambient ozone pollution,Deaths,2013,2013,217000.0,161000.0,272000.0
,Other environmental risks,Deaths,2013,2013,945000.0,663000.0,1279000.0
,Residential radon,Deaths,2013,2013,92000.0,61000.0,128000.0
,Lead exposure,Deaths,2013,2013,853000.0,572000.0,1181000.0
,Occupational risks,Deaths,2013,2013,717000.0,641000.0,803000.0
,Occupational carcinogens,Deaths,2013,2013,304000.0,263000.0,341000.0
,Occupational exposure to asbestos,Deaths,2013,2013,194000.0,155000.0,233000.0
,Occupational exposure to polycyclic aromatic hydrocarbons,Deaths,2013,2013,6000.0,5000.0,7000.0
,Occupational exposure to silica,Deaths,2013,2013,21000.0,19000.0,24000.0
,Occupational exposure to sulphuric acid,Deaths,2013,2013,4000.0,3000.0,5000.0
,Occupational exposure to trichloroethylene,Deaths,2013,2013,0.0,0.0,0.0
,Occupational exposure to arsenic,Deaths,2013,2013,4000.0,3000.0,4000.0
,Occupational exposure to benzene,Deaths,2013,2013,3000.0,2000.0,3000.0
,Occupational exposure to beryllium,Deaths,2013,2013,0.0,0.0,0.0
,Occupational exposure to cadmium,Deaths,2013,2013,1000.0,1000.0,1000.0
,Occupational exposure to chromium,Deaths,2013,2013,3000.0,2000.0,3000.0
,Occupational exposure to diesel engine exhaust,Deaths,2013,2013,37000.0,32000.0,43000.0
,Occupational exposure to second-hand smoke,Deaths,2013,2013,34000.0,31000.0,37000.0
,Occupational exposure to formaldehyde,Deaths,2013,2013,1000.0,1000.0,1000.0
,Occupational exposure to nickel,Deaths,2013,2013,12000.0,9000.0,16000.0
,Occupational asthmagens,Deaths,2013,2013,52000.0,42000.0,70000.0
,"Occupational particulate matter, gases, and fumes",Deaths,2013,2013,205000.0,164000.0,251000.0
,Occupational injuries,Deaths,2013,2013,159000.0,127000.0,206000.0
,Behavioural risks,Deaths,2013,2013,21909000.0,20446000.0,23383000.0
,Child and maternal malnutrition,Deaths,2013,2013,1665000.0,1487000.0,1840000.0
,Childhood undernutrition,Deaths,2013,2013,1327000.0,1169000.0,1481000.0
,Childhood underweight,Deaths,2013,2013,386000.0,309000.0,463000.0
,Child wasting,Deaths,2013,2013,1247000.0,1034000.0,1413000.0
,Child stunting,Deaths,2013,2013,218000.0,107000.0,389000.0
,Suboptimal breastfeeding,Deaths,2013,2013,501000.0,318000.0,697000.0
,Non-exclusive breastfeeding,Deaths,2013,2013,442000.0,264000.0,641000.0
,Discontinued breastfeeding,Deaths,2013,2013,59000.0,20000.0,110000.0
,Iron deficiency,Deaths,2013,2013,199000.0,137000.0,275000.0
,Vitamin A deficiency,Deaths,2013,2013,85000.0,51000.0,125000.0
,Zinc deficiency,Deaths,2013,2013,66000.0,4000.0,153000.0
,Tobacco,Deaths,2013,2013,6149000.0,5587000.0,6762000.0
,Smoking,Deaths,2013,2013,5818000.0,5258000.0,6435000.0
,Second-hand smoke,Deaths,2013,2013,331000.0,308000.0,355000.0
,Alcohol and drug use,Deaths,2013,2013,3163000.0,2537000.0,3656000.0
,High alcohol use,Deaths,2013,2013,2786000.0,2146000.0,3287000.0
,Drug use,Deaths,2013,2013,429000.0,381000.0,480000.0
,Dietary risks,Deaths,2013,2013,11274000.0,9656000.0,12957000.0
,Diet low in fruits,Deaths,2013,2013,3413000.0,2207000.0,4546000.0
,Diet low in vegetables,Deaths,2013,2013,1782000.0,1405000.0,2173000.0
,Diet low in whole grains,Deaths,2013,2013,2049000.0,1575000.0,2525000.0
,Diet low in nuts and seeds,Deaths,2013,2013,1195000.0,816000.0,1578000.0
,Diet low in milk,Deaths,2013,2013,105000.0,30000.0,177000.0
,Diet high in red meat,Deaths,2013,2013,102000.0,89000.0,116000.0
,Diet high in processed meat,Deaths,2013,2013,644000.0,467000.0,881000.0
,Diet high in sugar sweetened beverages,Deaths,2013,2013,126000.0,96000.0,166000.0
,Diet low in fiber,Deaths,2013,2013,1009000.0,817000.0,1207000.0
,Diet low in calcium,Deaths,2013,2013,141000.0,122000.0,160000.0
,Diet low in seafood omega-3 fatty acids,Deaths,2013,2013,1031000.0,769000.0,1304000.0
,Diet low in polyunsaturated fatty acids,Deaths,2013,2013,581000.0,512000.0,651000.0
,Diet high in trans fatty acids,Deaths,2013,2013,405000.0,218000.0,645000.0
,Diet high in sodium,Deaths,2013,2013,3689000.0,2028000.0,5810000.0
,Sexual abuse and violence,Deaths,2013,2013,257000.0,203000.0,312000.0
,Childhood sexual abuse,Deaths,2013,2013,68000.0,55000.0,82000.0
,Intimate partner violence,Deaths,2013,2013,197000.0,146000.0,251000.0
,Unsafe sex,Deaths,2013,2013,1481000.0,1383000.0,1621000.0
,Low physical activity,Deaths,2013,2013,2182000.0,1858000.0,2555000.0
,Metabolic risks,Deaths,2013,2013,15723000.0,14719000.0,16767000.0
,High fasting plasma glucose,Deaths,2013,2013,4014000.0,3499000.0,4641000.0
,High LDL cholesterol*,Deaths,2013,2013,2830000.0,1966000.0,4053000.0
,High systolic blood pressure,Deaths,2013,2013,10364000.0,9178000.0,11544000.0
,High body-mass index,Deaths,2013,2013,4444000.0,3716000.0,5169000.0
,Low bone mineral density,Deaths,2013,2013,334000.0,285000.0,361000.0
,Kidney dysfunction*,Deaths,2013,2013,2164000.0,1960000.0,2387000.0
,All risk factors,DALYs,2013,1990,1035987000.0,980813000.0,1092478000.0
,Environmental/occupational risks,DALYs,2013,1990,400345000.0,374489000.0,424432000.0
,"Unsafe water, sanitation, and handwashing",DALYs,2013,1990,190423000.0,174685000.0,208033000.0
,Unsafe water source,DALYs,2013,1990,170053000.0,137216000.0,193963000.0
,Unsafe sanitation,DALYs,2013,1990,124049000.0,111394000.0,137303000.0
,No access to handwashing facility,DALYs,2013,1990,70389000.0,55414000.0,84417000.0
,Air pollution,DALYs,2013,1990,157831000.0,145269000.0,171007000.0
,Ambient particulate matter pollution,DALYs,2013,1990,68120000.0,64972000.0,71405000.0
,Household air pollution from solid fuels,DALYs,2013,1990,101643000.0,88877000.0,115053000.0
,Ambient ozone pollution,DALYs,2013,1990,3038000.0,2296000.0,3814000.0
,Other environmental risks,DALYs,2013,1990,17015000.0,12567000.0,22173000.0
,Residential radon,DALYs,2013,1990,1503000.0,984000.0,2086000.0
,Lead exposure,DALYs,2013,1990,15512000.0,10967000.0,20727000.0
,Occupational risks,DALYs,2013,1990,43879000.0,35819000.0,52859000.0
,Occupational carcinogens,DALYs,2013,1990,3149000.0,2789000.0,3543000.0
,Occupational exposure to asbestos,DALYs,2013,1990,1773000.0,1425000.0,2211000.0
,Occupational exposure to polycyclic aromatic hydrocarbons,DALYs,2013,1990,60000.0,51000.0,71000.0
,Occupational exposure to silica,DALYs,2013,1990,248000.0,223000.0,274000.0
,Occupational exposure to sulphuric acid,DALYs,2013,1990,68000.0,49000.0,91000.0
,Occupational exposure to trichloroethylene,DALYs,2013,1990,1000.0,0.0,2000.0
,Occupational exposure to arsenic,DALYs,2013,1990,47000.0,38000.0,58000.0
,Occupational exposure to benzene,DALYs,2013,1990,59000.0,51000.0,68000.0
,Occupational exposure to beryllium,DALYs,2013,1990,2000.0,2000.0,3000.0
,Occupational exposure to cadmium,DALYs,2013,1990,8000.0,7000.0,9000.0
,Occupational exposure to chromium,DALYs,2013,1990,28000.0,25000.0,32000.0
,Occupational exposure to diesel engine exhaust,DALYs,2013,1990,394000.0,343000.0,449000.0
,Occupational exposure to second-hand smoke,DALYs,2013,1990,431000.0,393000.0,465000.0
,Occupational exposure to formaldehyde,DALYs,2013,1990,20000.0,16000.0,25000.0
,Occupational exposure to nickel,DALYs,2013,1990,135000.0,103000.0,173000.0
,Occupational asthmagens,DALYs,2013,1990,2903000.0,2310000.0,3909000.0
,"Occupational particulate matter, gases, and fumes",DALYs,2013,1990,7212000.0,5877000.0,8545000.0
,Occupational noise,DALYs,2013,1990,5039000.0,3268000.0,7193000.0
,Occupational injuries,DALYs,2013,1990,9776000.0,7809000.0,12884000.0
,Occupational ergonomic factors,DALYs,2013,1990,15944000.0,10747000.0,22276000.0
,Behavioural risks,DALYs,2013,1990,799073000.0,753589000.0,844178000.0
,Child and maternal malnutrition,DALYs,2013,1990,403951000.0,371608000.0,432910000.0
,Childhood undernutrition,DALYs,2013,1990,317851000.0,292419000.0,339549000.0
,Childhood underweight,DALYs,2013,1990,95709000.0,79446000.0,113315000.0
,Child wasting,DALYs,2013,1990,288145000.0,246038000.0,322526000.0
,Child stunting,DALYs,2013,1990,73355000.0,40848000.0,115668000.0
,Suboptimal breastfeeding,DALYs,2013,1990,116801000.0,78740000.0,158958000.0
,Non-exclusive breastfeeding,DALYs,2013,1990,99927000.0,64457000.0,138645000.0
,Discontinued breastfeeding,DALYs,2013,1990,17046000.0,5804000.0,31059000.0
,Iron deficiency,DALYs,2013,1990,53019000.0,38674000.0,71446000.0
,Vitamin A deficiency,DALYs,2013,1990,32920000.0,21694000.0,45629000.0
,Zinc deficiency,DALYs,2013,1990,19188000.0,1816000.0,41961000.0
,Tobacco,DALYs,2013,1990,142341000.0,131399000.0,153920000.0
,Smoking,DALYs,2013,1990,115910000.0,105383000.0,127110000.0
,Second-hand smoke,DALYs,2013,1990,26431000.0,22494000.0,30676000.0
,Alcohol and drug use,DALYs,2013,1990,89844000.0,76788000.0,101767000.0
,High alcohol use,DALYs,2013,1990,76029000.0,63443000.0,87186000.0
,Drug use,DALYs,2013,1990,14481000.0,11607000.0,17286000.0
,Dietary risks,DALYs,2013,1990,177408000.0,154661000.0,200097000.0
,Diet low in fruits,DALYs,2013,1990,58710000.0,39575000.0,76928000.0
,Diet low in vegetables,DALYs,2013,1990,31283000.0,24692000.0,38039000.0
,Diet low in whole grains,DALYs,2013,1990,34807000.0,26736000.0,43078000.0
,Diet low in nuts and seeds,DALYs,2013,1990,23434000.0,16643000.0,30134000.0
,Diet low in milk,DALYs,2013,1990,1515000.0,434000.0,2538000.0
,Diet high in red meat,DALYs,2013,1990,2201000.0,1854000.0,2585000.0
,Diet high in processed meat,DALYs,2013,1990,11745000.0,8676000.0,15897000.0
,Diet high in sugar sweetened beverages,DALYs,2013,1990,2712000.0,2006000.0,3635000.0
,Diet low in fiber,DALYs,2013,1990,16395000.0,13496000.0,19433000.0
,Diet low in calcium,DALYs,2013,1990,1870000.0,1605000.0,2143000.0
,Diet low in seafood omega-3 fatty acids,DALYs,2013,1990,16285000.0,12321000.0,20657000.0
,Diet low in polyunsaturated fatty acids,DALYs,2013,1990,10033000.0,9051000.0,11040000.0
,Diet high in trans fatty acids,DALYs,2013,1990,10644000.0,7131000.0,14859000.0
,Diet high in sodium,DALYs,2013,1990,54620000.0,29271000.0,86008000.0
,Sexual abuse and violence,DALYs,2013,1990,15133000.0,12297000.0,18621000.0
,Childhood sexual abuse,DALYs,2013,1990,6896000.0,5364000.0,8667000.0
,Intimate partner violence,DALYs,2013,1990,9009000.0,7076000.0,11440000.0
,Unsafe sex,DALYs,2013,1990,39761000.0,30789000.0,52320000.0
,Low physical activity,DALYs,2013,1990,31247000.0,26556000.0,36521000.0
,Metabolic risks,DALYs,2013,1990,250957000.0,233711000.0,267582000.0
,High fasting plasma glucose,DALYs,2013,1990,68903000.0,60506000.0,78071000.0
,High LDL cholesterol*,DALYs,2013,1990,49289000.0,38075000.0,63764000.0
,High systolic blood pressure,DALYs,2013,1990,143434000.0,130053000.0,156023000.0
,High body-mass index,DALYs,2013,1990,78310000.0,65436000.0,92006000.0
,Low bone mineral density,DALYs,2013,1990,10903000.0,8958000.0,13231000.0
,Kidney dysfunction*,DALYs,2013,1990,34159000.0,30499000.0,38394000.0
,All risk factors,DALYs,2013,2013,996554000.0,927157000.0,1072340000.0
,Environmental/occupational risks,DALYs,2013,2013,289517000.0,265778000.0,312094000.0
,"Unsafe water, sanitation, and handwashing",DALYs,2013,2013,83867000.0,72879000.0,95568000.0
,Unsafe water source,DALYs,2013,2013,75125000.0,59952000.0,89756000.0
,Unsafe sanitation,DALYs,2013,2013,49039000.0,41770000.0,56227000.0
,No access to handwashing facility,DALYs,2013,2013,30721000.0,24281000.0,37626000.0
,Air pollution,DALYs,2013,2013,141456000.0,130071000.0,153652000.0
,Ambient particulate matter pollution,DALYs,2013,2013,69673000.0,65585000.0,73552000.0
,Household air pollution from solid fuels,DALYs,2013,2013,81087000.0,70025000.0,92802000.0
,Ambient ozone pollution,DALYs,2013,2013,5073000.0,3576000.0,6620000.0
,Other environmental risks,DALYs,2013,2013,18822000.0,13300000.0,25407000.0
,Residential radon,DALYs,2013,2013,1979000.0,1331000.0,2768000.0
,Lead exposure,DALYs,2013,2013,16843000.0,11494000.0,23505000.0
,Occupational risks,DALYs,2013,2013,55352000.0,44589000.0,67890000.0
,Occupational carcinogens,DALYs,2013,2013,5803000.0,5076000.0,6526000.0
,Occupational exposure to asbestos,DALYs,2013,2013,3402000.0,2725000.0,4113000.0
,Occupational exposure to polycyclic aromatic hydrocarbons,DALYs,2013,2013,125000.0,102000.0,146000.0
,Occupational exposure to silica,DALYs,2013,2013,454000.0,404000.0,509000.0
,Occupational exposure to sulphuric acid,DALYs,2013,2013,83000.0,60000.0,113000.0
,Occupational exposure to trichloroethylene,DALYs,2013,2013,2000.0,0.0,3000.0
,Occupational exposure to arsenic,DALYs,2013,2013,76000.0,60000.0,94000.0
,Occupational exposure to benzene,DALYs,2013,2013,95000.0,81000.0,108000.0
,Occupational exposure to beryllium,DALYs,2013,2013,3000.0,3000.0,4000.0
,Occupational exposure to cadmium,DALYs,2013,2013,16000.0,13000.0,19000.0
,Occupational exposure to chromium,DALYs,2013,2013,57000.0,50000.0,65000.0
,Occupational exposure to diesel engine exhaust,DALYs,2013,2013,797000.0,690000.0,913000.0
,Occupational exposure to second-hand smoke,DALYs,2013,2013,725000.0,660000.0,794000.0
,Occupational exposure to formaldehyde,DALYs,2013,2013,29000.0,23000.0,35000.0
,Occupational exposure to nickel,DALYs,2013,2013,257000.0,193000.0,326000.0
,Occupational asthmagens,DALYs,2013,2013,2771000.0,2227000.0,3521000.0
,"Occupational particulate matter, gases, and fumes",DALYs,2013,2013,8802000.0,7012000.0,10740000.0
,Occupational noise,DALYs,2013,2013,7119000.0,4549000.0,10329000.0
,Occupational injuries,DALYs,2013,2013,9947000.0,7886000.0,12927000.0
,Occupational ergonomic factors,DALYs,2013,2013,21109000.0,14206000.0,29304000.0
,Behavioural risks,DALYs,2013,2013,717608000.0,667831000.0,771924000.0
,Child and maternal malnutrition,DALYs,2013,2013,176859000.0,156431000.0,199831000.0
,Childhood undernutrition,DALYs,2013,2013,119802000.0,106565000.0,133359000.0
,Childhood underweight,DALYs,2013,2013,35806000.0,29108000.0,42575000.0
,Child wasting,DALYs,2013,2013,112350000.0,94437000.0,127169000.0
,Child stunting,DALYs,2013,2013,19291000.0,9581000.0,34208000.0
,Suboptimal breastfeeding,DALYs,2013,2013,44203000.0,28205000.0,61650000.0
,Non-exclusive breastfeeding,DALYs,2013,2013,38502000.0,23037000.0,55565000.0
,Discontinued breastfeeding,DALYs,2013,2013,5722000.0,1898000.0,10599000.0
,Iron deficiency,DALYs,2013,2013,44651000.0,31844000.0,62304000.0
,Vitamin A deficiency,DALYs,2013,2013,7875000.0,4758000.0,11541000.0
,Zinc deficiency,DALYs,2013,2013,5996000.0,745000.0,13267000.0
,Tobacco,DALYs,2013,2013,143512000.0,129979000.0,159147000.0
,Smoking,DALYs,2013,2013,134196000.0,120872000.0,149759000.0
,Second-hand smoke,DALYs,2013,2013,9316000.0,8417000.0,10277000.0
,Alcohol and drug use,DALYs,2013,2013,126053000.0,107154000.0,142356000.0
,High alcohol use,DALYs,2013,2013,99278000.0,81295000.0,113616000.0
,Drug use,DALYs,2013,2013,28578000.0,24505000.0,33104000.0
,Dietary risks,DALYs,2013,2013,241351000.0,209634000.0,273339000.0
,Diet low in fruits,DALYs,2013,2013,74797000.0,49434000.0,98791000.0
,Diet low in vegetables,DALYs,2013,2013,39176000.0,31050000.0,47658000.0
,Diet low in whole grains,DALYs,2013,2013,51411000.0,39500000.0,63286000.0
,Diet low in nuts and seeds,DALYs,2013,2013,27109000.0,18408000.0,36030000.0
,Diet low in milk,DALYs,2013,2013,2218000.0,633000.0,3713000.0
,Diet high in red meat,DALYs,2013,2013,4147000.0,3349000.0,5026000.0
,Diet high in processed meat,DALYs,2013,2013,17380000.0,12677000.0,23925000.0
,Diet high in sugar sweetened beverages,DALYs,2013,2013,6190000.0,4665000.0,8142000.0
,Diet low in fiber,DALYs,2013,2013,22098000.0,17996000.0,26349000.0
,Diet low in calcium,DALYs,2013,2013,2876000.0,2507000.0,3258000.0
,Diet low in seafood omega-3 fatty acids,DALYs,2013,2013,22448000.0,16887000.0,28205000.0
,Diet low in polyunsaturated fatty acids,DALYs,2013,2013,12670000.0,11103000.0,14342000.0
,Diet high in trans fatty acids,DALYs,2013,2013,9875000.0,5503000.0,15228000.0
,Diet high in sodium,DALYs,2013,2013,74327000.0,40615000.0,116717000.0
,Sexual abuse and violence,DALYs,2013,2013,21290000.0,16743000.0,26065000.0
,Childhood sexual abuse,DALYs,2013,2013,7682000.0,5910000.0,9736000.0
,Intimate partner violence,DALYs,2013,2013,14454000.0,11027000.0,18164000.0
,Unsafe sex,DALYs,2013,2013,73282000.0,67015000.0,82478000.0
,Low physical activity,DALYs,2013,2013,45143000.0,38328000.0,52671000.0
,Metabolic risks,DALYs,2013,2013,373817000.0,343978000.0,403889000.0
,High fasting plasma glucose,DALYs,2013,2013,116893000.0,101592000.0,133368000.0
,High LDL cholesterol*,DALYs,2013,2013,62715000.0,49244000.0,80986000.0
,High systolic blood pressure,DALYs,2013,2013,208129000.0,188307000.0,227509000.0
,High body-mass index,DALYs,2013,2013,134048000.0,112420000.0,156787000.0
,Low bone mineral density,DALYs,2013,2013,14249000.0,11658000.0,17500000.0
,Kidney dysfunction*,DALYs,2013,2013,51906000.0,46246000.0,57573000.0
,All risk factors,Deaths,2015,2005,30718000.0,30074000.0,31360000.0
,Environmental/occupational risks,Deaths,2015,2005,9523000.0,8704000.0,10321000.0
,"Unsafe water, sanitation, and handwashing",Deaths,2015,2005,2179000.0,1993000.0,2386000.0
,Unsafe water source,Deaths,2015,2005,1587000.0,1284000.0,1812000.0
,Unsafe sanitation,Deaths,2015,2005,1114000.0,1012000.0,1230000.0
,No access to handwashing facility,Deaths,2015,2005,1116000.0,927000.0,1296000.0
,Air pollution,Deaths,2015,2005,6466000.0,5675000.0,7291000.0
,Ambient particulate matter pollution,Deaths,2015,2005,3934000.0,3437000.0,4448000.0
,Household air pollution from solid fuels,Deaths,2015,2005,3280000.0,2505000.0,4068000.0
,Ambient ozone pollution,Deaths,2015,2005,207000.0,77000.0,353000.0
,Other environmental risks,Deaths,2015,2005,514000.0,273000.0,804000.0
,Residential radon,Deaths,2015,2005,53000.0,36000.0,71000.0
,Lead exposure,Deaths,2015,2005,461000.0,227000.0,745000.0
,Occupational risks,Deaths,2015,2005,951000.0,889000.0,1016000.0
,Occupational carcinogens,Deaths,2015,2005,391000.0,370000.0,410000.0
,Occupational exposure to asbestos,Deaths,2015,2005,135000.0,118000.0,154000.0
,Occupational exposure to arsenic,Deaths,2015,2005,9000.0,7000.0,11000.0
,Occupational exposure to benzene,Deaths,2015,2005,4000.0,4000.0,5000.0
,Occupational exposure to beryllium,Deaths,2015,2005,1000.0,0.0,1000.0
,Occupational exposure to cadmium,Deaths,2015,2005,2000.0,2000.0,2000.0
,Occupational exposure to chromium,Deaths,2015,2005,7000.0,6000.0,8000.0
,Occupational exposure to diesel engine exhaust,Deaths,2015,2005,91000.0,81000.0,103000.0
,Occupational exposure to second-hand smoke,Deaths,2015,2005,84000.0,79000.0,89000.0
,Occupational exposure to formaldehyde,Deaths,2015,2005,2000.0,2000.0,2000.0
,Occupational exposure to nickel,Deaths,2015,2005,32000.0,24000.0,42000.0
,Occupational exposure to polycyclic aromatic hydrocarbons,Deaths,2015,2005,15000.0,13000.0,18000.0
,Occupational exposure to silica,Deaths,2015,2005,65000.0,59000.0,71000.0
,Occupational exposure to sulphuric acid,Deaths,2015,2005,7000.0,5000.0,9000.0
,Occupational exposure to trichloroethylene,Deaths,2015,2005,0.0,0.0,0.0
,Occupational asthmagens,Deaths,2015,2005,50000.0,39000.0,61000.0
,"Occupational particulate matter, gases, and fumes",Deaths,2015,2005,337000.0,280000.0,392000.0
,Occupational injuries,Deaths,2015,2005,189000.0,168000.0,207000.0
,Behavioural risks,Deaths,2015,2005,22355000.0,21183000.0,23567000.0
,Child and maternal malnutrition,Deaths,2015,2005,2280000.0,2113000.0,2453000.0
,Suboptimal breastfeeding,Deaths,2015,2005,592000.0,390000.0,843000.0
,Non-exclusive breastfeeding,Deaths,2015,2005,551000.0,347000.0,789000.0
,Discontinued breastfeeding,Deaths,2015,2005,55000.0,19000.0,103000.0
,Childhood undernutrition,Deaths,2015,2005,2093000.0,1931000.0,2261000.0
,Childhood underweight,Deaths,2015,2005,666000.0,531000.0,857000.0
,Child wasting,Deaths,2015,2005,1882000.0,1608000.0,2125000.0
,Child stunting,Deaths,2015,2005,508000.0,248000.0,853000.0
,Iron deficiency,Deaths,2015,2005,87000.0,59000.0,116000.0
,Vitamin A deficiency,Deaths,2015,2005,191000.0,116000.0,291000.0
,Zinc deficiency,Deaths,2015,2005,93000.0,5000.0,208000.0
,Tobacco,Deaths,2015,2005,6879000.0,6207000.0,7522000.0
,Smoking,Deaths,2015,2005,6113000.0,5402000.0,6780000.0
,Second-hand smoke,Deaths,2015,2005,884000.0,685000.0,1093000.0
,Alcohol and drug use,Deaths,2015,2005,2595000.0,2314000.0,2866000.0
,High alcohol use,Deaths,2015,2005,2228000.0,1943000.0,2500000.0
,Drug use,Deaths,2015,2005,407000.0,364000.0,448000.0
,Dietary risks,Deaths,2015,2005,10738000.0,9473000.0,12010000.0
,Diet low in fruits,Deaths,2015,2005,2713000.0,1806000.0,3703000.0
,Diet low in vegetables,Deaths,2015,2005,1842000.0,943000.0,2869000.0
,Diet low in whole grains,Deaths,2015,2005,2879000.0,2056000.0,3818000.0
,Diet low in nuts and seeds,Deaths,2015,2005,1830000.0,1160000.0,2583000.0
,Diet low in milk,Deaths,2015,2005,101000.0,35000.0,171000.0
,Diet high in red meat,Deaths,2015,2005,37000.0,16000.0,60000.0
,Diet high in processed meat,Deaths,2015,2005,476000.0,132000.0,809000.0
,Diet high in sugar sweetened beverages,Deaths,2015,2005,34000.0,23000.0,47000.0
,Diet low in fiber,Deaths,2015,2005,334000.0,158000.0,578000.0
,Diet low in calcium,Deaths,2015,2005,127000.0,74000.0,185000.0
,Diet low in seafood omega-3 fatty acids,Deaths,2015,2005,1279000.0,537000.0,2079000.0
,Diet low in polyunsaturated fatty acids,Deaths,2015,2005,348000.0,145000.0,548000.0
,Diet high in trans fatty acids,Deaths,2015,2005,384000.0,158000.0,713000.0
,Diet high in sodium,Deaths,2015,2005,3668000.0,2145000.0,5680000.0
,Sexual abuse and violence,Deaths,2015,2005,338000.0,244000.0,444000.0
,Childhood sexual abuse,Deaths,2015,2005,118000.0,34000.0,229000.0
,Intimate partner violence,Deaths,2015,2005,237000.0,180000.0,293000.0
,Unsafe sex,Deaths,2015,2005,2051000.0,1957000.0,2156000.0
,Low physical activity,Deaths,2015,2005,1351000.0,1047000.0,1661000.0
,Metabolic risks,Deaths,2015,2005,14403000.0,13691000.0,15063000.0
,High fasting plasma glucose,Deaths,2015,2005,4212000.0,3647000.0,5047000.0
,High LDL cholesterol*,Deaths,2015,2005,3816000.0,2973000.0,4849000.0
,High systolic blood pressure,Deaths,2015,2005,9212000.0,8326000.0,10101000.0
,High body-mass index,Deaths,2015,2005,3314000.0,2241000.0,4504000.0
,Low bone mineral density,Deaths,2015,2005,283000.0,261000.0,295000.0
,Kidney dysfunction*,Deaths,2015,2005,1991000.0,1881000.0,2107000.0
,All risk factors,Deaths,2015,2015,32234000.0,31456000.0,33035000.0
,Environmental/occupational risks,Deaths,2015,2015,9315000.0,8523000.0,10145000.0
,"Unsafe water, sanitation, and handwashing",Deaths,2015,2015,1766000.0,1586000.0,1944000.0
,Unsafe water source,Deaths,2015,2015,1251000.0,1008000.0,1428000.0
,Unsafe sanitation,Deaths,2015,2015,808000.0,727000.0,895000.0
,No access to handwashing facility,Deaths,2015,2015,927000.0,760000.0,1082000.0
,Air pollution,Deaths,2015,2015,6485000.0,5708000.0,7292000.0
,Ambient particulate matter pollution,Deaths,2015,2015,4241000.0,3698000.0,4777000.0
,Household air pollution from solid fuels,Deaths,2015,2015,2854000.0,2179000.0,3587000.0
,Ambient ozone pollution,Deaths,2015,2015,254000.0,97000.0,422000.0
,Other environmental risks,Deaths,2015,2015,558000.0,293000.0,883000.0
,Residential radon,Deaths,2015,2015,64000.0,42000.0,86000.0
,Lead exposure,Deaths,2015,2015,495000.0,237000.0,815000.0
,Occupational risks,Deaths,2015,2015,1086000.0,1013000.0,1165000.0
,Occupational carcinogens,Deaths,2015,2015,489000.0,461000.0,517000.0
,Occupational exposure to asbestos,Deaths,2015,2015,180000.0,158000.0,205000.0
,Occupational exposure to arsenic,Deaths,2015,2015,9000.0,7000.0,11000.0
,Occupational exposure to benzene,Deaths,2015,2015,6000.0,5000.0,7000.0
,Occupational exposure to beryllium,Deaths,2015,2015,1000.0,0.0,1000.0
,Occupational exposure to cadmium,Deaths,2015,2015,2000.0,2000.0,3000.0
,Occupational exposure to chromium,Deaths,2015,2015,7000.0,6000.0,8000.0
,Occupational exposure to diesel engine exhaust,Deaths,2015,2015,120000.0,106000.0,136000.0
,Occupational exposure to second-hand smoke,Deaths,2015,2015,96000.0,90000.0,103000.0
,Occupational exposure to formaldehyde,Deaths,2015,2015,2000.0,2000.0,2000.0
,Occupational exposure to nickel,Deaths,2015,2015,33000.0,24000.0,43000.0
,Occupational exposure to polycyclic aromatic hydrocarbons,Deaths,2015,2015,18000.0,15000.0,21000.0
,Occupational exposure to silica,Deaths,2015,2015,86000.0,79000.0,95000.0
,Occupational exposure to sulphuric acid,Deaths,2015,2015,8000.0,6000.0,10000.0
,Occupational exposure to trichloroethylene,Deaths,2015,2015,0.0,0.0,0.0
,Occupational asthmagens,Deaths,2015,2015,42000.0,35000.0,48000.0
,"Occupational particulate matter, gases, and fumes",Deaths,2015,2015,357000.0,293000.0,419000.0
,Occupational injuries,Deaths,2015,2015,204000.0,191000.0,232000.0
,Behavioural risks,Deaths,2015,2015,22744000.0,21408000.0,24126000.0
,Child and maternal malnutrition,Deaths,2015,2015,1414000.0,1308000.0,1533000.0
,Suboptimal breastfeeding,Deaths,2015,2015,391000.0,258000.0,550000.0
,Non-exclusive breastfeeding,Deaths,2015,2015,364000.0,227000.0,520000.0
,Discontinued breastfeeding,Deaths,2015,2015,37000.0,13000.0,69000.0
,Childhood undernutrition,Deaths,2015,2015,1265000.0,1160000.0,1383000.0
,Childhood underweight,Deaths,2015,2015,373000.0,304000.0,468000.0
,Child wasting,Deaths,2015,2015,1169000.0,982000.0,1306000.0
,Child stunting,Deaths,2015,2015,257000.0,114000.0,454000.0
,Iron deficiency,Deaths,2015,2015,84000.0,58000.0,114000.0
,Vitamin A deficiency,Deaths,2015,2015,83000.0,50000.0,119000.0
,Zinc deficiency,Deaths,2015,2015,55000.0,3000.0,125000.0
,Tobacco,Deaths,2015,2015,7165000.0,6544000.0,7775000.0
,Smoking,Deaths,2015,2015,6402000.0,5749000.0,7037000.0
,Second-hand smoke,Deaths,2015,2015,886000.0,695000.0,1091000.0
,Alcohol and drug use,Deaths,2015,2015,2750000.0,2424000.0,3051000.0
,High alcohol use,Deaths,2015,2015,2306000.0,1986000.0,2608000.0
,Drug use,Deaths,2015,2015,489000.0,439000.0,537000.0
,Dietary risks,Deaths,2015,2015,12058000.0,10615000.0,13538000.0
,Diet low in fruits,Deaths,2015,2015,2924000.0,1905000.0,4018000.0
,Diet low in vegetables,Deaths,2015,2015,1994000.0,1024000.0,3121000.0
,Diet low in whole grains,Deaths,2015,2015,3142000.0,2215000.0,4189000.0
,Diet low in nuts and seeds,Deaths,2015,2015,2131000.0,1354000.0,3011000.0
,Diet low in milk,Deaths,2015,2015,126000.0,44000.0,212000.0
,Diet high in red meat,Deaths,2015,2015,43000.0,19000.0,69000.0
,Diet high in processed meat,Deaths,2015,2015,541000.0,156000.0,914000.0
,Diet high in sugar sweetened beverages,Deaths,2015,2015,39000.0,27000.0,55000.0
,Diet low in fiber,Deaths,2015,2015,387000.0,183000.0,670000.0
,Diet low in calcium,Deaths,2015,2015,160000.0,95000.0,232000.0
,Diet low in seafood omega-3 fatty acids,Deaths,2015,2015,1472000.0,616000.0,2378000.0
,Diet low in polyunsaturated fatty acids,Deaths,2015,2015,388000.0,158000.0,610000.0
,Diet high in trans fatty acids,Deaths,2015,2015,448000.0,190000.0,827000.0
,Diet high in sodium,Deaths,2015,2015,4130000.0,2446000.0,6419000.0
,Sexual abuse and violence,Deaths,2015,2015,281000.0,199000.0,378000.0
,Childhood sexual abuse,Deaths,2015,2015,113000.0,31000.0,221000.0
,Intimate partner violence,Deaths,2015,2015,186000.0,148000.0,224000.0
,Unsafe sex,Deaths,2015,2015,1452000.0,1381000.0,1541000.0
,Low physical activity,Deaths,2015,2015,1605000.0,1265000.0,1956000.0
,Metabolic risks,Deaths,2015,2015,16860000.0,16021000.0,17697000.0
,High fasting plasma glucose,Deaths,2015,2015,5240000.0,4547000.0,6217000.0
,High LDL cholesterol*,Deaths,2015,2015,4313000.0,3324000.0,5512000.0
,High systolic blood pressure,Deaths,2015,2015,10704000.0,9601000.0,11787000.0
,High body-mass index,Deaths,2015,2015,3960000.0,2728000.0,5332000.0
,Low bone mineral density,Deaths,2015,2015,361000.0,325000.0,381000.0
,Kidney dysfunction*,Deaths,2015,2015,2426000.0,2290000.0,2559000.0
,All risk factors,DALYs,2015,2005,1076067000.0,1022161000.0,1137872000.0
,Environmental/occupational risks,DALYs,2015,2005,362041000.0,335616000.0,387712000.0
,"Unsafe water, sanitation, and handwashing",DALYs,2015,2005,129221000.0,116430000.0,142602000.0
,Unsafe water source,DALYs,2015,2005,97248000.0,78516000.0,112113000.0
,Unsafe sanitation,DALYs,2015,2005,67949000.0,61085000.0,75899000.0
,No access to handwashing facility,DALYs,2015,2005,64152000.0,53252000.0,74634000.0
,Air pollution,DALYs,2015,2005,186850000.0,164716000.0,209142000.0
,Ambient particulate matter pollution,DALYs,2015,2005,107582000.0,94319000.0,121177000.0
,Household air pollution from solid fuels,DALYs,2015,2005,107509000.0,83554000.0,132012000.0
,Ambient ozone pollution,DALYs,2015,2005,3472000.0,1281000.0,5913000.0
,Other environmental risks,DALYs,2015,2005,10400000.0,5470000.0,16412000.0
,Residential radon,DALYs,2015,2005,1212000.0,841000.0,1638000.0
,Lead exposure,DALYs,2015,2005,9188000.0,4357000.0,15216000.0
,Occupational risks,DALYs,2015,2005,55835000.0,47024000.0,65679000.0
,Occupational carcinogens,DALYs,2015,2005,8109000.0,7708000.0,8503000.0
,Occupational exposure to asbestos,DALYs,2015,2005,2210000.0,1919000.0,2529000.0
,Occupational exposure to arsenic,DALYs,2015,2005,196000.0,152000.0,242000.0
,Occupational exposure to benzene,DALYs,2015,2005,162000.0,137000.0,190000.0
,Occupational exposure to beryllium,DALYs,2015,2005,13000.0,10000.0,15000.0
,Occupational exposure to cadmium,DALYs,2015,2005,43000.0,36000.0,51000.0
,Occupational exposure to chromium,DALYs,2015,2005,151000.0,133000.0,171000.0
,Occupational exposure to diesel engine exhaust,DALYs,2015,2005,2048000.0,1815000.0,2304000.0
,Occupational exposure to second-hand smoke,DALYs,2015,2005,1860000.0,1742000.0,1972000.0
,Occupational exposure to formaldehyde,DALYs,2015,2005,71000.0,57000.0,87000.0
,Occupational exposure to nickel,DALYs,2015,2005,720000.0,535000.0,927000.0
,Occupational exposure to polycyclic aromatic hydrocarbons,DALYs,2015,2005,342000.0,283000.0,402000.0
,Occupational exposure to silica,DALYs,2015,2005,1444000.0,1308000.0,1578000.0
,Occupational exposure to sulphuric acid,DALYs,2015,2005,175000.0,134000.0,219000.0
,Occupational exposure to trichloroethylene,DALYs,2015,2005,3000.0,1000.0,6000.0
,Occupational asthmagens,DALYs,2015,2005,2754000.0,2190000.0,3373000.0
,"Occupational particulate matter, gases, and fumes",DALYs,2015,2005,8405000.0,7325000.0,9570000.0
,Occupational noise,DALYs,2015,2005,8659000.0,5925000.0,11948000.0
,Occupational injuries,DALYs,2015,2005,12212000.0,10736000.0,13682000.0
,Occupational ergonomic factors,DALYs,2015,2005,16792000.0,11730000.0,23448000.0
,Behavioural risks,DALYs,2015,2005,825546000.0,781724000.0,872847000.0
,Child and maternal malnutrition,DALYs,2015,2005,248339000.0,226327000.0,275262000.0
,Suboptimal breastfeeding,DALYs,2015,2005,51338000.0,33863000.0,73062000.0
,Non-exclusive breastfeeding,DALYs,2015,2005,47654000.0,30141000.0,68060000.0
,Discontinued breastfeeding,DALYs,2015,2005,4909000.0,1745000.0,9248000.0
,Childhood undernutrition,DALYs,2015,2005,184339000.0,170596000.0,199097000.0
,Childhood underweight,DALYs,2015,2005,60146000.0,48823000.0,76465000.0
,Child wasting,DALYs,2015,2005,166166000.0,142764000.0,186926000.0
,Child stunting,DALYs,2015,2005,43961000.0,21558000.0,73511000.0
,Iron deficiency,DALYs,2015,2005,55120000.0,37924000.0,76937000.0
,Vitamin A deficiency,DALYs,2015,2005,16864000.0,10421000.0,25457000.0
,Zinc deficiency,DALYs,2015,2005,8162000.0,819000.0,17948000.0
,Tobacco,DALYs,2015,2005,174309000.0,158980000.0,190805000.0
,Smoking,DALYs,2015,2005,147153000.0,131914000.0,161831000.0
,Second-hand smoke,DALYs,2015,2005,29996000.0,22370000.0,38043000.0
,Alcohol and drug use,DALYs,2015,2005,108717000.0,100094000.0,117134000.0
,High alcohol use,DALYs,2015,2005,86048000.0,78266000.0,93716000.0
,Drug use,DALYs,2015,2005,24036000.0,21317000.0,26732000.0
,Dietary risks,DALYs,2015,2005,242781000.0,217378000.0,269659000.0
,Diet low in fruits,DALYs,2015,2005,68838000.0,46616000.0,92835000.0
,Diet low in vegetables,DALYs,2015,2005,42617000.0,22635000.0,65749000.0
,Diet low in whole grains,DALYs,2015,2005,74523000.0,54213000.0,96519000.0
,Diet low in nuts and seeds,DALYs,2015,2005,43725000.0,29136000.0,60125000.0
,Diet low in milk,DALYs,2015,2005,2177000.0,750000.0,3688000.0
,Diet high in red meat,DALYs,2015,2005,1476000.0,549000.0,2473000.0
,Diet high in processed meat,DALYs,2015,2005,13088000.0,5240000.0,20672000.0
,Diet high in sugar sweetened beverages,DALYs,2015,2005,1234000.0,852000.0,1748000.0
,Diet low in fiber,DALYs,2015,2005,7666000.0,3534000.0,13299000.0
,Diet low in calcium,DALYs,2015,2005,2721000.0,1608000.0,3966000.0
,Diet low in seafood omega-3 fatty acids,DALYs,2015,2005,28350000.0,11995000.0,45414000.0
,Diet low in polyunsaturated fatty acids,DALYs,2015,2005,7535000.0,3243000.0,11727000.0
,Diet high in trans fatty acids,DALYs,2015,2005,10121000.0,4348000.0,18081000.0
,Diet high in sodium,DALYs,2015,2005,77456000.0,45739000.0,118672000.0
,Sexual abuse and violence,DALYs,2015,2005,22527000.0,17002000.0,28715000.0
,Childhood sexual abuse,DALYs,2015,2005,8200000.0,3468000.0,14180000.0
,Intimate partner violence,DALYs,2015,2005,15431000.0,12234000.0,19068000.0
,Unsafe sex,DALYs,2015,2005,112703000.0,106333000.0,120086000.0
,Low physical activity,DALYs,2015,2005,29467000.0,22694000.0,36268000.0
,Metabolic risks,DALYs,2015,2005,335227000.0,315739000.0,357389000.0
,High fasting plasma glucose,DALYs,2015,2005,117101000.0,102561000.0,133960000.0
,High LDL cholesterol*,DALYs,2015,2005,81691000.0,68219000.0,96877000.0
,High systolic blood pressure,DALYs,2015,2005,189579000.0,172703000.0,206696000.0
,High body-mass index,DALYs,2015,2005,98478000.0,67219000.0,131972000.0
,Low bone mineral density,DALYs,2015,2005,7499000.0,6494000.0,8674000.0
,Kidney dysfunction*,DALYs,2015,2005,47131000.0,44090000.0,50123000.0
,All risk factors,DALYs,2015,2015,1015470000.0,953300000.0,1084249000.0
,Environmental/occupational risks,DALYs,2015,2015,319569000.0,295706000.0,344884000.0
,"Unsafe water, sanitation, and handwashing",DALYs,2015,2015,95305000.0,85818000.0,105821000.0
,Unsafe water source,DALYs,2015,2015,71745000.0,57707000.0,83257000.0
,Unsafe sanitation,DALYs,2015,2015,46275000.0,41065000.0,51818000.0
,No access to handwashing facility,DALYs,2015,2015,47271000.0,39034000.0,55164000.0
,Air pollution,DALYs,2015,2015,167290000.0,148167000.0,185780000.0
,Ambient particulate matter pollution,DALYs,2015,2015,103066000.0,90830000.0,115073000.0
,Household air pollution from solid fuels,DALYs,2015,2015,85644000.0,66659000.0,106136000.0
,Ambient ozone pollution,DALYs,2015,2015,4116000.0,1577000.0,6789000.0
,Other environmental risks,DALYs,2015,2015,10673000.0,5516000.0,16975000.0
,Residential radon,DALYs,2015,2015,1386000.0,941000.0,1871000.0
,Lead exposure,DALYs,2015,2015,9287000.0,4200000.0,15594000.0
,Occupational risks,DALYs,2015,2015,63615000.0,53616000.0,75415000.0
,Occupational carcinogens,DALYs,2015,2015,9832000.0,9318000.0,10385000.0
,Occupational exposure to asbestos,DALYs,2015,2015,2769000.0,2391000.0,3185000.0
,Occupational exposure to arsenic,DALYs,2015,2015,194000.0,150000.0,242000.0
,Occupational exposure to benzene,DALYs,2015,2015,211000.0,178000.0,247000.0
,Occupational exposure to beryllium,DALYs,2015,2015,12000.0,10000.0,15000.0
,Occupational exposure to cadmium,DALYs,2015,2015,47000.0,38000.0,56000.0
,Occupational exposure to chromium,DALYs,2015,2015,157000.0,137000.0,178000.0
,Occupational exposure to diesel engine exhaust,DALYs,2015,2015,2657000.0,2341000.0,2994000.0
,Occupational exposure to second-hand smoke,DALYs,2015,2015,2113000.0,1966000.0,2262000.0
,Occupational exposure to formaldehyde,DALYs,2015,2015,71000.0,57000.0,87000.0
,Occupational exposure to nickel,DALYs,2015,2015,729000.0,535000.0,956000.0
,Occupational exposure to polycyclic aromatic hydrocarbons,DALYs,2015,2015,397000.0,327000.0,470000.0
,Occupational exposure to silica,DALYs,2015,2015,1894000.0,1724000.0,2073000.0
,Occupational exposure to sulphuric acid,DALYs,2015,2015,199000.0,151000.0,253000.0
,Occupational exposure to trichloroethylene,DALYs,2015,2015,4000.0,1000.0,8000.0
,Occupational asthmagens,DALYs,2015,2015,2621000.0,2081000.0,3223000.0
,"Occupational particulate matter, gases, and fumes",DALYs,2015,2015,8787000.0,7598000.0,9987000.0
,Occupational noise,DALYs,2015,2015,10875000.0,7410000.0,15038000.0
,Occupational injuries,DALYs,2015,2015,13492000.0,12006000.0,15545000.0
,Occupational ergonomic factors,DALYs,2015,2015,18573000.0,12979000.0,25759000.0
,Behavioural risks,DALYs,2015,2015,745463000.0,698273000.0,797964000.0
,Child and maternal malnutrition,DALYs,2015,2015,172120000.0,151792000.0,196176000.0
,Suboptimal breastfeeding,DALYs,2015,2015,34030000.0,22497000.0,47771000.0
,Non-exclusive breastfeeding,DALYs,2015,2015,31507000.0,19669000.0,44929000.0
,Discontinued breastfeeding,DALYs,2015,2015,3356000.0,1147000.0,6281000.0
,Childhood undernutrition,DALYs,2015,2015,113280000.0,103941000.0,123401000.0
,Childhood underweight,DALYs,2015,2015,34911000.0,28903000.0,43357000.0
,Child wasting,DALYs,2015,2015,104945000.0,88636000.0,117151000.0
,Child stunting,DALYs,2015,2015,22420000.0,9964000.0,39448000.0
,Iron deficiency,DALYs,2015,2015,52870000.0,36518000.0,74437000.0
,Vitamin A deficiency,DALYs,2015,2015,7611000.0,4693000.0,10841000.0
,Zinc deficiency,DALYs,2015,2015,4967000.0,600000.0,10853000.0
,Tobacco,DALYs,2015,2015,170889000.0,156216000.0,185988000.0
,Smoking,DALYs,2015,2015,148623000.0,134236000.0,163140000.0
,Second-hand smoke,DALYs,2015,2015,25212000.0,19297000.0,31653000.0
,Alcohol and drug use,DALYs,2015,2015,111365000.0,102247000.0,120352000.0
,High alcohol use,DALYs,2015,2015,84990000.0,77180000.0,93010000.0
,Drug use,DALYs,2015,2015,27831000.0,24437000.0,31171000.0
,Dietary risks,DALYs,2015,2015,264411000.0,236098000.0,294989000.0
,Diet low in fruits,DALYs,2015,2015,72590000.0,48514000.0,98667000.0
,Diet low in vegetables,DALYs,2015,2015,44632000.0,23572000.0,68817000.0
,Diet low in whole grains,DALYs,2015,2015,79813000.0,57571000.0,104238000.0
,Diet low in nuts and seeds,DALYs,2015,2015,49411000.0,32716000.0,68196000.0
,Diet low in milk,DALYs,2015,2015,2603000.0,897000.0,4382000.0
,Diet high in red meat,DALYs,2015,2015,1752000.0,638000.0,2957000.0
,Diet high in processed meat,DALYs,2015,2015,14907000.0,6450000.0,23452000.0
,Diet high in sugar sweetened beverages,DALYs,2015,2015,1449000.0,1004000.0,2059000.0
,Diet low in fiber,DALYs,2015,2015,8393000.0,3908000.0,14657000.0
,Diet low in calcium,DALYs,2015,2015,3284000.0,1966000.0,4755000.0
,Diet low in seafood omega-3 fatty acids,DALYs,2015,2015,31310000.0,13272000.0,49823000.0
,Diet low in polyunsaturated fatty acids,DALYs,2015,2015,8270000.0,3534000.0,12996000.0
,Diet high in trans fatty acids,DALYs,2015,2015,11578000.0,5138000.0,20322000.0
,Diet high in sodium,DALYs,2015,2015,83008000.0,49326000.0,127452000.0
,Sexual abuse and violence,DALYs,2015,2015,20801000.0,15633000.0,26810000.0
,Childhood sexual abuse,DALYs,2015,2015,8107000.0,3472000.0,14062000.0
,Intimate partner violence,DALYs,2015,2015,13803000.0,11078000.0,16954000.0
,Unsafe sex,DALYs,2015,2015,79451000.0,74248000.0,85532000.0
,Low physical activity,DALYs,2015,2015,34603000.0,26905000.0,42282000.0
,Metabolic risks,DALYs,2015,2015,381845000.0,357846000.0,409436000.0
,High fasting plasma glucose,DALYs,2015,2015,143076000.0,125125000.0,163477000.0
,High LDL cholesterol*,DALYs,2015,2015,88687000.0,74558000.0,105681000.0
,High systolic blood pressure,DALYs,2015,2015,211816000.0,192712000.0,231114000.0
,High body-mass index,DALYs,2015,2015,120132000.0,83829000.0,158409000.0
,Low bone mineral density,DALYs,2015,2015,8810000.0,7565000.0,10270000.0
,Kidney dysfunction*,DALYs,2015,2015,54433000.0,50890000.0,57912000.0
0.0,All risk factors,Deaths,2016,2006,31848450.0,31122540.0,32552540.0
1.0,Environmental/occupational risks,Deaths,2016,2006,9751570.0,9103890.0,10482390.0
2.0,"Unsafe water, sanitation, and handwashing",Deaths,2016,2006,2231210.0,1736490.0,3001110.0
3.0,Unsafe water source,Deaths,2016,2006,1570530.0,716650.0,2364770.0
3.0,Unsafe sanitation,Deaths,2016,2006,1323650.0,1010230.0,1827530.0
3.0,No access to handwashing facility,Deaths,2016,2006,1015060.0,577660.0,1507150.0
2.0,Air pollution,Deaths,2016,2006,6219850.0,5700420.0,6672510.0
3.0,Ambient particulate matter pollution,Deaths,2016,2006,3687200.0,3239450.0,4139590.0
3.0,Household air pollution from solid fuels,Deaths,2016,2006,3260730.0,2828540.0,3717840.0
3.0,Ambient ozone pollution,Deaths,2016,2006,187610.0,71390.0,318150.0
2.0,Other environmental risks,Deaths,2016,2006,518270.0,290360.0,800270.0
3.0,Residential radon,Deaths,2016,2006,49870.0,33900.0,66960.0
3.0,Lead exposure,Deaths,2016,2006,468390.0,239690.0,749970.0
2.0,Occupational risks,Deaths,2016,2006,1409600.0,1288250.0,1539630.0
3.0,Occupational carcinogens,Deaths,2016,2006,628390.0,529770.0,733380.0
4.0,Occupational exposure to asbestos,Deaths,2016,2006,187830.0,142940.0,233460.0
4.0,Occupational exposure to arsenic,Deaths,2016,2006,6550.0,1520.0,11970.0
4.0,Occupational exposure to benzene,Deaths,2016,2006,1630.0,520.0,2670.0
4.0,Occupational exposure to beryllium,Deaths,2016,2006,200.0,170.0,240.0
4.0,Occupational exposure to cadmium,Deaths,2016,2006,460.0,390.0,530.0
4.0,Occupational exposure to chromium,Deaths,2016,2006,960.0,860.0,1070.0
4.0,Occupational exposure to diesel engine exhaust,Deaths,2016,2006,13410.0,11850.0,15170.0
4.0,Occupational exposure to second-hand smoke,Deaths,2016,2006,364050.0,275490.0,465660.0
4.0,Occupational exposure to formaldehyde,Deaths,2016,2006,950.0,780.0,1150.0
4.0,Occupational exposure to nickel,Deaths,2016,2006,6680.0,950.0,17470.0
4.0,Occupational exposure to polycyclic aromatic hydrocarbons,Deaths,2016,2006,3410.0,2890.0,3920.0
4.0,Occupational exposure to silica,Deaths,2016,2006,50950.0,28570.0,73670.0
4.0,Occupational exposure to sulphuric acid,Deaths,2016,2006,2960.0,1270.0,5350.0
4.0,Occupational exposure to trichloroethylene,Deaths,2016,2006,40.0,10.0,70.0
3.0,Occupational asthmagens,Deaths,2016,2006,36830.0,26750.0,47730.0
3.0,"Occupational particulate matter, gases, and fumes",Deaths,2016,2006,407530.0,338660.0,479120.0
3.0,Occupational injuries,Deaths,2016,2006,352960.0,344630.0,360980.0
1.0,Behavioural risks,Deaths,2016,2006,22393170.0,21227310.0,23619190.0
2.0,Child and maternal malnutrition,Deaths,2016,2006,4301090.0,4107680.0000000005,4499130.0
3.0,Suboptimal breastfeeding,Deaths,2016,2006,278090.0,223030.0,332550.0
4.0,Non-exclusive breastfeeding,Deaths,2016,2006,264190.0,210540.0,318370.0
4.0,Discontinued breastfeeding,Deaths,2016,2006,16700.0,5980.0,29320.0
3.0,Child growth failure,Deaths,2016,2006,1874900.0,1718600.0,2023150.0
4.0,Child underweight,Deaths,2016,2006,615180.0,515400.0,776560.0
4.0,Child wasting,Deaths,2016,2006,1734230.0,1516430.0,1927790.0
4.0,Child stunting,Deaths,2016,2006,366430.0,184020.0,613940.0
3.0,Low birth weight and short gestation,Deaths,2016,2006,2341510.0,2264770.0,2427940.0
4.0,Short gestation,Deaths,2016,2006,2064010.0000000002,1949930.0,2171840.0
4.0,Low birth weight for gestation,Deaths,2016,2006,1096850.0,1005370.0,1207520.0
3.0,Iron deficiency,Deaths,2016,2006,27520.0,12140.0,43690.0
3.0,Vitamin A deficiency,Deaths,2016,2006,108400.0,62610.0,166640.0
3.0,Zinc deficiency,Deaths,2016,2006,53320.0,2850.0,141730.0
2.0,Tobacco,Deaths,2016,2006,6853450.0,6227560.0,7447850.0
3.0,Smoking,Deaths,2016,2006,6081950.0,5443810.0,6681350.0
3.0,Second-hand smoke,Deaths,2016,2006,848700.0,674540.0,1044470.0
2.0,Alcohol and drug use,Deaths,2016,2006,3001710.0,2622510.0,3396750.0
3.0,High alcohol use,Deaths,2016,2006,2605720.0,2228590.0,3011170.0
3.0,Drug use,Deaths,2016,2006,405490.0,376080.0,438090.0
2.0,Dietary risks,Deaths,2016,2006,9263920.0,7965820.0,10628040.0
3.0,Diet low in fruits,Deaths,2016,2006,2338840.0,1488150.0,3345700.0
3.0,Diet low in vegetables,Deaths,2016,2006,1473570.0,722800.0,2392730.0
3.0,Diet low in legumes,Deaths,2016,2006,594090.0,262560.0,988590.0
3.0,Diet low in whole grains,Deaths,2016,2006,2253170.0,1501700.0,3156550.0
3.0,Diet low in nuts and seeds,Deaths,2016,2006,1879320.0,1192820.0,2585760.0
3.0,Diet low in milk,Deaths,2016,2006,100320.0,35930.0,172490.0
3.0,Diet high in red meat,Deaths,2016,2006,22590.0,10560.0,36850.0
3.0,Diet high in processed meat,Deaths,2016,2006,146700.0,29930.0,269630.0
3.0,Diet high in sugar sweetened beverages,Deaths,2016,2006,17800.0,11490.0,29390.0
3.0,Diet low in fiber,Deaths,2016,2006,769740.0,446500.0,1159770.0
3.0,Diet low in calcium,Deaths,2016,2006,135490.0,86000.0,194760.0
3.0,Diet low in seafood omega-3 fatty acids,Deaths,2016,2006,1347530.0,575060.0,2186210.0
3.0,Diet low in polyunsaturated fatty acids,Deaths,2016,2006,373710.0,152880.0,579390.0
3.0,Diet high in trans fatty acids,Deaths,2016,2006,236270.0,80110.0,490840.0
3.0,Diet high in sodium,Deaths,2016,2006,2093860.0000000002,641820.0,4027160.0
2.0,Sexual abuse and violence,Deaths,2016,2006,149420.0,94830.0,204160.0
3.0,Childhood sexual abuse,Deaths,2016,2006,8980.0,6580.0,11810.0
3.0,Intimate partner violence,Deaths,2016,2006,140450.0,86780.0,194820.0
2.0,Unsafe sex,Deaths,2016,2006,1799640.0,1709980.0,1892290.0
2.0,Low physical activity,Deaths,2016,2006,1159600.0,607840.0,1790070.0
1.0,Metabolic risks,Deaths,2016,2006,14834470.0,13966550.0,15690950.0
2.0,High fasting plasma glucose,Deaths,2016,2006,4700400.0,3722990.0,5906040.0
2.0,High LDL cholesterol*,Deaths,2016,2006,3802100.0,2971090.0,4832930.0
2.0,High systolic blood pressure,Deaths,2016,2006,9083070.0,8209730.0,9963140.0
2.0,High body-mass index,Deaths,2016,2006,3519120.0,2136480.0,5165340.0
2.0,Low bone mineral density,Deaths,2016,2006,341070.0,288700.0,360770.0
2.0,Kidney dysfunction*,Deaths,2016,2006,2108450.0,1943120.0,2277000.0
0.0,All risk factors,Deaths,2016,2016,32756240.0,31855630.0,33694290.0
1.0,Environmental/occupational risks,Deaths,2016,2016,9293430.0,8663330.0,9987210.0
2.0,"Unsafe water, sanitation, and handwashing",Deaths,2016,2016,1660770.0,1253690.0,2312040.0
3.0,Unsafe water source,Deaths,2016,2016,1160160.0,515929.99999999994,1858370.0
3.0,Unsafe sanitation,Deaths,2016,2016,898240.0,662820.0,1307680.0
3.0,No access to handwashing facility,Deaths,2016,2016,750340.0,432560.0,1131560.0
2.0,Air pollution,Deaths,2016,2016,6116400.0,5631620.0,6602600.0
3.0,Ambient particulate matter pollution,Deaths,2016,2016,4092690.0,3624440.0,4575020.0
3.0,Household air pollution from solid fuels,Deaths,2016,2016,2576360.0,2215950.0,2968890.0
3.0,Ambient ozone pollution,Deaths,2016,2016,233640.0,90110.0,385300.0
2.0,Other environmental risks,Deaths,2016,2016,597740.0,328830.0,923470.0
3.0,Residential radon,Deaths,2016,2016,57690.0,38120.0,77920.0
3.0,Lead exposure,Deaths,2016,2016,540040.0,269070.0,868970.0
2.0,Occupational risks,Deaths,2016,2016,1528020.0,1383550.0,1680970.0
3.0,Occupational carcinogens,Deaths,2016,2016,746540.0,624130.0,874380.0
4.0,Occupational exposure to asbestos,Deaths,2016,2016,222320.0,168960.0,277920.0
4.0,Occupational exposure to arsenic,Deaths,2016,2016,8070.0,2050.0,14630.0
4.0,Occupational exposure to benzene,Deaths,2016,2016,1900.0,600.0,3120.0
4.0,Occupational exposure to beryllium,Deaths,2016,2016,260.0,210.0,310.0
4.0,Occupational exposure to cadmium,Deaths,2016,2016,610.0,500.0,710.0
4.0,Occupational exposure to chromium,Deaths,2016,2016,1280.0,1130.0,1440.0
4.0,Occupational exposure to diesel engine exhaust,Deaths,2016,2016,17500.0,15200.0,20060.0
4.0,Occupational exposure to second-hand smoke,Deaths,2016,2016,433150.0,326160.0,554320.0
4.0,Occupational exposure to formaldehyde,Deaths,2016,2016,1090.0,900.0,1320.0
4.0,Occupational exposure to nickel,Deaths,2016,2016,8100.0,1240.0,20810.0
4.0,Occupational exposure to polycyclic aromatic hydrocarbons,Deaths,2016,2016,4530.0,3830.0,5290.0
4.0,Occupational exposure to silica,Deaths,2016,2016,58400.0,31420.0,86000.0
4.0,Occupational exposure to sulphuric acid,Deaths,2016,2016,3540.0,1520.0,6490.0
4.0,Occupational exposure to trichloroethylene,Deaths,2016,2016,60.0,10.0,110.0
3.0,Occupational asthmagens,Deaths,2016,2016,37570.0,28360.0,47940.0
3.0,"Occupational particulate matter, gases, and fumes",Deaths,2016,2016,424270.0,349980.0,507550.0
3.0,Occupational injuries,Deaths,2016,2016,335710.0,328640.0,343270.0
1.0,Behavioural risks,Deaths,2016,2016,21830190.0,20450240.0,23314120.0
2.0,Child and maternal malnutrition,Deaths,2016,2016,2736960.0,2573810.0,2904340.0
3.0,Suboptimal breastfeeding,Deaths,2016,2016,152480.0,124060.0,183650.0
4.0,Non-exclusive breastfeeding,Deaths,2016,2016,144110.0,116210.0,173920.0
4.0,Discontinued breastfeeding,Deaths,2016,2016,10040.0,3490.0,17760.0
3.0,Child growth failure,Deaths,2016,2016,1010580.0,908980.0,1119900.0
4.0,Child underweight,Deaths,2016,2016,312610.0,266200.0,389000.0
4.0,Child wasting,Deaths,2016,2016,952400.0,813720.0,1078990.0
4.0,Child stunting,Deaths,2016,2016,162190.0,74850.0,301180.0
3.0,Low birth weight and short gestation,Deaths,2016,2016,1673600.0,1589230.0,1758450.0
4.0,Short gestation,Deaths,2016,2016,1485610.0,1392050.0,1580000.0
4.0,Low birth weight for gestation,Deaths,2016,2016,778370.0,705630.0,864120.0
3.0,Iron deficiency,Deaths,2016,2016,20950.0,9790.0,33310.0
3.0,Vitamin A deficiency,Deaths,2016,2016,42180.0,24160.0,65390.0
3.0,Zinc deficiency,Deaths,2016,2016,25090.0,1320.0,69470.0
2.0,Tobacco,Deaths,2016,2016,7131380.0,6503230.0,7780890.0
3.0,Smoking,Deaths,2016,2016,6321100.0,5673660.0,6962350.0
3.0,Second-hand smoke,Deaths,2016,2016,883930.0,715080.0,1085100.0
2.0,Alcohol and drug use,Deaths,2016,2016,3257200.0,2820870.0,3733040.0
3.0,High alcohol use,Deaths,2016,2016,2814640.0,2371240.0,3292680.0
3.0,Drug use,Deaths,2016,2016,451820.0,420400.0,486770.0
2.0,Dietary risks,Deaths,2016,2016,10301540.0,8795360.0,11912630.0
3.0,Diet low in fruits,Deaths,2016,2016,2361200.0,1446100.0,3447830.0
3.0,Diet low in vegetables,Deaths,2016,2016,1519650.0,717790.0,2507050.0
3.0,Diet low in legumes,Deaths,2016,2016,672470.0,288670.0,1113670.0
3.0,Diet low in whole grains,Deaths,2016,2016,2498690.0,1662920.0,3507350.0
3.0,Diet low in nuts and seeds,Deaths,2016,2016,2155040.0,1349070.0,2965360.0
3.0,Diet low in milk,Deaths,2016,2016,123210.0,45000.0,213850.0
3.0,Diet high in red meat,Deaths,2016,2016,31880.0,15080.0,51440.0
3.0,Diet high in processed meat,Deaths,2016,2016,139620.0,29840.0,271400.0
3.0,Diet high in sugar sweetened beverages,Deaths,2016,2016,22560.0,15330.0,33360.0
3.0,Diet low in fiber,Deaths,2016,2016,877850.0,502370.0,1337530.0
3.0,Diet low in calcium,Deaths,2016,2016,159880.0,101070.0,232620.0
3.0,Diet low in seafood omega-3 fatty acids,Deaths,2016,2016,1538760.0,641930.0,2518120.0
3.0,Diet low in polyunsaturated fatty acids,Deaths,2016,2016,404130.0,167800.0,628840.0
3.0,Diet high in trans fatty acids,Deaths,2016,2016,223640.0,62820.0,513159.99999999994
3.0,Diet high in sodium,Deaths,2016,2016,2310470.0,654700.0,4498830.0
2.0,Sexual abuse and violence,Deaths,2016,2016,73830.0,53790.0,94090.0
3.0,Childhood sexual abuse,Deaths,2016,2016,8740.0,6400.0,11740.0
3.0,Intimate partner violence,Deaths,2016,2016,65090.0,44850.0,85840.0
2.0,Unsafe sex,Deaths,2016,2016,1100900.0,1048420.0000000001,1148400.0
2.0,Low physical activity,Deaths,2016,2016,1373340.0,717650.0,2084159.9999999998
1.0,Metabolic risks,Deaths,2016,2016,17493530.0,16427650.000000002,18524260.0
2.0,High fasting plasma glucose,Deaths,2016,2016,5612450.0,4457290.0,6987540.0
2.0,High LDL cholesterol*,Deaths,2016,2016,4392510.0,3374220.0,5619870.0
2.0,High systolic blood pressure,Deaths,2016,2016,10455860.0,9381880.0,11507490.0
2.0,High body-mass index,Deaths,2016,2016,4525100.0,2867220.0,6434240.0
2.0,Low bone mineral density,Deaths,2016,2016,441230.0,374930.0,466700.0
2.0,Kidney dysfunction*,Deaths,2016,2016,2554210.0,2346590.0,2766510.0
0.0,All risk factors,DALYs,2016,2006,1182311160.0,1130619010.0,1237965110.0
1.0,Environmental/occupational risks,DALYs,2016,2006,367198640.0,341616820.0,392521030.0
2.0,"Unsafe water, sanitation, and handwashing",DALYs,2016,2006,118178240.0,99042420.0,141176500.0
3.0,Unsafe water source,DALYs,2016,2006,82040060.0,38265290.0,110406220.0
3.0,Unsafe sanitation,DALYs,2016,2006,68961680.0,56942580.0,84299830.0
3.0,No access to handwashing facility,DALYs,2016,2006,55096200.0,32668570.0,75567190.0
2.0,Air pollution,DALYs,2016,2006,186446120.0,170917710.0,200934770.0
3.0,Ambient particulate matter pollution,DALYs,2016,2006,105732080.0,93627480.0,118532100.0
3.0,Household air pollution from solid fuels,DALYs,2016,2006,108733320.0,93447820.0,123249340.0
3.0,Ambient ozone pollution,DALYs,2016,2006,3159440.0,1197450.0,5338230.0
2.0,Other environmental risks,DALYs,2016,2006,14319520.0,8496180.0,21426170.0
3.0,Residential radon,DALYs,2016,2006,1126440.0,773820.0,1494910.0
3.0,Lead exposure,DALYs,2016,2006,13193090.0,7393180.0,20140030.0
2.0,Occupational risks,DALYs,2016,2006,68543890.0,60461380.0,77147090.0
3.0,Occupational carcinogens,DALYs,2016,2006,17462680.0,14595360.0,20617180.0
4.0,Occupational exposure to asbestos,DALYs,2016,2006,3197370.0,2410480.0,4019530.0
4.0,Occupational exposure to arsenic,DALYs,2016,2006,182170.0,43970.0,330510.0
4.0,Occupational exposure to benzene,DALYs,2016,2006,74240.0,23120.0,121810.0
4.0,Occupational exposure to beryllium,DALYs,2016,2006,5760.0,4760.0,6810.0
4.0,Occupational exposure to cadmium,DALYs,2016,2006,13150.0,11140.0,15160.0
4.0,Occupational exposure to chromium,DALYs,2016,2006,27330.0,24340.0,30240.0
4.0,Occupational exposure to diesel engine exhaust,DALYs,2016,2006,381690.0,337430.0,428720.0
4.0,Occupational exposure to second-hand smoke,DALYs,2016,2006,12060360.0,9008450.0,15202220.0
4.0,Occupational exposure to formaldehyde,DALYs,2016,2006,42700.0,35090.0,51510.0
4.0,Occupational exposure to nickel,DALYs,2016,2006,187010.0,27490.0,483870.0
4.0,Occupational exposure to polycyclic aromatic hydrocarbons,DALYs,2016,2006,97030.0,82370.0,111830.0
4.0,Occupational exposure to silica,DALYs,2016,2006,1396950.0,774360.0,2030140.0
4.0,Occupational exposure to sulphuric acid,DALYs,2016,2006,89850.0,38680.0,161940.0
4.0,Occupational exposure to trichloroethylene,DALYs,2016,2006,1170.0,260.0,2160.0
3.0,Occupational asthmagens,DALYs,2016,2006,2122640.0,1699180.0,2619540.0
3.0,"Occupational particulate matter, gases, and fumes",DALYs,2016,2006,8771110.0,7497470.0,10068750.0
3.0,Occupational noise,DALYs,2016,2006,5865390.0,4107310.0000000005,8092940.0
3.0,Occupational injuries,DALYs,2016,2006,21906210.0,20353140.0,23776950.0
3.0,Occupational ergonomic factors,DALYs,2016,2006,13229580.0,9255440.0,17770820.0
1.0,Behavioural risks,DALYs,2016,2006,910996120.0,869496720.0,953010970.0
2.0,Child and maternal malnutrition,DALYs,2016,2006,406715030.0,385244160.0,429424870.0
3.0,Suboptimal breastfeeding,DALYs,2016,2006,24214140.0,19400120.0,28949800.0
4.0,Non-exclusive breastfeeding,DALYs,2016,2006,22971140.0,18284600.0,27651420.0
4.0,Discontinued breastfeeding,DALYs,2016,2006,1490660.0,534340.0,2615990.0
3.0,Child growth failure,DALYs,2016,2006,164876440.0,151738690.0,177603010.0
4.0,Child underweight,DALYs,2016,2006,55627110.0,46807750.0,69301370.0
4.0,Child wasting,DALYs,2016,2006,152812320.0,134145840.0,169500580.0
4.0,Child stunting,DALYs,2016,2006,31579400.0,15947910.0,52776940.0
3.0,Low birth weight and short gestation,DALYs,2016,2006,202783890.0,196133920.0,210268230.0
4.0,Short gestation,DALYs,2016,2006,178754750.0,168864650.0,188091130.0
4.0,Low birth weight for gestation,DALYs,2016,2006,95009640.0,87086080.0,104596970.0
3.0,Iron deficiency,DALYs,2016,2006,33835120.0,22660820.0,48281140.0
3.0,Vitamin A deficiency,DALYs,2016,2006,9600080.0,5604440.0,14578340.0
3.0,Zinc deficiency,DALYs,2016,2006,4651430.0,359570.0,12155340.0
2.0,Tobacco,DALYs,2016,2006,178305140.0,163133820.0,194298170.0
3.0,Smoking,DALYs,2016,2006,153365370.0,138408890.0,167887880.0
3.0,Second-hand smoke,DALYs,2016,2006,26546210.0,19817270.0,34362690.0
2.0,Alcohol and drug use,DALYs,2016,2006,125134500.0,113568680.0,136796970.0
3.0,High alcohol use,DALYs,2016,2006,96193700.0,86180200.0,106743490.0
3.0,Drug use,DALYs,2016,2006,29405940.0,25497290.0,33535949.999999996
2.0,Dietary risks,DALYs,2016,2006,210958840.0,184793680.0,239486600.0
3.0,Diet low in fruits,DALYs,2016,2006,61173380.0,40395880.0,84837170.0
3.0,Diet low in vegetables,DALYs,2016,2006,35185990.0,17828730.0,55574270.0
3.0,Diet low in legumes,DALYs,2016,2006,13316190.0,5884980.0,22031260.0
3.0,Diet low in whole grains,DALYs,2016,2006,57301210.0,38974480.0,78891270.0
3.0,Diet low in nuts and seeds,DALYs,2016,2006,44820230.0,29633640.0,60259650.0
3.0,Diet low in milk,DALYs,2016,2006,2168240.0,770590.0,3718760.0
3.0,Diet high in red meat,DALYs,2016,2006,893250.0,363000.0,1485050.0
3.0,Diet high in processed meat,DALYs,2016,2006,3499300.0,1121420.0,6024020.0
3.0,Diet high in sugar sweetened beverages,DALYs,2016,2006,605810.0,401430.0,932960.0
3.0,Diet low in fiber,DALYs,2016,2006,18522140.0,10865990.0,27596250.0
3.0,Diet low in calcium,DALYs,2016,2006,2935650.0,1882890.0,4176040.0
3.0,Diet low in seafood omega-3 fatty acids,DALYs,2016,2006,30245390.0,13187670.0,48313740.0
3.0,Diet low in polyunsaturated fatty acids,DALYs,2016,2006,8077080.0,3337500.0,12512690.0
3.0,Diet high in trans fatty acids,DALYs,2016,2006,5426020.0,1751020.0,11428660.0
3.0,Diet high in sodium,DALYs,2016,2006,44080700.0,14013370.0,84853200.0
2.0,Sexual abuse and violence,DALYs,2016,2006,11095590.0,8127520.0,13985730.0
3.0,Childhood sexual abuse,DALYs,2016,2006,2495640.0,1766890.0,3377910.0
3.0,Intimate partner violence,DALYs,2016,2006,8702760.0,6067700.0,11437850.0
2.0,Unsafe sex,DALYs,2016,2006,86860810.0,81591840.0,92234510.0
2.0,Low physical activity,DALYs,2016,2006,21078750.0,11156780.0,32368810.0
1.0,Metabolic risks,DALYs,2016,2006,348438170.0,324520780.0,374936880.0
2.0,High fasting plasma glucose,DALYs,2016,2006,123096040.0,102887960.0,146660950.0
2.0,High LDL cholesterol*,DALYs,2016,2006,83976460.0,70004690.0,98804760.0
2.0,High systolic blood pressure,DALYs,2016,2006,188635230.0,171004500.0,205178380.0
2.0,High body-mass index,DALYs,2016,2006,105257570.0,65833950.0,150547400.0
2.0,Low bone mineral density,DALYs,2016,2006,9412320.0,8030500.0,11131370.0
2.0,Kidney dysfunction*,DALYs,2016,2006,52009540.0,48088990.0,55861740.0
0.0,All risk factors,DALYs,2016,2016,1080115720.0,1017412550.0,1149380020.0
1.0,Environmental/occupational risks,DALYs,2016,2016,311970970.0,290297060.0,335402790.0
2.0,"Unsafe water, sanitation, and handwashing",DALYs,2016,2016,75796040.0,61906380.0,93460540.0
3.0,Unsafe water source,DALYs,2016,2016,52440650.0,23552840.0,73900440.0
3.0,Unsafe sanitation,DALYs,2016,2016,40746600.0,32803830.0,52138770.0
3.0,No access to handwashing facility,DALYs,2016,2016,35254900.0,20869210.0,49149440.0
2.0,Air pollution,DALYs,2016,2016,162795900.0,150578260.0,175615700.0
3.0,Ambient particulate matter pollution,DALYs,2016,2016,105674020.0,94523780.0,117808560.0
3.0,Household air pollution from solid fuels,DALYs,2016,2016,77161350.0,66086369.99999999,88048870.0
3.0,Ambient ozone pollution,DALYs,2016,2016,3796830.0,1463890.0,6257230.0
2.0,Other environmental risks,DALYs,2016,2016,15128920.0,8891770.0,22939090.0
3.0,Residential radon,DALYs,2016,2016,1255370.0,847290.0,1677750.0
3.0,Lead exposure,DALYs,2016,2016,13873550.0,7578920.0,21565040.0
2.0,Occupational risks,DALYs,2016,2016,75925430.0,66060970.0,86257100.0
3.0,Occupational carcinogens,DALYs,2016,2016,20682730.0,17015370.0,24682770.0
4.0,Occupational exposure to asbestos,DALYs,2016,2016,3640710.0,2743340.0,4594600.0
4.0,Occupational exposure to arsenic,DALYs,2016,2016,219220.0,57760.0,395480.0
4.0,Occupational exposure to benzene,DALYs,2016,2016,83870.0,25510.0,138490.0
4.0,Occupational exposure to beryllium,DALYs,2016,2016,7220.0,5890.0,8590.0
4.0,Occupational exposure to cadmium,DALYs,2016,2016,16830.0,14140.0,19640.0
4.0,Occupational exposure to chromium,DALYs,2016,2016,35450.0,31400.0,40170.0
4.0,Occupational exposure to diesel engine exhaust,DALYs,2016,2016,485690.0,426180.0,553930.0
4.0,Occupational exposure to second-hand smoke,DALYs,2016,2016,14474340.0,10754050.0,18289000.0
4.0,Occupational exposure to formaldehyde,DALYs,2016,2016,46930.0,38810.0,56990.0
4.0,Occupational exposure to nickel,DALYs,2016,2016,221350.0,34930.0,563340.0
4.0,Occupational exposure to polycyclic aromatic hydrocarbons,DALYs,2016,2016,125780.0,105370.0,145870.0
4.0,Occupational exposure to silica,DALYs,2016,2016,1574570.0,860210.0,2314760.0
4.0,Occupational exposure to sulphuric acid,DALYs,2016,2016,105230.0,45840.0,192420.0
4.0,Occupational exposure to trichloroethylene,DALYs,2016,2016,1720.0,380.0,3230.0
3.0,Occupational asthmagens,DALYs,2016,2016,2339480.0,1860900.0,2923320.0
3.0,"Occupational particulate matter, gases, and fumes",DALYs,2016,2016,9377100.0,7972610.0,10789560.0
3.0,Occupational noise,DALYs,2016,2016,7108280.0,4978560.0,9802690.0
3.0,Occupational injuries,DALYs,2016,2016,21774600.0,19810660.0,24090160.0
3.0,Occupational ergonomic factors,DALYs,2016,2016,15479930.0,10733370.0,20772450.0
1.0,Behavioural risks,DALYs,2016,2016,781103690.0,737052730.0,830058540.0
2.0,Child and maternal malnutrition,DALYs,2016,2016,275068980.0,255117960.0,296600820.0
3.0,Suboptimal breastfeeding,DALYs,2016,2016,13373250.0,10878180.0,16087130.0
4.0,Non-exclusive breastfeeding,DALYs,2016,2016,12598410.0,10160910.0,15194040.0
4.0,Discontinued breastfeeding,DALYs,2016,2016,924290.0,322520.0,1634920.0
3.0,Child growth failure,DALYs,2016,2016,91199770.0,82272240.0,100948470.0
4.0,Child underweight,DALYs,2016,2016,30009750.0,25768760.0,36212380.0
4.0,Child wasting,DALYs,2016,2016,86165420.0,74409950.0,97423290.0
4.0,Child stunting,DALYs,2016,2016,14114740.0,6609850.0,26162130.0
3.0,Low birth weight and short gestation,DALYs,2016,2016,144947750.0,137645540.0,152301770.0
4.0,Short gestation,DALYs,2016,2016,128668910.0,120565960.0,136862690.0
4.0,Low birth weight for gestation,DALYs,2016,2016,67430060.0,61121270.0,74855140.0
3.0,Iron deficiency,DALYs,2016,2016,35849870.0,24052890.0,50796920.0
3.0,Vitamin A deficiency,DALYs,2016,2016,3979050.0,2357300.0,6000150.0
3.0,Zinc deficiency,DALYs,2016,2016,2245650.0,213630.0,5993340.0
2.0,Tobacco,DALYs,2016,2016,177302310.0,162327840.0,194250390.0
3.0,Smoking,DALYs,2016,2016,155065750.0,140025420.0,170602150.0
3.0,Second-hand smoke,DALYs,2016,2016,23761450.0,18439150.0,29543700.0
2.0,Alcohol and drug use,DALYs,2016,2016,130597460.0,117360410.0,144336480.0
3.0,High alcohol use,DALYs,2016,2016,99204890.0,88310440.0,111168340.0
3.0,Drug use,DALYs,2016,2016,31836260.0,27445880.0,36580020.0
2.0,Dietary risks,DALYs,2016,2016,229065540.0,197533690.0,262533950.0
3.0,Diet low in fruits,DALYs,2016,2016,60982390.0,38806060.0,87349090.0
3.0,Diet low in vegetables,DALYs,2016,2016,35489090.0,17454480.0,57174790.0
3.0,Diet low in legumes,DALYs,2016,2016,14214450.0,6113490.0,23571090.0
3.0,Diet low in whole grains,DALYs,2016,2016,62596110.0,42330990.0,86426660.0
3.0,Diet low in nuts and seeds,DALYs,2016,2016,49492970.0,32430010.0,66636039.99999999
3.0,Diet low in milk,DALYs,2016,2016,2581500.0,930450.0,4435440.0
3.0,Diet high in red meat,DALYs,2016,2016,1247330.0,508190.0,2077330.0
3.0,Diet high in processed meat,DALYs,2016,2016,3196040.0,1091350.0,5836230.0
3.0,Diet high in sugar sweetened beverages,DALYs,2016,2016,779510.0,523900.0,1145180.0
3.0,Diet low in fiber,DALYs,2016,2016,20119470.0,11653460.0,30430150.0
3.0,Diet low in calcium,DALYs,2016,2016,3353070.0,2127080.0,4832470.0
3.0,Diet low in seafood omega-3 fatty acids,DALYs,2016,2016,33347839.999999996,14222640.0,53678050.0
3.0,Diet low in polyunsaturated fatty acids,DALYs,2016,2016,8351809.999999999,3443290.0,12916370.0
3.0,Diet high in trans fatty acids,DALYs,2016,2016,5111020.0,1348610.0,11683020.0
3.0,Diet high in sodium,DALYs,2016,2016,47567080.0,14436690.0,92411610.0
2.0,Sexual abuse and violence,DALYs,2016,2016,8201580.0,6354860.0,10332830.0
3.0,Childhood sexual abuse,DALYs,2016,2016,2748300.0,1920530.0,3735790.0
3.0,Intimate partner violence,DALYs,2016,2016,5575290.0,4224540.0,7079580.0
2.0,Unsafe sex,DALYs,2016,2016,54603030.0,51340060.0,58075620.0
2.0,Low physical activity,DALYs,2016,2016,24315860.0,12811320.0,36604690.0
1.0,Metabolic risks,DALYs,2016,2016,401813920.0,372407650.0,434394060.0
2.0,High fasting plasma glucose,DALYs,2016,2016,144088580.0,119872600.0,171585770.0
2.0,High LDL cholesterol*,DALYs,2016,2016,93844030.0,78027310.0,111266480.0
2.0,High systolic blood pressure,DALYs,2016,2016,212105090.0,191466220.0,230661270.0
2.0,High body-mass index,DALYs,2016,2016,135381330.0,88608730.0,187363700.0
2.0,Low bone mineral density,DALYs,2016,2016,11955490.0,10090790.0,14196270.0
2.0,Kidney dysfunction*,DALYs,2016,2016,60482180.0,55678630.0,65319350.0
0.0,All risk factors,Deaths,2017,2007,31500000.0,30900000.0,32200000.0
1.0,Environmental/occupational risks,Deaths,2017,2007,8150000.0,7590000.0,8810000.0
2.0,"Unsafe water, sanitation, and handwashing",Deaths,2017,2007,1990000.0,1610000.0,2570000.0
3.0,Unsafe water source,Deaths,2017,2007,1500000.0,938000.0,2110000.0
3.0,Unsafe sanitation,Deaths,2017,2007,1110000.0,856000.0,1450000.0
3.0,No access to handwashing facility,Deaths,2017,2007,892000.0,528000.0,1250000.0
2.0,Air pollution,Deaths,2017,2007,4630000.0,4210000.0,5040000.0
3.0,Particulate matter pollution,Deaths,2017,2007,4380000.0,3960000.0,4780000.0
4.0,Ambient particulate matter pollution,Deaths,2017,2007,2420000.0,2080000.0,2760000.0
4.0,Household air pollution from solid fuels,Deaths,2017,2007,1960000.0,1700000.0,2270000.0
3.0,Ambient ozone pollution,Deaths,2017,2007,392000.0,146000.0,638000.0
2.0,Other environmental risks,Deaths,2017,2007,929000.0,646000.0,1240000.0
3.0,Residential radon,Deaths,2017,2007,68000.0,38000.0,107000.0
3.0,Lead exposure,Deaths,2017,2007,860000.0,586000.0,1160000.0
2.0,Occupational risks,Deaths,2017,2007,1090000.0,995000.0,1190000.0
3.0,Occupational carcinogens,Deaths,2017,2007,271000.0,220000.0,322000.0
4.0,Occupational exposure to asbestos,Deaths,2017,2007,194000.0,148000.0,243000.0
4.0,Occupational exposure to arsenic,Deaths,2017,2007,7000.0,1000.0,12000.0
4.0,Occupational exposure to benzene,Deaths,2017,2007,2000.0,1000.0,3000.0
4.0,Occupational exposure to beryllium,Deaths,2017,2007,0.0,0.0,0.0
4.0,Occupational exposure to cadmium,Deaths,2017,2007,0.0,0.0,1000.0
4.0,Occupational exposure to chromium,Deaths,2017,2007,1000.0,1000.0,1000.0
4.0,Occupational exposure to diesel engine exhaust,Deaths,2017,2007,12000.0,11000.0,13000.0
4.0,Occupational exposure to formaldehyde,Deaths,2017,2007,1000.0,1000.0,1000.0
4.0,Occupational exposure to nickel,Deaths,2017,2007,7000.0,1000.0,18000.0
4.0,Occupational exposure to polycyclic aromatic hydrocarbons,Deaths,2017,2007,3000.0,3000.0,4000.0
4.0,Occupational exposure to silica,Deaths,2017,2007,47000.0,27000.0,69000.0
4.0,Occupational exposure to sulphuric acid,Deaths,2017,2007,3000.0,1000.0,6000.0
4.0,Occupational exposure to trichloroethylene,Deaths,2017,2007,0.0,0.0,0.0
3.0,Occupational asthmagens,Deaths,2017,2007,38000.0,21000.0,52000.0
3.0,"Occupational particulate matter, gases, and fumes",Deaths,2017,2007,432000.0,354000.0,510000.0
3.0,Occupational injuries,Deaths,2017,2007,348000.0,327000.0,370000.0
1.0,Behavioural risks,Deaths,2017,2007,23200000.0,22600000.0,23800000.0
2.0,Child and maternal malnutrition,Deaths,2017,2007,4650000.0,4450000.0,4880000.0
3.0,Suboptimal breastfeeding,Deaths,2017,2007,270000.0,200000.0,338000.0
4.0,Non-exclusive breastfeeding,Deaths,2017,2007,256000.0,191000.0,324000.0
4.0,Discontinued breastfeeding,Deaths,2017,2007,16000.0,5000.0,28000.0
3.0,Child growth failure,Deaths,2017,2007,1980000.0,1800000.0,2170000.0
4.0,Child underweight,Deaths,2017,2007,710000.0,606000.0,853000.0
4.0,Child wasting,Deaths,2017,2007,1770000.0,1480000.0,2020000.0
4.0,Child stunting,Deaths,2017,2007,458000.0,237000.0,754000.0
3.0,Low birth weight and short gestation,Deaths,2017,2007,2490000.0,2400000.0,2570000.0
4.0,Short gestation,Deaths,2017,2007,1890000.0,1820000.0,1970000.0
4.0,Low birth weight for gestation,Deaths,2017,2007,1480000.0,1410000.0,1570000.0
3.0,Iron deficiency,Deaths,2017,2007,89000.0,36000.0,133000.0
3.0,Vitamin A deficiency,Deaths,2017,2007,437000.0,339000.0,550000.0
3.0,Zinc deficiency,Deaths,2017,2007,60000.0,3000.0,157000.0
2.0,Tobacco,Deaths,2017,2007,7280000.0,7010000.0,7560000.0
3.0,Smoking,Deaths,2017,2007,6380000.0,6170000.0,6590000.0
3.0,Chewing tobacco,Deaths,2017,2007,59000.0,48000.0,70000.0
3.0,Second-hand smoke,Deaths,2017,2007,1110000.0,888000.0,1370000.0
2.0,High alcohol use,Deaths,2017,2007,2560000.0,2230000.0,2910000.0
2.0,Drug use,Deaths,2017,2007,459000.0,416000.0,501000.0
2.0,Dietary risks,Deaths,2017,2007,9160000.0,8510000.0,9810000.0
3.0,Diet low in fruits,Deaths,2017,2007,2220000.0,1410000.0,3180000.0
3.0,Diet low in vegetables,Deaths,2017,2007,1390000.0,715000.0,2240000.0
3.0,Diet low in legumes,Deaths,2017,2007,481000.0,192000.0,819000.0
3.0,Diet low in whole grains,Deaths,2017,2007,2630000.0,1820000.0,3490000.0
3.0,Diet low in nuts and seeds,Deaths,2017,2007,1740000.0,1130000.0,2410000.0
3.0,Diet low in milk,Deaths,2017,2007,96000.0,34000.0,171000.0
3.0,Diet high in red meat,Deaths,2017,2007,17000.0,7000.0,28000.0
3.0,Diet high in processed meat,Deaths,2017,2007,125000.0,24000.0,239000.0
3.0,Diet high in sugar sweetened beverages,Deaths,2017,2007,105000.0,13000.0,206000.0
3.0,Diet low in fiber,Deaths,2017,2007,737000.0,433000.0,1110000.0
3.0,Diet low in calcium,Deaths,2017,2007,145000.0,91000.0,205000.0
3.0,Diet low in seafood omega-3 fatty acids,Deaths,2017,2007,1220000.0,565000.0,2000000.0
3.0,Diet low in polyunsaturated fatty acids,Deaths,2017,2007,676000.0,288000.0,1110000.0
3.0,Diet high in trans fatty acids,Deaths,2017,2007,250000.0,93000.0,519000.0
3.0,Diet high in sodium,Deaths,2017,2007,2520000.0,1070000.0,4370000.0
2.0,Intimate partner violence,Deaths,2017,2007,151000.0,95000.0,217000.0
3.0,Childhood sexual abuse,Deaths,2017,2007,7000.0,6000.0,10000.0
2.0,Unsafe sex,Deaths,2017,2007,1750000.0,1680000.0,1830000.0
2.0,Low physical activity,Deaths,2017,2007,1030000.0,557000.0,1640000.0
1.0,Metabolic risks,Deaths,2017,2007,14100000.0,12900000.0,15100000.0
2.0,High fasting plasma glucose,Deaths,2017,2007,5140000.0,4150000.0,6490000.0
2.0,High LDL cholesterol*,Deaths,2017,2007,3570000.0,2780000.0,4450000.0
2.0,High systolic blood pressure,Deaths,2017,2007,8500000.0,7640000.0,9340000.0
2.0,High body-mass index,Deaths,2017,2007,3470000.0,2110000.0,5030000.0
2.0,Low bone mineral density,Deaths,2017,2007,245000.0,226000.0,256000.0
2.0,Kidney dysfunction*,Deaths,2017,2007,2040000.0,1880000.0,2210000.0
0.0,All risk factors,Deaths,2017,2017,34100000.0,33300000.0,35000000.0
1.0,Environmental/occupational risks,Deaths,2017,2017,8320000.0,7690000.0,9020000.0
2.0,"Unsafe water, sanitation, and handwashing",Deaths,2017,2017,1610000.0,1230000.0,2230000.0
3.0,Unsafe water source,Deaths,2017,2017,1230000.0,736000.0,1830000.0
3.0,Unsafe sanitation,Deaths,2017,2017,774000.0,566000.0,1060000.0
3.0,No access to handwashing facility,Deaths,2017,2017,707000.0,416000.0,1020000.0
2.0,Air pollution,Deaths,2017,2017,4900000.0,4420000.0,5390000.0
3.0,Particulate matter pollution,Deaths,2017,2017,4580000.0,4130000.0,5030000.0
4.0,Ambient particulate matter pollution,Deaths,2017,2017,2940000.0,2500000.0,3360000.0
4.0,Household air pollution from solid fuels,Deaths,2017,2017,1640000.0,1400000.0,1930000.0
3.0,Ambient ozone pollution,Deaths,2017,2017,472000.0,177000.0,768000.0
2.0,Other environmental risks,Deaths,2017,2017,1140000.0,794000.0,1530000.0
3.0,Residential radon,Deaths,2017,2017,88000.0,50000.0,139000.0
3.0,Lead exposure,Deaths,2017,2017,1050000.0,709000.0,1430000.0
2.0,Occupational risks,Deaths,2017,2017,1160000.0,1050000.0,1280000.0
3.0,Occupational carcinogens,Deaths,2017,2017,334000.0,271000.0,397000.0
4.0,Occupational exposure to asbestos,Deaths,2017,2017,232000.0,177000.0,289000.0
4.0,Occupational exposure to arsenic,Deaths,2017,2017,9000.0,2000.0,16000.0
4.0,Occupational exposure to benzene,Deaths,2017,2017,2000.0,1000.0,3000.0
4.0,Occupational exposure to beryllium,Deaths,2017,2017,0.0,0.0,0.0
4.0,Occupational exposure to cadmium,Deaths,2017,2017,1000.0,1000.0,1000.0
4.0,Occupational exposure to chromium,Deaths,2017,2017,1000.0,1000.0,2000.0
4.0,Occupational exposure to diesel engine exhaust,Deaths,2017,2017,18000.0,16000.0,20000.0
4.0,Occupational exposure to formaldehyde,Deaths,2017,2017,1000.0,1000.0,1000.0
4.0,Occupational exposure to nickel,Deaths,2017,2017,9000.0,1000.0,23000.0
4.0,Occupational exposure to polycyclic aromatic hydrocarbons,Deaths,2017,2017,5000.0,4000.0,6000.0
4.0,Occupational exposure to silica,Deaths,2017,2017,60000.0,34000.0,88000.0
4.0,Occupational exposure to sulphuric acid,Deaths,2017,2017,4000.0,2000.0,7000.0
4.0,Occupational exposure to trichloroethylene,Deaths,2017,2017,0.0,0.0,0.0
3.0,Occupational asthmagens,Deaths,2017,2017,34000.0,22000.0,47000.0
3.0,"Occupational particulate matter, gases, and fumes",Deaths,2017,2017,488000.0,397000.0,584000.0
3.0,Occupational injuries,Deaths,2017,2017,304000.0,288000.0,323000.0
1.0,Behavioural risks,Deaths,2017,2017,23800000.0,23100000.0,24600000.0
2.0,Child and maternal malnutrition,Deaths,2017,2017,3190000.0,3020000.0,3360000.0
3.0,Suboptimal breastfeeding,Deaths,2017,2017,169000.0,132000.0,210000.0
4.0,Non-exclusive breastfeeding,Deaths,2017,2017,161000.0,124000.0,201000.0
4.0,Discontinued breastfeeding,Deaths,2017,2017,10000.0,4000.0,18000.0
3.0,Child growth failure,Deaths,2017,2017,1190000.0,1060000.0,1300000.0
4.0,Child underweight,Deaths,2017,2017,417000.0,365000.0,498000.0
4.0,Child wasting,Deaths,2017,2017,1080000.0,891000.0,1220000.0
4.0,Child stunting,Deaths,2017,2017,221000.0,103000.0,395000.0
3.0,Low birth weight and short gestation,Deaths,2017,2017,1880000.0,1790000.0,1970000.0
4.0,Short gestation,Deaths,2017,2017,1430000.0,1360000.0,1510000.0
4.0,Low birth weight for gestation,Deaths,2017,2017,1100000.0,1040000.0,1160000.0
3.0,Iron deficiency,Deaths,2017,2017,60000.0,24000.0,91000.0
3.0,Vitamin A deficiency,Deaths,2017,2017,233000.0,179000.0,294000.0
3.0,Zinc deficiency,Deaths,2017,2017,29000.0,1000.0,77000.0
2.0,Tobacco,Deaths,2017,2017,8100000.0,7790000.0,8420000.0
3.0,Smoking,Deaths,2017,2017,7100000.0,6830000.0,7370000.0
3.0,Chewing tobacco,Deaths,2017,2017,76000.0,62000.0,91000.0
3.0,Second-hand smoke,Deaths,2017,2017,1220000.0,984000.0,1500000.0
2.0,High alcohol use,Deaths,2017,2017,2840000.0,2440000.0,3250000.0
2.0,Drug use,Deaths,2017,2017,585000.0,535000.0,635000.0
2.0,Dietary risks,Deaths,2017,2017,10900000.0,10100000.0,11700000.0
3.0,Diet low in fruits,Deaths,2017,2017,2420000.0,1480000.0,3530000.0
3.0,Diet low in vegetables,Deaths,2017,2017,1460000.0,732000.0,2400000.0
3.0,Diet low in legumes,Deaths,2017,2017,535000.0,214000.0,909000.0
3.0,Diet low in whole grains,Deaths,2017,2017,3070000.0,2110000.0,4120000.0
3.0,Diet low in nuts and seeds,Deaths,2017,2017,2060000.0,1330000.0,2880000.0
3.0,Diet low in milk,Deaths,2017,2017,126000.0,45000.0,220000.0
3.0,Diet high in red meat,Deaths,2017,2017,25000.0,11000.0,40000.0
3.0,Diet high in processed meat,Deaths,2017,2017,130000.0,26000.0,265000.0
3.0,Diet high in sugar sweetened beverages,Deaths,2017,2017,137000.0,20000.0,264000.0
3.0,Diet low in fiber,Deaths,2017,2017,873000.0,510000.0,1330000.0
3.0,Diet low in calcium,Deaths,2017,2017,185000.0,116000.0,262000.0
3.0,Diet low in seafood omega-3 fatty acids,Deaths,2017,2017,1440000.0,667000.0,2380000.0
3.0,Diet low in polyunsaturated fatty acids,Deaths,2017,2017,799000.0,343000.0,1310000.0
3.0,Diet high in trans fatty acids,Deaths,2017,2017,258000.0,80000.0,577000.0
3.0,Diet high in sodium,Deaths,2017,2017,3200000.0,1420000.0,5450000.0
2.0,Intimate partner violence,Deaths,2017,2017,71000.0,49000.0,97000.0
3.0,Childhood sexual abuse,Deaths,2017,2017,8000.0,6000.0,10000.0
2.0,Unsafe sex,Deaths,2017,2017,1030000.0,980000.0,1080000.0
2.0,Low physical activity,Deaths,2017,2017,1260000.0,681000.0,2010000.0
1.0,Metabolic risks,Deaths,2017,2017,17600000.0,16100000.0,18900000.0
2.0,High fasting plasma glucose,Deaths,2017,2017,6530000.0,5230000.0,8230000.0
2.0,High LDL cholesterol*,Deaths,2017,2017,4320000.0,3330000.0,5440000.0
2.0,High systolic blood pressure,Deaths,2017,2017,10400000.0,9390000.0,11500000.0
2.0,High body-mass index,Deaths,2017,2017,4720000.0,2990000.0,6700000.0
2.0,Low bone mineral density,Deaths,2017,2017,327000.0,308000.0,347000.0
2.0,Kidney dysfunction*,Deaths,2017,2017,2590000.0,2390000.0,2800000.0
0.0,All risk factors,DALYs,2017,2007,1270000000.0,1210000000.0,1340000000.0
1.0,Environmental/occupational risks,DALYs,2017,2007,345000000.0,319000000.0,370000000.0
2.0,"Unsafe water, sanitation, and handwashing",DALYs,2017,2007,120000000.0,103000000.0,138000000.0
3.0,Unsafe water source,DALYs,2017,2007,90100000.0,58500000.0,113000000.0
3.0,Unsafe sanitation,DALYs,2017,2007,66500000.0,55600000.0,78100000.0
3.0,No access to handwashing facility,DALYs,2017,2007,55300000.0,33200000.0,75300000.0
2.0,Air pollution,DALYs,2017,2007,158000000.0,142000000.0,172000000.0
3.0,Particulate matter pollution,DALYs,2017,2007,154000000.0,138000000.0,168000000.0
4.0,Ambient particulate matter pollution,DALYs,2017,2007,73600000.0,63300000.0,83400000.0
4.0,Household air pollution from solid fuels,DALYs,2017,2007,80100000.0,68300000.0,92400000.0
3.0,Ambient ozone pollution,DALYs,2017,2007,6330000.0,2370000.0,10300000.0
2.0,Other environmental risks,DALYs,2017,2007,23500000.0,16500000.0,30600000.0
3.0,Residential radon,DALYs,2017,2007,1570000.0,859000.0,2420000.0
3.0,Lead exposure,DALYs,2017,2007,21900000.0,15200000.0,28900000.0
2.0,Occupational risks,DALYs,2017,2007,59800000.0,52300000.0,68100000.0
3.0,Occupational carcinogens,DALYs,2017,2007,5600000.0,4560000.0,6710000.0
4.0,Occupational exposure to asbestos,DALYs,2017,2007,3410000.0,2570000.0,4310000.0
4.0,Occupational exposure to arsenic,DALYs,2017,2007,189000.0,43000.0,346000.0
4.0,Occupational exposure to benzene,DALYs,2017,2007,73000.0,23000.0,120000.0
4.0,Occupational exposure to beryllium,DALYs,2017,2007,5000.0,5000.0,6000.0
4.0,Occupational exposure to cadmium,DALYs,2017,2007,13000.0,11000.0,15000.0
4.0,Occupational exposure to chromium,DALYs,2017,2007,27000.0,24000.0,30000.0
4.0,Occupational exposure to diesel engine exhaust,DALYs,2017,2007,344000.0,304000.0,386000.0
4.0,Occupational exposure to formaldehyde,DALYs,2017,2007,40000.0,33000.0,48000.0
4.0,Occupational exposure to nickel,DALYs,2017,2007,184000.0,26000.0,493000.0
4.0,Occupational exposure to polycyclic aromatic hydrocarbons,DALYs,2017,2007,94000.0,80000.0,107000.0
4.0,Occupational exposure to silica,DALYs,2017,2007,1280000.0,702000.0,1880000.0
4.0,Occupational exposure to sulphuric acid,DALYs,2017,2007,101000.0,43000.0,182000.0
4.0,Occupational exposure to trichloroethylene,DALYs,2017,2007,1000.0,0.0,2000.0
3.0,Occupational asthmagens,DALYs,2017,2007,1930000.0,1460000.0,2430000.0
3.0,"Occupational particulate matter, gases, and fumes",DALYs,2017,2007,10500000.0,9050000.0,12100000.0
3.0,Occupational noise,DALYs,2017,2007,4830000.0,3300000.0,6830000.0
3.0,Occupational injuries,DALYs,2017,2007,22700000.0,20800000.0,24800000.0
3.0,Occupational ergonomic factors,DALYs,2017,2007,14200000.0,10000000.0,19400000.0
1.0,Behavioural risks,DALYs,2017,2007,1020000000.0,970000000.0,1060000000.0
2.0,Child and maternal malnutrition,DALYs,2017,2007,455000000.0,430000000.0,482000000.0
3.0,Suboptimal breastfeeding,DALYs,2017,2007,23800000.0,17700000.0,29900000.0
4.0,Non-exclusive breastfeeding,DALYs,2017,2007,22600000.0,16800000.0,28500000.0
4.0,Discontinued breastfeeding,DALYs,2017,2007,1420000.0,488000.0,2550000.0
3.0,Child growth failure,DALYs,2017,2007,170000000.0,155000000.0,186000000.0
4.0,Child underweight,DALYs,2017,2007,58700000.0,49700000.0,71300000.0
4.0,Child wasting,DALYs,2017,2007,152000000.0,127000000.0,173000000.0
4.0,Child stunting,DALYs,2017,2007,40000000.0,20700000.0,65700000.0
3.0,Low birth weight and short gestation,DALYs,2017,2007,229000000.0,221000000.0,237000000.0
4.0,Short gestation,DALYs,2017,2007,176000000.0,170000000.0,184000000.0
4.0,Low birth weight for gestation,DALYs,2017,2007,140000000.0,134000000.0,148000000.0
3.0,Iron deficiency,DALYs,2017,2007,37100000.0,25800000.0,51300000.0
3.0,Vitamin A deficiency,DALYs,2017,2007,48500000.0,38700000.0,59900000.0
3.0,Zinc deficiency,DALYs,2017,2007,5290000.0,398000.0,13600000.0
2.0,Tobacco,DALYs,2017,2007,200000000.0,188000000.0,212000000.0
3.0,Smoking,DALYs,2017,2007,169000000.0,160000000.0,177000000.0
3.0,Chewing tobacco,DALYs,2017,2007,1490000.0,1220000.0,1790000.0
3.0,Second-hand smoke,DALYs,2017,2007,36600000.0,28600000.0,46000000.0
2.0,High alcohol use,DALYs,2017,2007,102000000.0,92400000.0,114000000.0
2.0,Drug use,DALYs,2017,2007,34900000.0,29800000.0,40400000.0
2.0,Dietary risks,DALYs,2017,2007,219000000.0,203000000.0,235000000.0
3.0,Diet low in fruits,DALYs,2017,2007,60200000.0,38600000.0,84000000.0
3.0,Diet low in vegetables,DALYs,2017,2007,33600000.0,17900000.0,53300000.0
3.0,Diet low in legumes,DALYs,2017,2007,10600000.0,4280000.0,18000000.0
3.0,Diet low in whole grains,DALYs,2017,2007,71500000.0,51300000.0,93800000.0
3.0,Diet low in nuts and seeds,DALYs,2017,2007,43300000.0,28800000.0,58800000.0
3.0,Diet low in milk,DALYs,2017,2007,2140000.0,757000.0,3770000.0
3.0,Diet high in red meat,DALYs,2017,2007,880000.0,352000.0,1520000.0
3.0,Diet high in processed meat,DALYs,2017,2007,3360000.0,1050000.0,6120000.0
3.0,Diet high in sugar sweetened beverages,DALYs,2017,2007,3350000.0,981000.0,5910000.0
3.0,Diet low in fiber,DALYs,2017,2007,17700000.0,10400000.0,26500000.0
3.0,Diet low in calcium,DALYs,2017,2007,3150000.0,1990000.0,4420000.0
3.0,Diet low in seafood omega-3 fatty acids,DALYs,2017,2007,28200000.0,13300000.0,45600000.0
3.0,Diet low in polyunsaturated fatty acids,DALYs,2017,2007,15700000.0,6740000.0,25500000.0
3.0,Diet high in trans fatty acids,DALYs,2017,2007,6050000.0,2180000.0,12800000.0
3.0,Diet high in sodium,DALYs,2017,2007,57400000.0,26500000.0,97000000.0
2.0,Intimate partner violence,DALYs,2017,2007,10300000.0,7270000.0,14000000.0
3.0,Childhood sexual abuse,DALYs,2017,2007,2380000.0,1670000.0,3230000.0
3.0,Bullying victimization,DALYs,2017,2007,2340000.0,1380000.0,3660000.0
2.0,Unsafe sex,DALYs,2017,2007,86100000.0,81700000.0,90600000.0
2.0,Low physical activity,DALYs,2017,2007,19700000.0,10500000.0,31300000.0
1.0,Metabolic risks,DALYs,2017,2007,346000000.0,317000000.0,376000000.0
2.0,High fasting plasma glucose,DALYs,2017,2007,136000000.0,115000000.0,160000000.0
2.0,High LDL cholesterol*,DALYs,2017,2007,81000000.0,67800000.0,95700000.0
2.0,High systolic blood pressure,DALYs,2017,2007,182000000.0,164000000.0,198000000.0
2.0,High body-mass index,DALYs,2017,2007,108000000.0,69000000.0,153000000.0
2.0,Low bone mineral density,DALYs,2017,2007,7850000.0,6660000.0,9210000.0
2.0,Kidney dysfunction*,DALYs,2017,2007,51000000.0,47300000.0,54900000.0
0.0,All risk factors,DALYs,2017,2017,1210000000.0,1140000000.0,1280000000.0
1.0,Environmental/occupational risks,DALYs,2017,2017,308000000.0,283000000.0,333000000.0
2.0,"Unsafe water, sanitation, and handwashing",DALYs,2017,2017,84400000.0,71800000.0,102000000.0
3.0,Unsafe water source,DALYs,2017,2017,63900000.0,40800000.0,83100000.0
3.0,Unsafe sanitation,DALYs,2017,2017,41500000.0,34100000.0,49700000.0
3.0,No access to handwashing facility,DALYs,2017,2017,38400000.0,22800000.0,52100000.0
2.0,Air pollution,DALYs,2017,2017,147000000.0,132000000.0,162000000.0
3.0,Particulate matter pollution,DALYs,2017,2017,143000000.0,129000000.0,156000000.0
4.0,Ambient particulate matter pollution,DALYs,2017,2017,83000000.0,71400000.0,94300000.0
4.0,Household air pollution from solid fuels,DALYs,2017,2017,59500000.0,50800000.0,68900000.0
3.0,Ambient ozone pollution,DALYs,2017,2017,7370000.0,2740000.0,12000000.0
2.0,Other environmental risks,DALYs,2017,2017,26400000.0,18400000.0,34800000.0
3.0,Residential radon,DALYs,2017,2017,1930000.0,1080000.0,3020000.0
3.0,Lead exposure,DALYs,2017,2017,24400000.0,16700000.0,32800000.0
2.0,Occupational risks,DALYs,2017,2017,63700000.0,54900000.0,73200000.0
3.0,Occupational carcinogens,DALYs,2017,2017,6750000.0,5490000.0,8120000.0
4.0,Occupational exposure to asbestos,DALYs,2017,2017,3930000.0,2980000.0,4950000.0
4.0,Occupational exposure to arsenic,DALYs,2017,2017,245000.0,65000.0,436000.0
4.0,Occupational exposure to benzene,DALYs,2017,2017,84000.0,26000.0,137000.0
4.0,Occupational exposure to beryllium,DALYs,2017,2017,8000.0,6000.0,9000.0
4.0,Occupational exposure to cadmium,DALYs,2017,2017,18000.0,15000.0,22000.0
4.0,Occupational exposure to chromium,DALYs,2017,2017,38000.0,34000.0,43000.0
4.0,Occupational exposure to diesel engine exhaust,DALYs,2017,2017,494000.0,434000.0,559000.0
4.0,Occupational exposure to formaldehyde,DALYs,2017,2017,46000.0,38000.0,56000.0
4.0,Occupational exposure to nickel,DALYs,2017,2017,238000.0,36000.0,607000.0
4.0,Occupational exposure to polycyclic aromatic hydrocarbons,DALYs,2017,2017,134000.0,114000.0,156000.0
4.0,Occupational exposure to silica,DALYs,2017,2017,1590000.0,870000.0,2330000.0
4.0,Occupational exposure to sulphuric acid,DALYs,2017,2017,124000.0,53000.0,224000.0
4.0,Occupational exposure to trichloroethylene,DALYs,2017,2017,2000.0,0.0,3000.0
3.0,Occupational asthmagens,DALYs,2017,2017,1910000.0,1500000.0,2410000.0
3.0,"Occupational particulate matter, gases, and fumes",DALYs,2017,2017,12100000.0,10200000.0,13900000.0
3.0,Occupational noise,DALYs,2017,2017,5980000.0,4080000.0,8430000.0
3.0,Occupational injuries,DALYs,2017,2017,21100000.0,19200000.0,23500000.0
3.0,Occupational ergonomic factors,DALYs,2017,2017,15900000.0,11200000.0,21800000.0
1.0,Behavioural risks,DALYs,2017,2017,913000000.0,863000000.0,961000000.0
2.0,Child and maternal malnutrition,DALYs,2017,2017,327000000.0,303000000.0,352000000.0
3.0,Suboptimal breastfeeding,DALYs,2017,2017,15000000.0,11700000.0,18600000.0
4.0,Non-exclusive breastfeeding,DALYs,2017,2017,14200000.0,11000000.0,17800000.0
4.0,Discontinued breastfeeding,DALYs,2017,2017,931000.0,322000.0,1630000.0
3.0,Child growth failure,DALYs,2017,2017,100000000.0,89800000.0,110000000.0
4.0,Child underweight,DALYs,2017,2017,32400000.0,28000000.0,39500000.0
4.0,Child wasting,DALYs,2017,2017,91000000.0,75400000.0,104000000.0
4.0,Child stunting,DALYs,2017,2017,19400000.0,9070000.0,34600000.0
3.0,Low birth weight and short gestation,DALYs,2017,2017,178000000.0,169000000.0,187000000.0
4.0,Short gestation,DALYs,2017,2017,139000000.0,131000000.0,147000000.0
4.0,Low birth weight for gestation,DALYs,2017,2017,110000000.0,103000000.0,117000000.0
3.0,Iron deficiency,DALYs,2017,2017,33700000.0,23200000.0,47200000.0
3.0,Vitamin A deficiency,DALYs,2017,2017,29000000.0,23000000.0,35600000.0
3.0,Zinc deficiency,DALYs,2017,2017,2580000.0,235000.0,6750000.0
2.0,Tobacco,DALYs,2017,2017,213000000.0,201000000.0,227000000.0
3.0,Smoking,DALYs,2017,2017,182000000.0,173000000.0,193000000.0
3.0,Chewing tobacco,DALYs,2017,2017,1890000.0,1530000.0,2270000.0
3.0,Second-hand smoke,DALYs,2017,2017,36300000.0,28600000.0,45100000.0
2.0,High alcohol use,DALYs,2017,2017,108000000.0,96200000.0,120000000.0
2.0,Drug use,DALYs,2017,2017,41700000.0,35300000.0,48200000.0
2.0,Dietary risks,DALYs,2017,2017,255000000.0,234000000.0,274000000.0
3.0,Diet low in fruits,DALYs,2017,2017,64800000.0,40600000.0,92000000.0
3.0,Diet low in vegetables,DALYs,2017,2017,34200000.0,17700000.0,55700000.0
3.0,Diet low in legumes,DALYs,2017,2017,11000000.0,4390000.0,18700000.0
3.0,Diet low in whole grains,DALYs,2017,2017,82500000.0,59000000.0,109000000.0
3.0,Diet low in nuts and seeds,DALYs,2017,2017,49900000.0,33100000.0,68000000.0
3.0,Diet low in milk,DALYs,2017,2017,2720000.0,965000.0,4730000.0
3.0,Diet high in red meat,DALYs,2017,2017,1310000.0,508000.0,2250000.0
3.0,Diet high in processed meat,DALYs,2017,2017,3570000.0,1260000.0,6770000.0
3.0,Diet high in sugar sweetened beverages,DALYs,2017,2017,4450000.0,1490000.0,7700000.0
3.0,Diet low in fiber,DALYs,2017,2017,19900000.0,11600000.0,30400000.0
3.0,Diet low in calcium,DALYs,2017,2017,3890000.0,2450000.0,5480000.0
3.0,Diet low in seafood omega-3 fatty acids,DALYs,2017,2017,32400000.0,15200000.0,52700000.0
3.0,Diet low in polyunsaturated fatty acids,DALYs,2017,2017,17900000.0,7770000.0,29000000.0
3.0,Diet high in trans fatty acids,DALYs,2017,2017,6160000.0,1870000.0,13800000.0
3.0,Diet high in sodium,DALYs,2017,2017,70400000.0,33600000.0,118000000.0
2.0,Intimate partner violence,DALYs,2017,2017,6700000.0,5150000.0,8580000.0
3.0,Childhood sexual abuse,DALYs,2017,2017,2700000.0,1900000.0,3690000.0
3.0,Bullying victimization,DALYs,2017,2017,2570000.0,1540000.0,3970000.0
2.0,Unsafe sex,DALYs,2017,2017,50200000.0,47100000.0,53400000.0
2.0,Low physical activity,DALYs,2017,2017,23700000.0,12500000.0,37300000.0
1.0,Metabolic risks,DALYs,2017,2017,423000000.0,386000000.0,462000000.0
2.0,High fasting plasma glucose,DALYs,2017,2017,171000000.0,144000000.0,201000000.0
2.0,High LDL cholesterol*,DALYs,2017,2017,94900000.0,78800000.0,112000000.0
2.0,High systolic blood pressure,DALYs,2017,2017,218000000.0,198000000.0,237000000.0
2.0,High body-mass index,DALYs,2017,2017,148000000.0,98600000.0,202000000.0
2.0,Low bone mineral density,DALYs,2017,2017,10300000.0,8690000.0,12200000.0
2.0,Kidney dysfunction*,DALYs,2017,2017,61300000.0,56900000.0,66100000.0
,"Unsafe water, sanitation, and handwashing",Deaths,2019,1990,3222410.98874355,2543089.60030713,3961338.19543303
,Unsafe water source,Deaths,2019,1990,2442070.51157604,1764954.24356193,3147027.73973833
,Unsafe sanitation,Deaths,2019,1990,1836464.66072466,1390570.71524171,2325097.36264733
,Air pollution,Deaths,2019,1990,6501226.49655223,5772178.59195066,7234914.79798285
,Ambient particulate matter pollution,Deaths,2019,1990,2047171.05579335,1454741.95524915,2739854.26722431
,Household air pollution from solid fuels,Deaths,2019,1990,4358214.21784577,3331292.45033969,5398691.87937964
,Ambient ozone pollution,Deaths,2019,1990,207378.798431727,93516.5722540921,331862.41417202
,Other environmental risks,Deaths,2019,1990,577407.554537278,357499.470890119,833333.99235733
,Residential radon,Deaths,2019,1990,47566.2253296859,9344.36867892793,91557.8008690818
,Lead exposure,Deaths,2019,1990,529841.329207591,312631.437626964,772025.108430174
,Child and maternal malnutrition,Deaths,2019,1990,7263623.76339251,6677775.49399482,7942657.45918448
,Suboptimal breastfeeding,Deaths,2019,1990,532453.254511651,393563.120721485,668369.533508748
,Child underweight,Deaths,2019,1990,1507948.1838376,1191892.21286854,1928445.6328638
,Iron deficiency,Deaths,2019,1990,73461.0649566739,27234.9495513852,117529.185033364
,Vitamin A deficiency,Deaths,2019,1990,207555.220862751,19446.1806277727,443061.083630686
,Zinc deficiency,Deaths,2019,1990,17923.8746980456,5906.55440700873,35228.2027906134
,Tobacco,Deaths,2019,1990,6773843.91638612,6391005.63182429,7111270.6371934
,Smoking,Deaths,2019,1990,5868489.84821513,5578075.04027595,6152893.87614842
,Second-hand smoke,Deaths,2019,1990,1161963.06647488,878273.828842827,1431846.09357162
,High alcohol use,Deaths,2019,1990,1639872.22304081,1442376.95071884,1845201.56157305
,Drug use,Deaths,2019,1990,235888.01865088,204780.770273392,270952.363256635
,Metabolic risks,Deaths,2019,1990,10668700.7921349,9847018.92210287,11512766.3712629
,High fasting plasma glucose,Deaths,2019,1990,2910089.18033946,2340615.78764699,3753672.44106642
,High systolic blood pressure,Deaths,2019,1990,6787714.62929663,6072706.19096238,7495916.82386713
,High body-mass index,Deaths,2019,1990,2198129.88304132,1205501.07245582,3432157.41945
,Low bone mineral density,Deaths,2019,1990,207366.968755339,179507.513118039,226354.519100257
,Dietary risks,Deaths,2019,1990,5415548.72308529,4518114.17481901,6515335.42237389
,Diet low in fruits,Deaths,2019,1990,795603.377974794,560616.418530244,1034800.52327582
,Diet low in vegetables,Deaths,2019,1990,466446.926107518,293786.258811235,638090.196213895
,Diet low in whole grains,Deaths,2019,1990,1178221.76858197,579628.416104077,1474656.77806127
,Diet low in nuts and seeds,Deaths,2019,1990,431073.695254105,236724.211125496,575081.701424777
,Diet low in milk,Deaths,2019,1990,72199.1130869286,44384.4179620642,99966.069365065
,Diet high in red meat,Deaths,2019,1990,577812.938807975,327409.02157995,817089.16110407
,Diet high in processed meat,Deaths,2019,1990,226014.720708544,81655.9316193291,368740.664734905
,Diet high in sugar sweetened beverages,Deaths,2019,1990,149988.403208355,110277.961185754,182946.583158573
,Diet low in fiber,Deaths,2019,1990,515405.300304098,291476.700972648,749518.143682231
,Diet low in seafood omega-3 fatty acids,Deaths,2019,1990,215503.36677639,103295.347226448,275866.516885057
,Diet low in polyunsaturated fatty acids,Deaths,2019,1990,225989.539577101,31750.308189385,457718.446228358
,Diet high in trans fatty acids,Deaths,2019,1990,462212.832588015,51698.0429841372,614453.22989915
,Diet high in sodium,Deaths,2019,1990,1320337.95487088,412332.448538707,2796873.51381065
,Low physical activity,Deaths,2019,1990,452167.46855565,216170.451727284,847599.531612293
,Occupational risks,Deaths,2019,1990,1138578.52164678,1017534.36706198,1248015.82748421
,Occupational carcinogens,Deaths,2019,1990,211987.951821743,170472.672735072,254361.158113386
,Occupational asthmagens,Deaths,2019,1990,39179.4843025633,28162.7760214701,52927.2794712542
,"Occupational particulate matter, gases, and fumes",Deaths,2019,1990,443564.63945714,345330.354684811,525451.045857246
,Occupational injuries,Deaths,2019,1990,443846.446065335,403847.619236327,490306.217017247
,Sexual violence against children,Deaths,2019,1990,10621.7749244442,1396.04729592845,24462.5476770006
,Intimate partner violence,Deaths,2019,1990,47769.9730544422,32247.2675310096,67436.9018894194
,Non-exclusive breastfeeding,Deaths,2019,1990,505469.653241903,371093.526472276,634667.884796981
,Discontinued breastfeeding,Deaths,2019,1990,33106.1587803355,10958.2635411641,58778.1351688268
,Diet low in calcium,Deaths,2019,1990,63708.6905775279,46056.7840546638,87779.2326080313
,Occupational exposure to asbestos,Deaths,2019,1990,144479.395347068,107158.026619162,182088.964847512
,Occupational exposure to arsenic,Deaths,2019,1990,5458.06087716687,454.263877325189,10416.3541124412
,Occupational exposure to benzene,Deaths,2019,1990,1203.16503857367,393.748111786916,1975.92951018643
,Occupational exposure to beryllium,Deaths,2019,1990,134.65618918771,106.952400060778,163.042493940536
,Occupational exposure to cadmium,Deaths,2019,1990,316.390108710956,257.958135752723,378.87208318957
,Occupational exposure to chromium,Deaths,2019,1990,640.130225572089,559.23091552574,728.035186425442
,Occupational exposure to diesel engine exhaust,Deaths,2019,1990,8036.30024090553,6835.81576324327,9350.72447089971
,Occupational exposure to formaldehyde,Deaths,2019,1990,798.702099997312,638.645780162049,972.087128149783
,Occupational exposure to nickel,Deaths,2019,1990,5248.07610625336,-330.2176931488,15285.0748574162
,Occupational exposure to polycyclic aromatic hydrocarbons,Deaths,2019,1990,2251.51717462046,1872.25097057461,2663.49348529103
,Occupational exposure to silica,Deaths,2019,1990,45775.8509997664,26761.319779108,64730.7924908183
,Occupational exposure to sulphuric acid,Deaths,2019,1990,2801.14710370531,1179.43538227175,5106.08363850892
,All risk factors,Deaths,2019,1990,28622733.2365529,27546304.7022241,29691157.7555596
,Unsafe sex,Deaths,2019,1990,429991.810663799,356198.088379385,533205.553040448
,Environmental/occupational risks,Deaths,2019,1990,11618099.3987991,10747185.0392289,12544396.9082393
,Behavioural risks,Deaths,2019,1990,19983354.0678307,18967841.7746775,21135277.6351716
,Occupational exposure to trichloroethylene,Deaths,2019,1990,24.6626686144042,5.45705693863709,45.893472524691
,No access to handwashing facility,Deaths,2019,1990,1200094.05963559,854112.249405381,1553293.8952749
,Child growth failure,Deaths,2019,1990,3903003.71436366,3449044.27741209,4422977.15968246
,Child wasting,Deaths,2019,1990,3430421.95013563,2851236.83131452,4125929.19116904
,Child stunting,Deaths,2019,1990,833448.569648841,434318.136121009,1395784.41796578
,Non-optimal temperature,Deaths,2019,1990,1481498.33190658,1286223.48243201,1729508.761497
,Chewing tobacco,Deaths,2019,1990,24823.7347408355,19741.9792175309,30454.62767271
,Diet low in legumes,Deaths,2019,1990,803615.912836231,209793.940271198,1289369.36398663
,Short gestation,Deaths,2019,1990,2491339.67190505,2321984.29471488,2685255.4865569
,Low birth weight,Deaths,2019,1990,3033425.46304156,2823414.54849698,3253233.64107728
,High temperature,Deaths,2019,1990,206050.03483957,136533.82300026,402274.125961837
,Low temperature,Deaths,2019,1990,1276642.55922948,1092813.56920753,1461239.97042427
,Low birth weight and short gestation,Deaths,2019,1990,3167605.31902128,2947281.50377412,3400387.06550789
,Kidney dysfunction*,Deaths,2019,1990,1571719.65073178,1344419.57544366,1805598.07757969
,High LDL cholesterol*,Deaths,2019,1990,3002610.92948579,2350832.37219812,3761875.13043894
,Particulate matter pollution,Deaths,2019,1990,6405385.27363912,5670750.46476986,7139644.82832234
,Sexual violence against children and bullying,Deaths,2019,1990,10621.7749244442,1396.04729592845,24462.5476770006
,"Unsafe water, sanitation, and handwashing",Deaths,2019,2005,2351509.53936613,1878300.06933166,3025080.39473348
,Unsafe water source,Deaths,2019,2005,1767661.99827251,1300504.97535327,2327652.25132504
,Unsafe sanitation,Deaths,2019,2005,1258381.12118912,990908.859388735,1648271.11112073
,Air pollution,Deaths,2019,2005,6556779.20936398,5884252.09143584,7244412.51063254
,Ambient particulate matter pollution,Deaths,2019,2005,2912992.25824473,2248785.68420596,3537229.89363089
,Household air pollution from solid fuels,Deaths,2019,2005,3479178.85584566,2598447.69694441,4388190.53964717
,Ambient ozone pollution,Deaths,2019,2005,301659.933883416,138922.020308617,468804.044576039
,Other environmental risks,Deaths,2019,2005,790191.921023606,503627.324403584,1111145.40382018
,Residential radon,Deaths,2019,2005,63107.4135281514,12405.8376223457,121110.928685965
,Lead exposure,Deaths,2019,2005,727084.507495454,452239.320536481,1035664.89180201
,Child and maternal malnutrition,Deaths,2019,2005,4953802.64675433,4480495.40111845,5441079.05467868
,Suboptimal breastfeeding,Deaths,2019,2005,304283.092072567,222193.244820974,386845.149803378
,Child underweight,Deaths,2019,2005,782406.630018616,623616.20311728,983863.649425735
,Iron deficiency,Deaths,2019,2005,61119.0517908135,22723.0092023279,98567.7302109416
,Vitamin A deficiency,Deaths,2019,2005,95847.2619828256,9367.85006192058,201196.601658665
,Zinc deficiency,Deaths,2019,2005,9750.13472817991,3467.69040254532,19212.578134544
,Tobacco,Deaths,2019,2005,7829610.36949517,7498949.37480991,8148955.22477574
,Smoking,Deaths,2019,2005,6955588.1780015,6698554.40515769,7230464.68405747
,Second-hand smoke,Deaths,2019,2005,1155247.87209637,891769.072051854,1406088.19798852
,High alcohol use,Deaths,2019,2005,2184611.08882084,1944576.63714846,2451885.10326293
,Drug use,Deaths,2019,2005,416768.619794194,373166.024553618,463046.654111301
,Metabolic risks,Deaths,2019,2005,14097809.4533627,12966704.4227273,15210818.2673462
,High fasting plasma glucose,Deaths,2019,2005,4562010.37438424,3650950.71065328,5808520.61631362
,High systolic blood pressure,Deaths,2019,2005,8549944.15354547,7600989.62059065,9460532.81529527
,High body-mass index,Deaths,2019,2005,3394895.87600873,2039842.74228008,4984815.79416874
,Low bone mineral density,Deaths,2019,2005,311015.898806385,263404.804320562,344456.348934339
,Dietary risks,Deaths,2019,2005,6543863.45301877,5415451.0463585,7965124.16366027
,Diet low in fruits,Deaths,2019,2005,946126.080387238,653641.048970977,1231477.24401193
,Diet low in vegetables,Deaths,2019,2005,447856.508040657,287936.236106249,606553.972630744
,Diet low in whole grains,Deaths,2019,2005,1485084.86274045,737403.755785648,1857334.21819018
,Diet low in nuts and seeds,Deaths,2019,2005,502568.577961668,271259.341780641,685607.105532318
,Diet low in milk,Deaths,2019,2005,108719.918765353,68718.8844977939,148913.56564791
,Diet high in red meat,Deaths,2019,2005,718991.385500514,419674.599948708,1004743.55898498
,Diet high in processed meat,Deaths,2019,2005,274742.740346723,115131.137300127,439065.641976868
,Diet high in sugar sweetened beverages,Deaths,2019,2005,190188.921894597,140281.567287369,231701.516613791
,Diet low in fiber,Deaths,2019,2005,603083.736770021,338996.591796349,871851.871367175
,Diet low in seafood omega-3 fatty acids,Deaths,2019,2005,266033.799710453,121161.433484146,342006.079445774
,Diet low in polyunsaturated fatty acids,Deaths,2019,2005,281259.704602141,36716.0983475148,572849.236819275
,Diet high in trans fatty acids,Deaths,2019,2005,537396.614242713,58922.0192841657,717390.572884009
,Diet high in sodium,Deaths,2019,2005,1556959.74063041,416680.861817466,3426896.13120274
,Low physical activity,Deaths,2019,2005,604191.267027115,313579.399848278,1089850.81038524
,Occupational risks,Deaths,2019,2005,1173890.96740799,1064583.55896199,1288986.45236999
,Occupational carcinogens,Deaths,2019,2005,269940.003275465,217564.16818363,323687.771119175
,Occupational asthmagens,Deaths,2019,2005,36980.1528225879,28714.3408528383,48614.934190319
,"Occupational particulate matter, gases, and fumes",Deaths,2019,2005,488139.055809418,398540.234802321,581850.396678491
,Occupational injuries,Deaths,2019,2005,378831.75550052,353358.435991944,408877.060664286
,Sexual violence against children,Deaths,2019,2005,15705.1463038637,2090.35013929361,35947.062894886
,Intimate partner violence,Deaths,2019,2005,184473.16160967,104895.094722979,280917.870596929
,Non-exclusive breastfeeding,Deaths,2019,2005,291328.795309588,212094.319962451,374458.784785883
,Discontinued breastfeeding,Deaths,2019,2005,15559.7252244267,5122.16622509608,27651.870267084
,Diet low in calcium,Deaths,2019,2005,98466.9117676348,71329.7746484492,133971.338296007
,Occupational exposure to asbestos,Deaths,2019,2005,185588.94828394,139420.598843125,232872.327607738
,Occupational exposure to arsenic,Deaths,2019,2005,7172.64562428172,904.358517236609,13439.1833380528
,Occupational exposure to benzene,Deaths,2019,2005,1541.91036375736,480.172165796052,2519.50393513563
,Occupational exposure to beryllium,Deaths,2019,2005,204.865407992713,170.303899114996,243.128922966405
,Occupational exposure to cadmium,Deaths,2019,2005,479.173320987036,401.133565492602,561.369244275066
,Occupational exposure to chromium,Deaths,2019,2005,983.340733712807,868.583081842207,1106.54471713905
,Occupational exposure to diesel engine exhaust,Deaths,2019,2005,12591.4136228611,11103.1356804992,14368.9205412721
,Occupational exposure to formaldehyde,Deaths,2019,2005,970.599111125983,780.34977969791,1171.87656604765
,Occupational exposure to nickel,Deaths,2019,2005,6913.42096000675,136.380971837334,18863.5671315855
,Occupational exposure to polycyclic aromatic hydrocarbons,Deaths,2019,2005,3456.73551327465,2964.76238767455,4027.9828410017
,Occupational exposure to silica,Deaths,2019,2005,53255.0270957288,29910.8551940351,76162.1446950851
,Occupational exposure to sulphuric acid,Deaths,2019,2005,3151.68297054967,1318.79712906061,5780.89881450203
,All risk factors,Deaths,2019,2005,32206853.1993198,30970035.7101366,33362429.7139126
,Unsafe sex,Deaths,2019,2005,1660755.02035013,1349677.71357751,2014235.2514541
,Environmental/occupational risks,Deaths,2019,2005,11312628.8290715,10472626.5538945,12154136.3811458
,Behavioural risks,Deaths,2019,2005,21690037.9232576,20442942.2339284,22951233.3146839
,Occupational exposure to trichloroethylene,Deaths,2019,2005,45.6311650536218,10.0189864254609,85.0020430827495
,No access to handwashing facility,Deaths,2019,2005,897688.10276686,647741.086382677,1168494.94260449
,Child growth failure,Deaths,2019,2005,2200364.04619921,1902690.95205818,2521078.35531008
,Child wasting,Deaths,2019,2005,1968104.94971695,1633969.18733869,2344333.04765151
,Child stunting,Deaths,2019,2005,445544.483190646,232206.954013444,742446.987837881
,Non-optimal temperature,Deaths,2019,2005,1678907.23279047,1478093.99480381,1908128.30462532
,Chewing tobacco,Deaths,2019,2005,36618.2948415149,29524.9833717733,44381.2713555636
,Diet low in legumes,Deaths,2019,2005,924937.735670254,225273.17306337,1501708.6102417
,Short gestation,Deaths,2019,2005,2082777.33928686,1909452.5192096,2260058.28699862
,Low birth weight,Deaths,2019,2005,2506095.28771116,2294483.69755518,2717498.77176036
,High temperature,Deaths,2019,2005,250630.295388659,178048.825997727,398641.544826031
,Low temperature,Deaths,2019,2005,1430460.22339833,1230445.91918641,1635359.22653613
,Low birth weight and short gestation,Deaths,2019,2005,2634305.60273817,2413225.07391956,2855422.20511226
,Kidney dysfunction*,Deaths,2019,2005,2289041.68742111,1974133.32794768,2611323.30442598
,High LDL cholesterol*,Deaths,2019,2005,3537654.6675436,2728809.71417448,4485473.26684781
,Particulate matter pollution,Deaths,2019,2005,6392171.1140904,5720996.91351622,7081739.34498185
,Sexual violence against children and bullying,Deaths,2019,2005,15705.1463038637,2090.35013929361,35947.062894886
,"Unsafe water, sanitation, and handwashing",Deaths,2019,2010,2118273.07944433,1647317.6105965,2762455.01329816
,Unsafe water source,Deaths,2019,2010,1592303.17649971,1154899.07144639,2108629.82185673
,Unsafe sanitation,Deaths,2019,2010,1112207.93657452,860717.16500028,1496285.67524602
,Air pollution,Deaths,2019,2010,6576174.24594865,5913772.55634913,7245742.0878529
,Ambient particulate matter pollution,Deaths,2019,2010,3359355.03026362,2716139.11369858,3990022.07697854
,Household air pollution from solid fuels,Deaths,2019,2010,3038651.26257003,2239153.64450995,3895004.75211634
,Ambient ozone pollution,Deaths,2019,2010,314441.933623675,147730.281119223,493261.013231533
,Other environmental risks,Deaths,2019,2010,861956.15949506,554630.479336391,1207462.70381007
,Residential radon,Deaths,2019,2010,69755.5402309307,13636.5827421689,135141.609648459
,Lead exposure,Deaths,2019,2010,792200.619264129,492994.435224557,1122229.88953174
,Child and maternal malnutrition,Deaths,2019,2010,4234792.8739355,3808622.42163805,4715277.91565697
,Suboptimal breastfeeding,Deaths,2019,2010,248723.471360167,184180.524031635,315626.475016945
,Child underweight,Deaths,2019,2010,587949.788654316,481508.723437221,720091.484347214
,Iron deficiency,Deaths,2019,2010,54115.1604832839,20377.6114657276,87435.1153506164
,Vitamin A deficiency,Deaths,2019,2010,59766.8386950549,5945.98460359683,124591.298092921
,Zinc deficiency,Deaths,2019,2010,7029.82153092683,2259.95383598615,14184.907147862
,Tobacco,Deaths,2019,2010,7913628.00822306,7555777.28578668,8265709.82261405
,Smoking,Deaths,2019,2010,7030931.78077933,6750219.78197585,7318056.73595983
,Second-hand smoke,Deaths,2019,2010,1156228.93768289,894191.855521404,1406865.377977
,High alcohol use,Deaths,2019,2010,2249855.03429969,2005874.67087709,2515031.42450295
,Drug use,Deaths,2019,2010,420751.776713235,381551.992920829,466102.556481209
,Metabolic risks,Deaths,2019,2010,15284505.9685916,14066458.1437991,16468570.6422791
,High fasting plasma glucose,Deaths,2019,2010,5059340.26360935,4023511.78863647,6474406.21673526
,High systolic blood pressure,Deaths,2019,2010,9181355.47795726,8153754.39042099,10184394.6970535
,High body-mass index,Deaths,2019,2010,3798179.41108766,2336452.56020533,5494821.44813162
,Low bone mineral density,Deaths,2019,2010,346141.373549022,291582.960114297,383751.543333874
,Dietary risks,Deaths,2019,2010,6849228.6372883,5639334.18335208,8385460.07523849
,Diet low in fruits,Deaths,2019,2010,950118.617125571,655664.087553914,1244581.13263166
,Diet low in vegetables,Deaths,2019,2010,463636.456548436,297083.234985505,627776.222753449
,Diet low in whole grains,Deaths,2019,2010,1569687.18073566,781782.652048125,1968455.23570266
,Diet low in nuts and seeds,Deaths,2019,2010,523175.207608114,282780.172082684,714828.73981481
,Diet low in milk,Deaths,2019,2010,125725.613353493,80853.364804767,171024.500107223
,Diet high in red meat,Deaths,2019,2010,755687.140389403,444163.766000299,1055444.49077388
,Diet high in processed meat,Deaths,2019,2010,272239.001206957,126176.050259458,435463.588377782
,Diet high in sugar sweetened beverages,Deaths,2019,2010,200124.666358014,145085.181528864,245554.341714824
,Diet low in fiber,Deaths,2019,2010,588152.791171184,332225.723119508,855418.896757437
,Diet low in seafood omega-3 fatty acids,Deaths,2019,2010,285928.260865573,132056.984503831,366931.505310115
,Diet low in polyunsaturated fatty acids,Deaths,2019,2010,299075.307762667,38556.4706096594,610439.848735478
,Diet high in trans fatty acids,Deaths,2019,2010,545108.753429852,64910.3861326886,750840.624502714
,Diet high in sodium,Deaths,2019,2010,1644632.50493383,428667.146800293,3600362.10025763
,Low physical activity,Deaths,2019,2010,672214.990022037,349657.98900902,1205803.061216
,Occupational risks,Deaths,2019,2010,1172417.62418877,1053994.72431199,1294720.61703378
,Occupational carcinogens,Deaths,2019,2010,305527.783054809,245425.034906011,366796.300175588
,Occupational asthmagens,Deaths,2019,2010,36287.1497633778,28659.3662823323,47905.3064703127
,"Occupational particulate matter, gases, and fumes",Deaths,2019,2010,480814.10396482,392894.869683307,580972.363152181
,Occupational injuries,Deaths,2019,2010,349788.587405763,324995.401769919,375652.625949965
,Sexual violence against children,Deaths,2019,2010,14139.9478905666,1860.61886796215,32062.9437965778
,Intimate partner violence,Deaths,2019,2010,135964.409951386,81289.6216390395,200628.46269812
,Non-exclusive breastfeeding,Deaths,2019,2010,236921.688710881,173458.528031173,301797.491646106
,Discontinued breastfeeding,Deaths,2019,2010,13947.4637204595,4865.63110134315,24781.1166791026
,Diet low in calcium,Deaths,2019,2010,111362.170234069,79860.323448522,150967.62553056
,Occupational exposure to asbestos,Deaths,2019,2010,213431.536799791,158403.542101941,269180.881965869
,Occupational exposure to arsenic,Deaths,2019,2010,7894.92430207279,1166.02919005018,14438.6718746992
,Occupational exposure to benzene,Deaths,2019,2010,1634.25843896756,512.511769773,2640.99367985514
,Occupational exposure to beryllium,Deaths,2019,2010,233.487284110366,192.148560163642,276.331614883706
,Occupational exposure to cadmium,Deaths,2019,2010,548.626992208994,455.497881977943,641.776305785177
,Occupational exposure to chromium,Deaths,2019,2010,1137.36429526565,1004.1758900113,1278.80119826793
,Occupational exposure to diesel engine exhaust,Deaths,2019,2010,14746.1426726245,12870.3369114335,16919.9934169427
,Occupational exposure to formaldehyde,Deaths,2019,2010,1007.43359885045,818.476822422901,1218.58827391812
,Occupational exposure to nickel,Deaths,2019,2010,7596.77495558496,295.163698787359,20610.6866232293
,Occupational exposure to polycyclic aromatic hydrocarbons,Deaths,2019,2010,4002.27242910739,3361.97663518834,4680.37857676473
,Occupational exposure to silica,Deaths,2019,2010,57093.5041319776,31875.7453784747,82127.4496446303
,Occupational exposure to sulphuric acid,Deaths,2019,2010,3414.76275849808,1445.02761349743,6179.32516642947
,All risk factors,Deaths,2019,2010,32428908.4868141,31249599.6399923,33635390.8818936
,Unsafe sex,Deaths,2019,2010,1312882.51187565,1173619.64758178,1539896.49290755
,Environmental/occupational risks,Deaths,2019,2010,11265850.4746068,10472365.5119639,12076826.5552262
,Behavioural risks,Deaths,2019,2010,21135237.0765499,19936625.3947165,22496869.4695822
,Occupational exposure to trichloroethylene,Deaths,2019,2010,55.9132803913636,12.185965079833,104.452289333916
,No access to handwashing facility,Deaths,2019,2010,809831.715443865,580425.625679588,1060353.94638192
,Child growth failure,Deaths,2019,2010,1733429.69669252,1484796.58337958,2011601.80597963
,Child wasting,Deaths,2019,2010,1583651.15702804,1306404.00740141,1881464.01584652
,Child stunting,Deaths,2019,2010,317920.887796423,165037.138005175,543891.151067002
,Non-optimal temperature,Deaths,2019,2010,1746956.58822795,1543214.89967131,1965603.69321352
,Chewing tobacco,Deaths,2019,2010,41217.5194447471,33023.2097108786,50044.6475692911
,Diet low in legumes,Deaths,2019,2010,967470.964956154,226005.653178998,1579732.96279423
,Short gestation,Deaths,2019,2010,1906558.96204491,1728999.49811597,2095948.04822924
,Low birth weight,Deaths,2019,2010,2281372.73649201,2070819.68581891,2500151.07651072
,High temperature,Deaths,2019,2010,289341.561270924,212582.574223847,435112.228170051
,Low temperature,Deaths,2019,2010,1460419.17368635,1257968.33748375,1669023.32246833
,Low birth weight and short gestation,Deaths,2019,2010,2402531.09611826,2186157.59889993,2636174.17358906
,Kidney dysfunction*,Deaths,2019,2010,2546153.96459712,2195139.93104241,2908462.85446804
,High LDL cholesterol*,Deaths,2019,2010,3746423.46889101,2868603.71922459,4767609.76722413
,Particulate matter pollution,Deaths,2019,2010,6398006.29283365,5755997.9361806,7040024.14551258
,Sexual violence against children and bullying,Deaths,2019,2010,14139.9478905666,1860.61886796215,32062.9437965778
,"Unsafe water, sanitation, and handwashing",Deaths,2019,2007,2289349.83800262,1818212.27427771,2948497.27996756
,Unsafe water source,Deaths,2019,2007,1722904.33227936,1258563.38299863,2276342.57859078
,Unsafe sanitation,Deaths,2019,2007,1219401.38660366,954185.333296537,1610330.18416891
,Air pollution,Deaths,2019,2007,6527584.62445713,5883772.64123073,7191886.8580042
,Ambient particulate matter pollution,Deaths,2019,2007,3032978.27781249,2408012.92304009,3644251.62875455
,Household air pollution from solid fuels,Deaths,2019,2007,3312718.26676023,2486435.19862005,4196685.81506391
,Ambient ozone pollution,Deaths,2019,2007,329685.043007841,156134.351442229,506994.042269343
,Other environmental risks,Deaths,2019,2007,812172.861672505,513815.609486384,1134095.19253627
,Residential radon,Deaths,2019,2007,65053.4528689264,12832.0206167804,125475.117933979
,Lead exposure,Deaths,2019,2007,747119.408803579,463732.248060276,1049594.37229809
,Child and maternal malnutrition,Deaths,2019,2007,4639812.40165086,4194587.69220735,5117864.58989333
,Suboptimal breastfeeding,Deaths,2019,2007,282478.054644285,208574.511107338,356736.552991837
,Child underweight,Deaths,2019,2007,682712.759887818,557944.854299778,843978.642003944
,Iron deficiency,Deaths,2019,2007,57836.8686072885,21622.8752284746,93381.0910418382
,Vitamin A deficiency,Deaths,2019,2007,74707.8233012675,7668.27192998256,152039.554647563
,Zinc deficiency,Deaths,2019,2007,8772.49342824455,3001.53788371611,17094.5899990169
,Tobacco,Deaths,2019,2007,7755724.73136737,7441427.30767154,8096770.03084189
,Smoking,Deaths,2019,2007,6888847.71023873,6643202.10902932,7174037.17811132
,Second-hand smoke,Deaths,2019,2007,1139415.64152817,880800.855755574,1389688.13654821
,High alcohol use,Deaths,2019,2007,2184676.31278692,1947463.92129259,2437557.72767262
,Drug use,Deaths,2019,2007,419032.570400148,377804.150188715,465055.263696317
,Metabolic risks,Deaths,2019,2007,14398952.1401613,13274018.021571,15502477.6796374
,High fasting plasma glucose,Deaths,2019,2007,4721781.99742245,3774177.60915491,6019061.8454284
,High systolic blood pressure,Deaths,2019,2007,8679506.73654046,7721687.51509188,9629632.38417157
,High body-mass index,Deaths,2019,2007,3509283.94355316,2130171.85587331,5111782.98364579
,Low bone mineral density,Deaths,2019,2007,327731.467540126,275187.298669128,363054.541541392
,Dietary risks,Deaths,2019,2007,6571465.5239634,5418449.14594617,8046697.42790592
,Diet low in fruits,Deaths,2019,2007,938621.229025185,651410.90278219,1227008.60058218
,Diet low in vegetables,Deaths,2019,2007,452471.269594389,290626.56274817,612887.794265103
,Diet low in whole grains,Deaths,2019,2007,1498941.57527014,750029.232646116,1873158.0540431
,Diet low in nuts and seeds,Deaths,2019,2007,506273.442681286,273923.950258464,690403.500975634
,Diet low in milk,Deaths,2019,2007,114485.570234645,73470.2897232284,155992.775029474
,Diet high in red meat,Deaths,2019,2007,716597.127825731,417695.933370658,1004523.80318436
,Diet high in processed meat,Deaths,2019,2007,269016.407256766,118873.159124696,430815.897170404
,Diet high in sugar sweetened beverages,Deaths,2019,2007,191274.305610587,141073.669283675,233989.576492418
,Diet low in fiber,Deaths,2019,2007,594814.053488976,336022.986647207,863313.131019
,Diet low in seafood omega-3 fatty acids,Deaths,2019,2007,270800.839039616,124593.445478934,347766.34722116
,Diet low in polyunsaturated fatty acids,Deaths,2019,2007,285055.309908185,37086.7776468209,582462.767381293
,Diet high in trans fatty acids,Deaths,2019,2007,535423.199160271,59702.0400639689,723178.618888395
,Diet high in sodium,Deaths,2019,2007,1555050.54989979,409964.902355857,3438504.22897885
,Low physical activity,Deaths,2019,2007,624275.397161941,326804.151758706,1127978.67295825
,Occupational risks,Deaths,2019,2007,1163658.78646556,1052204.00043242,1276248.35721568
,Occupational carcinogens,Deaths,2019,2007,280723.614140091,226495.77620521,337295.212841593
,Occupational asthmagens,Deaths,2019,2007,37100.9703998483,29008.7032505562,49679.9731025924
,"Occupational particulate matter, gases, and fumes",Deaths,2019,2007,478218.980984087,393094.026448578,573650.650146981
,Occupational injuries,Deaths,2019,2007,367615.220941532,342513.965828687,394482.538650922
,Sexual violence against children,Deaths,2019,2007,15001.9041890421,1991.78431817179,34041.6618855774
,Intimate partner violence,Deaths,2019,2007,166872.962494096,97412.5687310802,250696.878489637
,Non-exclusive breastfeeding,Deaths,2019,2007,270176.994735106,197249.650273037,345318.929946122
,Discontinued breastfeeding,Deaths,2019,2007,14610.4740588225,4865.50398730665,26137.4934512355
,Diet low in calcium,Deaths,2019,2007,102860.337776684,74019.0307563363,140213.515246627
,Occupational exposure to asbestos,Deaths,2019,2007,194081.056560575,144779.080441934,244392.584325635
,Occupational exposure to arsenic,Deaths,2019,2007,7438.97960499418,927.262295429199,13729.5514890128
,Occupational exposure to benzene,Deaths,2019,2007,1572.93547211663,492.063257696172,2561.68234739846
,Occupational exposure to beryllium,Deaths,2019,2007,214.84901377051,178.762963644603,253.461831524678
,Occupational exposure to cadmium,Deaths,2019,2007,503.931689018972,421.771567500929,588.766082552419
,Occupational exposure to chromium,Deaths,2019,2007,1038.781491183,918.000798811385,1154.23727339998
,Occupational exposure to diesel engine exhaust,Deaths,2019,2007,13344.8105900712,11730.0553312587,15263.0311101592
,Occupational exposure to formaldehyde,Deaths,2019,2007,983.583551545452,798.998965898449,1190.66811952592
,Occupational exposure to nickel,Deaths,2019,2007,7154.29482611537,175.086889866134,19342.5023946569
,Occupational exposure to polycyclic aromatic hydrocarbons,Deaths,2019,2007,3652.15351136508,3119.46550176381,4226.44324640867
,Occupational exposure to silica,Deaths,2019,2007,54151.2974406002,29874.8441057412,77874.0780071779
,Occupational exposure to sulphuric acid,Deaths,2019,2007,3235.47565562155,1373.21397675702,5849.83866768782
,All risk factors,Deaths,2019,2007,32028557.2154298,30912649.4254366,33111552.20544
,Unsafe sex,Deaths,2019,2007,1539271.65081509,1313638.36751381,1824688.90201787
,Environmental/occupational risks,Deaths,2019,2007,11226236.4638774,10435447.9564503,12028245.9416744
,Behavioural risks,Deaths,2019,2007,21264374.4034432,20135470.9773156,22535368.7679651
,Occupational exposure to trichloroethylene,Deaths,2019,2007,49.5165287548973,10.9269300051639,91.9558543987489
,No access to handwashing facility,Deaths,2019,2007,875743.53057381,624188.099360311,1143540.13610865
,Child growth failure,Deaths,2019,2007,1984748.92287683,1716043.22201525,2274806.50525818
,Child wasting,Deaths,2019,2007,1801143.89894366,1503416.06124947,2125845.58077612
,Child stunting,Deaths,2019,2007,384634.19726517,198281.502033755,646004.890707009
,Non-optimal temperature,Deaths,2019,2007,1641507.19512125,1452545.42591112,1855911.68887217
,Chewing tobacco,Deaths,2019,2007,38680.7771210611,31141.2056473725,46754.8927049167
,Diet low in legumes,Deaths,2019,2007,931129.282204441,223650.588714025,1517987.6376113
,Short gestation,Deaths,2019,2007,2016232.80131401,1842239.25636091,2196591.17980723
,Low birth weight,Deaths,2019,2007,2420395.17614737,2219561.24532976,2641532.72178707
,High temperature,Deaths,2019,2007,247574.40125781,177028.525766747,393298.067737845
,Low temperature,Deaths,2019,2007,1396121.49743428,1202555.03121608,1595890.56662741
,Low birth weight and short gestation,Deaths,2019,2007,2546165.19013898,2326161.1089179,2775657.09751788
,Kidney dysfunction*,Deaths,2019,2007,2366737.16160796,2039141.00692824,2697036.36291959
,High LDL cholesterol*,Deaths,2019,2007,3566949.24579904,2755730.91944153,4523206.48236511
,Particulate matter pollution,Deaths,2019,2007,6346739.24668578,5721108.5903322,6967671.50232075
,Sexual violence against children and bullying,Deaths,2019,2007,15001.9041890421,1991.78431817179,34041.6618855774
,"Unsafe water, sanitation, and handwashing",Deaths,2019,2006,2328921.68544732,1854832.4316996,2993865.65562104
,Unsafe water source,Deaths,2019,2006,1752216.05269015,1293590.04503182,2326397.8238598
,Unsafe sanitation,Deaths,2019,2006,1243438.88509191,978180.086356804,1638470.12546347
,Air pollution,Deaths,2019,2006,6528813.01442066,5866555.49988551,7143846.02956798
,Ambient particulate matter pollution,Deaths,2019,2006,2951443.89706495,2303638.56989695,3559473.60942747
,Household air pollution from solid fuels,Deaths,2019,2006,3400650.34615846,2567021.56559249,4283561.22418118
,Ambient ozone pollution,Deaths,2019,2006,317242.29728375,148214.937982989,493810.876359375
,Other environmental risks,Deaths,2019,2006,799096.412244365,510949.864426873,1125110.50994081
,Residential radon,Deaths,2019,2006,63655.5845534104,12564.2745749817,123042.176965878
,Lead exposure,Deaths,2019,2006,735440.827690954,458892.627736071,1040699.3121885
,Child and maternal malnutrition,Deaths,2019,2006,4795381.89324262,4342017.62266452,5298609.34328741
,Suboptimal breastfeeding,Deaths,2019,2006,294235.695738516,217183.586266445,375684.773471962
,Child underweight,Deaths,2019,2006,729980.438120765,588441.92634153,912367.566252134
,Iron deficiency,Deaths,2019,2006,59777.5580904386,21946.1126178714,96046.4062354705
,Vitamin A deficiency,Deaths,2019,2006,83527.7777382503,8677.12731981196,172591.464298673
,Zinc deficiency,Deaths,2019,2006,9348.53799176766,3258.53847396452,18514.3456237714
,Tobacco,Deaths,2019,2006,7752459.20579767,7444875.32116767,8070145.57919375
,Smoking,Deaths,2019,2006,6884440.30291716,6638729.48456161,7154792.84545241
,Second-hand smoke,Deaths,2019,2006,1143361.85676121,885910.734781911,1401161.48150004
,High alcohol use,Deaths,2019,2006,2171665.71943257,1934651.89696999,2418952.34052032
,Drug use,Deaths,2019,2006,417386.331126178,376458.094731883,464578.480725852
,Metabolic risks,Deaths,2019,2006,14192320.3196843,13054021.1030017,15304837.4194544
,High fasting plasma glucose,Deaths,2019,2006,4628394.24822257,3714679.06881385,5909431.15577492
,High systolic blood pressure,Deaths,2019,2006,8575737.14716104,7615098.27416365,9468038.52341296
,High body-mass index,Deaths,2019,2006,3435290.43304776,2070141.04653603,5038925.13656905
,Low bone mineral density,Deaths,2019,2006,319113.900697841,269248.226311446,352467.984721506
,Dietary risks,Deaths,2019,2006,6527832.97712088,5406354.38325101,7994363.98665289
,Diet low in fruits,Deaths,2019,2006,938737.409626689,657258.65920095,1225117.30239602
,Diet low in vegetables,Deaths,2019,2006,449660.283190401,287197.895538554,609100.131973986
,Diet low in whole grains,Deaths,2019,2006,1484696.38563024,741715.780068344,1854114.52074486
,Diet low in nuts and seeds,Deaths,2019,2006,501827.563446278,272445.25839458,681966.114700632
,Diet low in milk,Deaths,2019,2006,111144.148951582,70778.6241837489,151398.829381925
,Diet high in red meat,Deaths,2019,2006,712535.5511084,412526.364042811,998466.778696596
,Diet high in processed meat,Deaths,2019,2006,270113.006440691,116659.82124227,431653.988461463
,Diet high in sugar sweetened beverages,Deaths,2019,2006,190137.763321893,140712.643393249,232132.27813532
,Diet low in fiber,Deaths,2019,2006,598285.196479913,338685.027632231,873121.027765783
,Diet low in seafood omega-3 fatty acids,Deaths,2019,2006,267334.857860499,121840.785058273,344727.384862273
,Diet low in polyunsaturated fatty acids,Deaths,2019,2006,281992.081089725,37565.9993402534,573245.424260147
,Diet high in trans fatty acids,Deaths,2019,2006,535836.175677861,58525.2299706262,717863.276044518
,Diet high in sodium,Deaths,2019,2006,1546630.03720369,411655.767279218,3430192.23724824
,Low physical activity,Deaths,2019,2006,612109.899683108,320265.770379827,1110207.67538615
,Occupational risks,Deaths,2019,2006,1164443.19961226,1056576.59737508,1274493.92827685
,Occupational carcinogens,Deaths,2019,2006,273578.440662151,219451.363312264,328531.072041619
,Occupational asthmagens,Deaths,2019,2006,36994.637924973,29240.2208117534,49273.6071800421
,"Occupational particulate matter, gases, and fumes",Deaths,2019,2006,480670.478091141,393515.518206236,574995.711868146
,Occupational injuries,Deaths,2019,2006,373199.642933993,346891.962400104,401181.835218931
,Sexual violence against children,Deaths,2019,2006,15338.7963816658,2037.73044987803,35198.8414640056
,Intimate partner violence,Deaths,2019,2006,177368.22919356,102217.021322151,268081.774305359
,Non-exclusive breastfeeding,Deaths,2019,2006,281709.2162633,205461.85952258,362454.253664775
,Discontinued breastfeeding,Deaths,2019,2006,14967.4311775029,4982.25338918802,26763.3914955631
,Diet low in calcium,Deaths,2019,2006,100319.13011861,72746.2346517821,136839.998822067
,Occupational exposure to asbestos,Deaths,2019,2006,188563.187718946,140657.389192498,236828.87879135
,Occupational exposure to arsenic,Deaths,2019,2006,7272.9634124254,926.846485889194,13597.3873791324
,Occupational exposure to benzene,Deaths,2019,2006,1554.0123406514,484.803403528121,2544.95887862527
,Occupational exposure to beryllium,Deaths,2019,2006,208.752963681577,174.78867649011,247.321502230706
,Occupational exposure to cadmium,Deaths,2019,2006,488.995169972656,413.279210738295,569.938350996751
,Occupational exposure to chromium,Deaths,2019,2006,1006.09385897553,886.149963034308,1130.84281181287
,Occupational exposure to diesel engine exhaust,Deaths,2019,2006,12899.7040206611,11318.6833098845,14678.3321089849
,Occupational exposure to formaldehyde,Deaths,2019,2006,973.80611095026,792.955255045318,1180.45611915975
,Occupational exposure to nickel,Deaths,2019,2006,6998.4216141386,109.501527667649,19055.9715623295
,Occupational exposure to polycyclic aromatic hydrocarbons,Deaths,2019,2006,3536.77210581499,3014.95707374013,4108.0974110869
,Occupational exposure to silica,Deaths,2019,2006,53366.3513420854,29891.832083868,76084.3692421574
,Occupational exposure to sulphuric acid,Deaths,2019,2006,3180.4016613692,1363.61568198731,5771.93879912
,All risk factors,Deaths,2019,2006,32036612.4191925,30860881.7953236,33105096.1028118
,Unsafe sex,Deaths,2019,2006,1614673.87680257,1342127.32066518,1931333.15376276
,Environmental/occupational risks,Deaths,2019,2006,11239159.0659955,10437723.0289536,12071853.1746603
,Behavioural risks,Deaths,2019,2006,21419465.3490252,20237918.1656464,22675166.3301322
,Occupational exposure to trichloroethylene,Deaths,2019,2006,47.4997859632894,10.3790386472726,88.6459010265848
,No access to handwashing facility,Deaths,2019,2006,889970.867256313,638086.779510363,1161112.06719512
,Child growth failure,Deaths,2019,2006,2089773.42413615,1805561.28298864,2400053.62260141
,Child wasting,Deaths,2019,2006,1885926.90017706,1561462.66744835,2236709.6350691
,Child stunting,Deaths,2019,2006,413096.510822199,214656.57882808,687064.380185214
,Non-optimal temperature,Deaths,2019,2006,1624652.18906609,1432621.39864012,1840951.23062071
,Chewing tobacco,Deaths,2019,2006,37561.6621823289,30351.8987556366,45389.086338595
,Diet low in legumes,Deaths,2019,2006,923619.527168222,224163.019748013,1505239.04324457
,Short gestation,Deaths,2019,2006,2050993.28308954,1879868.04031404,2228977.37715001
,Low birth weight,Deaths,2019,2006,2464692.59376337,2258194.82628267,2678633.92207836
,High temperature,Deaths,2019,2006,246376.717158888,176034.853654298,397033.419468282
,Low temperature,Deaths,2019,2006,1380376.97773165,1189230.62114777,1573740.72488052
,Low birth weight and short gestation,Deaths,2019,2006,2591709.82628691,2374628.17506012,2820302.63297544
,Kidney dysfunction*,Deaths,2019,2006,2320600.08581563,2001588.56576322,2642276.38111869
,High LDL cholesterol*,Deaths,2019,2006,3532881.45541464,2727191.66796354,4481247.42033508
,Particulate matter pollution,Deaths,2019,2006,6354964.33187979,5720772.85731824,6990712.33117222
,Sexual violence against children and bullying,Deaths,2019,2006,15338.7963816658,2037.73044987803,35198.8414640056
,"Unsafe water, sanitation, and handwashing",Deaths,2019,2015,1835090.59621868,1361064.72491625,2473822.53803903
,Unsafe water source,Deaths,2019,2015,1363038.08887661,941067.753150553,1910169.25838721
,Unsafe sanitation,Deaths,2019,2015,908873.024010908,662200.310753336,1276546.36767997
,Air pollution,Deaths,2019,2015,6638067.47614591,5925689.87653449,7334853.26852847
,Ambient particulate matter pollution,Deaths,2019,2015,3870691.33739588,3172853.69101969,4486383.37790493
,Household air pollution from solid fuels,Deaths,2019,2015,2584719.39244693,1855193.09686428,3413220.73539108
,Ambient ozone pollution,Deaths,2019,2015,320742.107682046,149242.844196084,499445.267830804
,Other environmental risks,Deaths,2019,2015,931074.832833908,588681.425167071,1305050.6705404
,Residential radon,Deaths,2019,2015,76212.7904678219,15037.9202545595,148151.633522647
,Lead exposure,Deaths,2019,2015,854862.042366087,524721.579741244,1205777.50365361
,Child and maternal malnutrition,Deaths,2019,2015,3544990.58935279,3086294.16047048,4069099.89459812
,Suboptimal breastfeeding,Deaths,2019,2015,190609.284298691,140805.38391391,248440.937929944
,Child underweight,Deaths,2019,2015,446534.090450254,368658.959897307,552838.353803324
,Iron deficiency,Deaths,2019,2015,45726.4306854144,16017.884110225,75449.4630186811
,Vitamin A deficiency,Deaths,2019,2015,34267.4623868582,3685.09243095937,71670.6909046551
,Zinc deficiency,Deaths,2019,2015,4087.3092889367,1122.21616279135,9067.45891424801
,Tobacco,Deaths,2019,2015,8211775.35021209,7810362.66082971,8611646.888448
,Smoking,Deaths,2019,2015,7277056.38502644,6918463.43549217,7636886.29701062
,Second-hand smoke,Deaths,2019,2015,1209810.62295158,934191.213515983,1475626.94957826
,High alcohol use,Deaths,2019,2015,2304268.49380596,2047349.18870315,2595800.87570682
,Drug use,Deaths,2019,2015,452151.184173476,407695.888807265,500377.882226045
,Metabolic risks,Deaths,2019,2015,16910913.0932302,15521945.6399163,18244535.5749699
,High fasting plasma glucose,Deaths,2019,2015,5782270.45930667,4584216.97119033,7406758.46831689
,High systolic blood pressure,Deaths,2019,2015,9999740.22701571,8870263.47047869,11129489.5647838
,High body-mass index,Deaths,2019,2015,4423170.49812183,2786761.4804228,6316285.80490993
,Low bone mineral density,Deaths,2019,2015,395856.802231479,332884.969519808,440360.813300195
,Dietary risks,Deaths,2019,2015,7348201.06323171,6029398.628342,9015955.00355512
,Diet low in fruits,Deaths,2019,2015,983682.002405456,688452.305470626,1273216.64872788
,Diet low in vegetables,Deaths,2019,2015,493268.248018386,314017.938768953,665833.136279709
,Diet low in whole grains,Deaths,2019,2015,1702413.40397041,859547.924106665,2135158.55069291
,Diet low in nuts and seeds,Deaths,2019,2015,551258.671359803,299132.31648396,757171.946677675
,Diet low in milk,Deaths,2019,2015,144370.21166167,92859.728534295,196928.917213836
,Diet high in red meat,Deaths,2019,2015,818192.992116577,486923.9490637,1137196.08075631
,Diet high in processed meat,Deaths,2019,2015,283938.746904201,139799.555470486,453031.703278251
,Diet high in sugar sweetened beverages,Deaths,2019,2015,218892.57914927,156250.194468144,270039.607281201
,Diet low in fiber,Deaths,2019,2015,585404.943653,332677.503773109,853766.644597023
,Diet low in seafood omega-3 fatty acids,Deaths,2019,2015,313039.931520869,146772.61593563,400713.304667228
,Diet low in polyunsaturated fatty acids,Deaths,2019,2015,323048.556505004,41357.9349245539,660140.204498733
,Diet high in trans fatty acids,Deaths,2019,2015,590657.424304026,70384.68591257,808242.635061202
,Diet high in sodium,Deaths,2019,2015,1753288.56817387,445223.571038847,3857775.84928928
,Low physical activity,Deaths,2019,2015,749003.112618574,388312.428979221,1339821.89481435
,Occupational risks,Deaths,2019,2015,1176111.62347158,1056882.15592924,1304788.22986789
,Occupational carcinogens,Deaths,2019,2015,328350.988549315,263536.819230285,394863.508723688
,Occupational asthmagens,Deaths,2019,2015,34898.5364566612,27929.0218233299,43887.6976536472
,"Occupational particulate matter, gases, and fumes",Deaths,2019,2015,489828.581192897,398472.847386661,592317.310469359
,Occupational injuries,Deaths,2019,2015,323033.517272718,299418.796059329,348223.071474131
,Sexual violence against children,Deaths,2019,2015,14462.9580590425,1946.94765049717,32890.4284704867
,Intimate partner violence,Deaths,2019,2015,100169.982385628,62560.9339282482,146607.184112529
,Non-exclusive breastfeeding,Deaths,2019,2015,181113.134687546,131962.826152576,239111.001492541
,Discontinued breastfeeding,Deaths,2019,2015,11324.6871640834,3799.44818365297,20303.5762746246
,Diet low in calcium,Deaths,2019,2015,123486.965495418,88581.2222574461,168812.454206203
,Occupational exposure to asbestos,Deaths,2019,2015,228531.326895722,170240.367138911,286240.083516146
,Occupational exposure to arsenic,Deaths,2019,2015,8647.33567036032,1319.10025939578,15779.8796431841
,Occupational exposure to benzene,Deaths,2019,2015,1712.44556751245,527.299061944131,2809.4943383822
,Occupational exposure to beryllium,Deaths,2019,2015,261.379546592695,212.05272004374,314.561531869322
,Occupational exposure to cadmium,Deaths,2019,2015,614.876262888472,512.231551971541,726.531605149269
,Occupational exposure to chromium,Deaths,2019,2015,1286.03618949035,1121.3018068165,1464.53144698911
,Occupational exposure to diesel engine exhaust,Deaths,2019,2015,16888.1720354252,14739.9338032056,19434.5219195045
,Occupational exposure to formaldehyde,Deaths,2019,2015,1032.72324837899,843.028932491291,1245.42048184817
,Occupational exposure to nickel,Deaths,2019,2015,8298.68716022361,396.542267466085,21747.7946872063
,Occupational exposure to polycyclic aromatic hydrocarbons,Deaths,2019,2015,4529.09076163696,3772.86217528519,5287.73635336188
,Occupational exposure to silica,Deaths,2019,2015,60681.0733560588,33771.2325488549,87666.7058215695
,Occupational exposure to sulphuric acid,Deaths,2019,2015,3705.80464894981,1553.67952203486,6767.50244661962
,All risk factors,Deaths,2019,2015,33435787.8822541,31955245.7023669,34745021.451138
,Unsafe sex,Deaths,2019,2015,1088991.49999889,983275.149241418,1266447.9677488
,Environmental/occupational risks,Deaths,2019,2015,11211521.40669,10403707.8260495,12086757.6317064
,Behavioural risks,Deaths,2019,2015,21102707.588854,19781830.1574145,22637512.7028636
,Occupational exposure to trichloroethylene,Deaths,2019,2015,66.2085107677361,14.547790694339,123.839642133893
,No access to handwashing facility,Deaths,2019,2015,699664.50232712,482934.469154418,927007.720168485
,Child growth failure,Deaths,2019,2015,1347070.54353401,1129238.14213524,1610241.5375419
,Child wasting,Deaths,2019,2015,1244797.76768672,1016534.31987081,1509059.59580588
,Child stunting,Deaths,2019,2015,225277.579338889,109863.38740068,406000.003724933
,Non-optimal temperature,Deaths,2019,2015,1795472.16462078,1584493.31798744,2033586.19975539
,Chewing tobacco,Deaths,2019,2015,47910.1179200844,38420.3643991263,58962.6599393182
,Diet low in legumes,Deaths,2019,2015,1038501.5151722,237181.372617197,1690756.36140443
,Short gestation,Deaths,2019,2015,1691450.50519359,1479110.10561918,1935531.73135745
,Low birth weight,Deaths,2019,2015,2006532.31336051,1754551.7742657,2288430.69819423
,High temperature,Deaths,2019,2015,282914.344782602,203958.173023999,432250.878373162
,Low temperature,Deaths,2019,2015,1515486.77703796,1303590.45004314,1736459.60398746
,Low birth weight and short gestation,Deaths,2019,2015,2118985.35594455,1853648.83131638,2420541.42610327
,Kidney dysfunction*,Deaths,2019,2015,2872135.85349362,2479825.80089167,3276142.21670156
,High LDL cholesterol*,Deaths,2019,2015,4063586.81986659,3104999.88232639,5179822.3230143
,Particulate matter pollution,Deaths,2019,2015,6455410.72984281,5771500.2273589,7134290.99484596
,Sexual violence against children and bullying,Deaths,2019,2015,14462.9580590425,1946.94765049717,32890.4284704867
,"Unsafe water, sanitation, and handwashing",Deaths,2019,2013,1957088.56536034,1484352.34464489,2601681.97539376
,Unsafe water source,Deaths,2019,2013,1461534.50143047,1032275.68618342,2018069.07132138
,Unsafe sanitation,Deaths,2019,2013,1000035.83022708,750064.240445433,1371379.47085382
,Air pollution,Deaths,2019,2013,6619745.82982028,5933213.38181409,7291244.47703472
,Ambient particulate matter pollution,Deaths,2019,2013,3698902.25926512,3040454.90197829,4331628.02733153
,Household air pollution from solid fuels,Deaths,2019,2013,2757444.00975721,2001963.79564338,3599167.39242382
,Ambient ozone pollution,Deaths,2019,2013,310463.41792293,144247.191978208,481491.273909971
,Other environmental risks,Deaths,2019,2013,906139.460701933,584445.790716591,1263579.19154668
,Residential radon,Deaths,2019,2013,73219.9554688793,14500.5165671418,142751.514374036
,Lead exposure,Deaths,2019,2013,832919.505233053,524560.035569061,1178734.21660445
,Child and maternal malnutrition,Deaths,2019,2013,3838076.96147437,3394301.11097102,4350495.19846232
,Suboptimal breastfeeding,Deaths,2019,2013,215450.998276084,160405.148530017,276073.47914105
,Child underweight,Deaths,2019,2013,498589.739907153,410432.884709952,620966.47204209
,Iron deficiency,Deaths,2019,2013,49599.9894959043,18390.4932361766,80936.1939298103
,Vitamin A deficiency,Deaths,2019,2013,43588.3972693178,4379.09133171815,91438.2034126383
,Zinc deficiency,Deaths,2019,2013,5162.40246808882,1580.66957264893,10922.9112945143
,Tobacco,Deaths,2019,2013,8048965.26070101,7665665.55360692,8416940.1492861
,Smoking,Deaths,2019,2013,7141391.42531782,6820566.99233309,7458339.00373336
,Second-hand smoke,Deaths,2019,2013,1180237.74833068,918290.257538826,1434761.23044899
,High alcohol use,Deaths,2019,2013,2258003.14909091,2003198.93283371,2541508.32092022
,Drug use,Deaths,2019,2013,429021.666986594,388542.163666052,476236.146841011
,Metabolic risks,Deaths,2019,2013,16172371.1077672,14819245.4431599,17451227.8456567
,High fasting plasma glucose,Deaths,2019,2013,5467330.96783256,4367687.59826953,7016515.84626855
,High systolic blood pressure,Deaths,2019,2013,9622329.78536998,8536227.15971133,10615107.018812
,High body-mass index,Deaths,2019,2013,4123948.26709091,2583242.42747221,5913000.18291773
,Low bone mineral density,Deaths,2019,2013,373945.921238204,314489.202752862,414432.971314805
,Dietary risks,Deaths,2019,2013,7109074.10359352,5859691.8418583,8688165.34759512
,Diet low in fruits,Deaths,2019,2013,964258.86279768,666709.692444759,1264875.71479468
,Diet low in vegetables,Deaths,2019,2013,479911.441544384,303796.835465497,653283.827309043
,Diet low in whole grains,Deaths,2019,2013,1639467.49387209,820045.802700406,2050989.43025557
,Diet low in nuts and seeds,Deaths,2019,2013,538140.987786518,288626.397863966,736488.27495639
,Diet low in milk,Deaths,2019,2013,136366.99037722,87220.0577548065,185892.588022081
,Diet high in red meat,Deaths,2019,2013,785907.593865882,470429.024442613,1093810.30255654
,Diet high in processed meat,Deaths,2019,2013,275288.069593437,133704.663570303,439192.956626363
,Diet high in sugar sweetened beverages,Deaths,2019,2013,209620.011882578,152037.758844261,258597.500661644
,Diet low in fiber,Deaths,2019,2013,582845.679252658,330802.565893282,857727.283254247
,Diet low in seafood omega-3 fatty acids,Deaths,2019,2013,300911.878964994,140105.165814187,386276.116636505
,Diet low in polyunsaturated fatty acids,Deaths,2019,2013,312684.713815355,40794.3633591194,638002.574569676
,Diet high in trans fatty acids,Deaths,2019,2013,569718.488118864,68735.1654221115,782888.722641179
,Diet high in sodium,Deaths,2019,2013,1705269.826499,448913.097151208,3733642.26499938
,Low physical activity,Deaths,2019,2013,714201.187968899,374220.415445264,1273031.99743833
,Occupational risks,Deaths,2019,2013,1174644.04425701,1054409.13493566,1304559.13546013
,Occupational carcinogens,Deaths,2019,2013,320291.752859635,256791.691249406,385757.163258675
,Occupational asthmagens,Deaths,2019,2013,35316.3325769334,28045.372398981,45264.7273258234
,"Occupational particulate matter, gases, and fumes",Deaths,2019,2013,485544.097670722,395725.760895799,591547.557551434
,Occupational injuries,Deaths,2019,2013,333491.861149725,310138.997393159,360088.123462885
,Sexual violence against children,Deaths,2019,2013,14057.6848521159,1895.61713540056,31362.7485028309
,Intimate partner violence,Deaths,2019,2013,109340.932806882,67105.666017949,160051.07253511
,Non-exclusive breastfeeding,Deaths,2019,2013,203990.50610962,150260.108255631,263218.738929577
,Discontinued breastfeeding,Deaths,2019,2013,13776.1996133519,4876.64825396185,24442.8214884213
,Diet low in calcium,Deaths,2019,2013,118439.664961895,84389.3961277744,161356.750159631
,Occupational exposure to asbestos,Deaths,2019,2013,223951.036455483,167210.692321416,280531.906247347
,Occupational exposure to arsenic,Deaths,2019,2013,8304.99583609734,1264.48170449263,15229.8385946929
,Occupational exposure to benzene,Deaths,2019,2013,1668.52479066177,515.943193764884,2738.33555391195
,Occupational exposure to beryllium,Deaths,2019,2013,249.353450193356,204.051733676782,297.026131739422
,Occupational exposure to cadmium,Deaths,2019,2013,586.632013002273,486.336433573151,692.184667797934
,Occupational exposure to chromium,Deaths,2019,2013,1223.05780839417,1067.99647499083,1378.8495819365
,Occupational exposure to diesel engine exhaust,Deaths,2019,2013,15992.1544530505,13897.9953720848,18362.8081987618
,Occupational exposure to formaldehyde,Deaths,2019,2013,1015.26773241522,823.915908240387,1232.97623539144
,Occupational exposure to nickel,Deaths,2019,2013,7969.21804560436,389.694851958849,21162.9219776465
,Occupational exposure to polycyclic aromatic hydrocarbons,Deaths,2019,2013,4305.30867120275,3602.96250593243,5046.01640255183
,Occupational exposure to silica,Deaths,2019,2013,59055.1371138817,32939.9399067073,84176.3498693074
,Occupational exposure to sulphuric acid,Deaths,2019,2013,3575.23233397238,1499.46586381298,6500.32513390991
,All risk factors,Deaths,2019,2013,32877538.2327128,31524385.902175,34196423.544236
,Unsafe sex,Deaths,2019,2013,1145734.16776198,1032684.89207505,1335071.08759102
,Environmental/occupational risks,Deaths,2019,2013,11244581.9177128,10453359.6088967,12121640.2217009
,Behavioural risks,Deaths,2019,2013,20995577.0770758,19692524.7365807,22405560.2465116
,Occupational exposure to trichloroethylene,Deaths,2019,2013,61.9209421098196,13.639163531044,115.886412299541
,No access to handwashing facility,Deaths,2019,2013,744109.278663214,529452.118099715,980072.627707859
,Child growth failure,Deaths,2019,2013,1502529.78271915,1270504.03185897,1758148.62356231
,Child wasting,Deaths,2019,2013,1379164.80358198,1130574.19975706,1654127.96310183
,Child stunting,Deaths,2019,2013,262374.968973602,132537.937185782,465158.255460988
,Non-optimal temperature,Deaths,2019,2013,1767261.09235079,1557685.79750285,1990728.52844949
,Chewing tobacco,Deaths,2019,2013,44990.799348839,36392.0862977474,54421.8937628616
,Diet low in legumes,Deaths,2019,2013,1004187.52235801,230922.284595742,1639843.62636023
,Short gestation,Deaths,2019,2013,1790700.57617605,1589903.11184993,2010301.99093223
,Low birth weight,Deaths,2019,2013,2131727.99722932,1907423.97821408,2390610.85312013
,High temperature,Deaths,2019,2013,258064.588826385,186325.95537112,407422.413105514
,Low temperature,Deaths,2019,2013,1512183.30761913,1303847.27658561,1730925.89763256
,Low birth weight and short gestation,Deaths,2019,2013,2248018.87301166,2007774.38489022,2526240.72943014
,Kidney dysfunction*,Deaths,2019,2013,2731127.16812583,2365190.66170695,3111701.36658678
,High LDL cholesterol*,Deaths,2019,2013,3909372.41623445,3004732.0838845,4961177.27119876
,Particulate matter pollution,Deaths,2019,2013,6443864.4445724,5777888.60033324,7098082.18229828
,Sexual violence against children and bullying,Deaths,2019,2013,14057.6848521159,1895.61713540056,31362.7485028309
,"Unsafe water, sanitation, and handwashing",Deaths,2019,2017,1770143.13626557,1305237.33554957,2427187.14945492
,Unsafe water source,Deaths,2019,2017,1319413.53211489,895618.711230449,1888397.36228051
,Unsafe sanitation,Deaths,2019,2017,851325.535358411,616199.747792622,1202476.76031449
,Air pollution,Deaths,2019,2017,6564254.58303976,5853565.29939359,7316206.40388086
,Ambient particulate matter pollution,Deaths,2019,2017,3882444.11503387,3216383.93428578,4541427.06947574
,Household air pollution from solid fuels,Deaths,2019,2017,2474178.74865508,1761373.74157234,3311208.82402485
,Ambient ozone pollution,Deaths,2019,2017,355641.70700984,170003.449024918,539711.351557328
,Other environmental risks,Deaths,2019,2017,955780.584114529,598783.037064812,1345060.31898596
,Residential radon,Deaths,2019,2017,79067.5707710954,15697.1984769052,153126.307916583
,Lead exposure,Deaths,2019,2017,876713.013343434,538485.63170571,1253709.63600057
,Child and maternal malnutrition,Deaths,2019,2017,3225285.48291372,2760222.67731138,3794928.7851558
,Suboptimal breastfeeding,Deaths,2019,2017,168459.040040491,122342.389176168,220591.671413544
,Child underweight,Deaths,2019,2017,405175.985142464,332978.989348387,498432.899761052
,Iron deficiency,Deaths,2019,2017,43314.3741438037,15267.0302277071,70892.921015041
,Vitamin A deficiency,Deaths,2019,2017,28132.9877248427,3110.03373569777,57822.1232823938
,Zinc deficiency,Deaths,2019,2017,3469.4899250395,872.567835086129,7878.54019605889
,Tobacco,Deaths,2019,2017,8392947.09994972,7910269.76418571,8908952.67144457
,Smoking,Deaths,2019,2017,7427967.82518319,6973739.65165941,7908514.67682503
,Second-hand smoke,Deaths,2019,2017,1243584.38842454,973920.466542805,1508561.08269211
,High alcohol use,Deaths,2019,2017,2355671.41613008,2073493.00355533,2663674.65880342
,Drug use,Deaths,2019,2017,472655.737032289,425669.354498133,524969.888333891
,Metabolic risks,Deaths,2019,2017,17614801.212681,16087704.3520176,19095239.1990096
,High fasting plasma glucose,Deaths,2019,2017,6001404.28962888,4789535.69953581,7653091.08987396
,High systolic blood pressure,Deaths,2019,2017,10351720.664193,9099456.54858631,11507770.2151569
,High body-mass index,Deaths,2019,2017,4683247.48173154,2971021.18326521,6659109.07099878
,Low bone mineral density,Deaths,2019,2017,414523.809392725,344907.787600158,465612.340744764
,Dietary risks,Deaths,2019,2017,7593120.5259556,6185110.46874023,9361285.13187029
,Diet low in fruits,Deaths,2019,2017,1008137.64096957,700265.664318116,1315392.14105606
,Diet low in vegetables,Deaths,2019,2017,508659.450203243,321463.044108502,689645.65366038
,Diet low in whole grains,Deaths,2019,2017,1758037.0030606,875972.242410707,2201388.94487741
,Diet low in nuts and seeds,Deaths,2019,2017,561009.544952107,308579.770324317,770407.452268063
,Diet low in milk,Deaths,2019,2017,153704.0416635,98702.7583729436,207161.114708819
,Diet high in red meat,Deaths,2019,2017,850493.172044652,513421.686600693,1179384.93124294
,Diet high in processed meat,Deaths,2019,2017,290760.546964171,145645.496384415,462481.513003227
,Diet high in sugar sweetened beverages,Deaths,2019,2017,229870.242807113,162665.965269952,284763.374909263
,Diet low in fiber,Deaths,2019,2017,592102.904658702,336366.809554082,861020.837248664
,Diet low in seafood omega-3 fatty acids,Deaths,2019,2017,325276.558020079,156868.229643263,419086.512017352
,Diet low in polyunsaturated fatty acids,Deaths,2019,2017,332203.833700116,43421.1751465577,679060.900065826
,Diet high in trans fatty acids,Deaths,2019,2017,612683.120389941,73604.4777865762,837562.433737765
,Diet high in sodium,Deaths,2019,2017,1811392.22768011,460938.754268764,4015930.0601877
,Low physical activity,Deaths,2019,2017,798187.108927348,414404.920983282,1439591.74535157
,Occupational risks,Deaths,2019,2017,1189547.12573951,1059143.30798843,1328954.05019828
,Occupational carcinogens,Deaths,2019,2017,335048.766833865,267767.492415224,400031.673509748
,Occupational asthmagens,Deaths,2019,2017,34765.5449604963,28060.6180614351,43454.8652023567
,"Occupational particulate matter, gases, and fumes",Deaths,2019,2017,502022.699415624,399942.429513355,611933.144312348
,Occupational injuries,Deaths,2019,2017,317710.114529532,293229.609923793,344518.662423061
,Sexual violence against children,Deaths,2019,2017,14680.3339947309,2010.41703809725,33541.0944955709
,Intimate partner violence,Deaths,2019,2017,93213.0202007663,58881.2743094575,135872.498959467
,Non-exclusive breastfeeding,Deaths,2019,2017,160458.461907667,115580.315336059,212919.935845913
,Discontinued breastfeeding,Deaths,2019,2017,9455.40996693215,3146.76364404215,16851.2099662962
,Diet low in calcium,Deaths,2019,2017,129472.462499645,91280.9065377949,178319.796875153
,Occupational exposure to asbestos,Deaths,2019,2017,230549.293035641,171428.821023433,287845.759970748
,Occupational exposure to arsenic,Deaths,2019,2017,9105.32233753279,1491.30785520666,16734.238836203
,Occupational exposure to benzene,Deaths,2019,2017,1782.2638900153,555.552453926025,2915.24699991397
,Occupational exposure to beryllium,Deaths,2019,2017,278.222493651744,226.58727239347,336.715548817345
,Occupational exposure to cadmium,Deaths,2019,2017,656.169466998123,540.630918564332,784.154228517018
,Occupational exposure to chromium,Deaths,2019,2017,1376.36996637927,1176.39413569689,1568.26446007638
,Occupational exposure to diesel engine exhaust,Deaths,2019,2017,18088.6384330862,15686.0128506778,20894.2448437393
,Occupational exposure to formaldehyde,Deaths,2019,2017,1072.95063732523,873.065303793639,1296.43259506124
,Occupational exposure to nickel,Deaths,2019,2017,8725.23392745428,496.902072296213,22936.5219573007
,Occupational exposure to polycyclic aromatic hydrocarbons,Deaths,2019,2017,4845.56567126476,4022.18446730252,5692.14346591974
,Occupational exposure to silica,Deaths,2019,2017,62779.1034510669,34883.8282591549,92047.7398799809
,Occupational exposure to sulphuric acid,Deaths,2019,2017,3857.78313397169,1631.00267648615,7025.61613618513
,All risk factors,Deaths,2019,2017,34010521.1420581,32166983.9429615,35754938.6188707
,Unsafe sex,Deaths,2019,2017,1041873.43592195,950850.322938069,1186027.40855588
,Environmental/occupational risks,Deaths,2019,2017,11192153.4233286,10279296.9523867,12142153.4343423
,Behavioural risks,Deaths,2019,2017,21234571.6343317,19694100.7863228,22924736.1443434
,Occupational exposure to trichloroethylene,Deaths,2019,2017,71.6981144624976,15.8141717923994,133.821909414457
,No access to handwashing facility,Deaths,2019,2017,670169.514038617,465440.726621077,890879.521678939
,Child growth failure,Deaths,2019,2017,1212109.53110817,1002097.07475327,1472561.14313501
,Child wasting,Deaths,2019,2017,1126051.03146355,900966.099253367,1395588.42035182
,Child stunting,Deaths,2019,2017,195112.135969966,94042.7355782051,355263.69403723
,Non-optimal temperature,Deaths,2019,2017,1861634.5309127,1636669.70792759,2102909.90608636
,Chewing tobacco,Deaths,2019,2017,51612.2006260142,40276.6379904706,63726.1825505838
,Diet low in legumes,Deaths,2019,2017,1067863.99337445,245677.11613098,1733199.68801636
,Short gestation,Deaths,2019,2017,1554578.16108588,1333042.11134759,1820856.58607436
,Low birth weight,Deaths,2019,2017,1833253.92699576,1582006.0344445,2142283.68823658
,High temperature,Deaths,2019,2017,293309.81205285,213320.186590987,435365.655671856
,Low temperature,Deaths,2019,2017,1571898.46939511,1351198.93899221,1802366.86534445
,Low birth weight and short gestation,Deaths,2019,2017,1940921.23097365,1673290.67001336,2269230.1206654
,Kidney dysfunction*,Deaths,2019,2017,3021907.47932331,2591626.77136589,3450573.62838849
,High LDL cholesterol*,Deaths,2019,2017,4188135.1238141,3172728.44567077,5369247.66515201
,Particulate matter pollution,Deaths,2019,2017,6356622.86368895,5675690.07929257,7106831.16101143
,Sexual violence against children and bullying,Deaths,2019,2017,14680.3339947309,2010.41703809725,33541.0944955709
,"Unsafe water, sanitation, and handwashing",Deaths,2019,2016,1788028.15855124,1320072.8833816,2430346.34699317
,Unsafe water source,Deaths,2019,2016,1327636.75006841,908918.865189602,1882515.9864343
,Unsafe sanitation,Deaths,2019,2016,871473.249576181,637530.898455791,1232241.91556681
,Air pollution,Deaths,2019,2016,6605030.48091105,5895662.81146991,7349854.47429674
,Ambient particulate matter pollution,Deaths,2019,2016,3875979.34447527,3189389.12608038,4502514.1086373
,Household air pollution from solid fuels,Deaths,2019,2016,2528243.61345741,1812227.08675745,3345699.60424973
,Ambient ozone pollution,Deaths,2019,2016,342251.002229635,159424.355354068,528519.707841596
,Other environmental risks,Deaths,2019,2016,944398.419119093,605610.151512209,1330879.02596039
,Residential radon,Deaths,2019,2016,77556.591230353,15144.3610155259,149157.111762211
,Lead exposure,Deaths,2019,2016,866841.82788874,532548.223261518,1242199.28031972
,Child and maternal malnutrition,Deaths,2019,2016,3376582.38302363,2900464.62064298,3930664.91597413
,Suboptimal breastfeeding,Deaths,2019,2016,178261.73447406,130694.926796126,232432.86611909
,Child underweight,Deaths,2019,2016,423776.641527183,349445.470121484,526325.214080519
,Iron deficiency,Deaths,2019,2016,44486.3144437013,15925.4475922945,73013.7697864972
,Vitamin A deficiency,Deaths,2019,2016,30436.0841515657,3319.90709663322,62515.9171747192
,Zinc deficiency,Deaths,2019,2016,3708.94917565515,944.744732267533,8285.38659105248
,Tobacco,Deaths,2019,2016,8309220.26724678,7879563.9289886,8743805.88134958
,Smoking,Deaths,2019,2016,7359293.10005788,6968313.85436832,7755760.89265827
,Second-hand smoke,Deaths,2019,2016,1226823.37908214,955003.72811147,1491050.38815685
,High alcohol use,Deaths,2019,2016,2332373.89186866,2060370.77847956,2629326.80674905
,Drug use,Deaths,2019,2016,465395.535339574,420501.640746088,515049.701307575
,Metabolic risks,Deaths,2019,2016,17283255.350075,15875018.9649707,18745628.6131712
,High fasting plasma glucose,Deaths,2019,2016,5897120.90209027,4691622.45962395,7551215.69567455
,High systolic blood pressure,Deaths,2019,2016,10190859.867275,9032443.85198568,11367600.8713513
,High body-mass index,Deaths,2019,2016,4563131.46539082,2914511.7250095,6516115.68822762
,Low bone mineral density,Deaths,2019,2016,405812.52847955,339210.811107446,453959.056505126
,Dietary risks,Deaths,2019,2016,7475013.67414628,6114243.6152638,9206168.82322228
,Diet low in fruits,Deaths,2019,2016,996498.711476453,691575.755569525,1292079.37373413
,Diet low in vegetables,Deaths,2019,2016,501312.431969225,318492.459792588,677122.357405666
,Diet low in whole grains,Deaths,2019,2016,1730298.98353584,860546.612117314,2174959.9652824
,Diet low in nuts and seeds,Deaths,2019,2016,556366.938613398,302885.921930394,762348.708849165
,Diet low in milk,Deaths,2019,2016,148944.711140745,95842.6352798172,203652.060732836
,Diet high in red meat,Deaths,2019,2016,835822.886624889,501830.538276389,1164467.28456208
,Diet high in processed meat,Deaths,2019,2016,287586.068726028,141808.947979616,459586.770566049
,Diet high in sugar sweetened beverages,Deaths,2019,2016,224379.241010026,158861.609020705,277356.492868502
,Diet low in fiber,Deaths,2019,2016,587945.55825441,333529.129422397,852414.185071803
,Diet low in seafood omega-3 fatty acids,Deaths,2019,2016,319188.160649138,151765.083040404,409691.225108304
,Diet low in polyunsaturated fatty acids,Deaths,2019,2016,327547.566423554,42023.1842660509,673137.203784854
,Diet high in trans fatty acids,Deaths,2019,2016,601559.76894185,71882.766983413,821598.097433005
,Diet high in sodium,Deaths,2019,2016,1785454.87369029,463924.811842672,3931736.14556704
,Low physical activity,Deaths,2019,2016,770863.896668873,400073.135656025,1372799.11643352
,Occupational risks,Deaths,2019,2016,1182875.82619207,1058000.59834055,1317629.74949656
,Occupational carcinogens,Deaths,2019,2016,331541.516562043,266781.112286542,397428.482605458
,Occupational asthmagens,Deaths,2019,2016,34903.6573566135,27875.4214940824,44026.6818054901
,"Occupational particulate matter, gases, and fumes",Deaths,2019,2016,495517.841838121,401290.452808652,607039.303597008
,Occupational injuries,Deaths,2019,2016,320912.810435298,296148.018604528,347619.126523385
,Sexual violence against children,Deaths,2019,2016,14605.3273278734,1949.7044195731,33539.4927599426
,Intimate partner violence,Deaths,2019,2016,97210.5477359507,61091.290371785,142291.027764445
,Non-exclusive breastfeeding,Deaths,2019,2016,169677.832656887,123562.317822201,223407.734659965
,Discontinued breastfeeding,Deaths,2019,2016,10175.0015338083,3368.03982825138,18203.1869010337
,Diet low in calcium,Deaths,2019,2016,126435.594584091,89153.3082725463,172012.167715925
,Occupational exposure to asbestos,Deaths,2019,2016,229403.511262844,171037.588417438,288564.112546408
,Occupational exposure to arsenic,Deaths,2019,2016,8854.29161575325,1315.95868313214,16039.261257377
,Occupational exposure to benzene,Deaths,2019,2016,1745.97893153755,541.019694173602,2857.81078681748
,Occupational exposure to beryllium,Deaths,2019,2016,269.48406169566,218.784234938578,326.082315519553
,Occupational exposure to cadmium,Deaths,2019,2016,633.844493696021,516.289900535611,754.10684598492
,Occupational exposure to chromium,Deaths,2019,2016,1326.10160068037,1141.4295309715,1513.47499530359
,Occupational exposure to diesel engine exhaust,Deaths,2019,2016,17437.8801662849,15121.9760941622,20207.5876058537
,Occupational exposure to formaldehyde,Deaths,2019,2016,1051.87780531641,855.037029962085,1277.54901125
,Occupational exposure to nickel,Deaths,2019,2016,8507.47474595154,369.15781075626,22977.7990780425
,Occupational exposure to polycyclic aromatic hydrocarbons,Deaths,2019,2016,4669.69809669559,3893.12561509785,5494.49876628786
,Occupational exposure to silica,Deaths,2019,2016,61795.0089153027,33745.2659361023,89582.0434390705
,Occupational exposure to sulphuric acid,Deaths,2019,2016,3796.56824420082,1595.67956436007,6943.40591746397
,All risk factors,Deaths,2019,2016,33740705.4164847,32156178.4311527,35430583.3993238
,Unsafe sex,Deaths,2019,2016,1073126.20657787,971744.081443209,1243142.86703358
,Environmental/occupational risks,Deaths,2019,2016,11192675.2641288,10303227.8859244,12177545.7902904
,Behavioural risks,Deaths,2019,2016,21178198.6597254,19777891.9140185,22823279.4153167
,Occupational exposure to trichloroethylene,Deaths,2019,2016,68.8715246697091,14.9668037054617,130.191126474226
,No access to handwashing facility,Deaths,2019,2016,681615.698528535,471893.100490202,911790.531563326
,Child growth failure,Deaths,2019,2016,1273310.16724804,1061108.34501935,1527785.77222998
,Child wasting,Deaths,2019,2016,1180723.21699926,959662.093581142,1444307.34554061
,Child stunting,Deaths,2019,2016,208613.621251603,99895.9664904191,377912.587735794
,Non-optimal temperature,Deaths,2019,2016,1828243.19669562,1607847.83306173,2079845.17570664
,Chewing tobacco,Deaths,2019,2016,49884.9371330951,39844.9999522939,61599.4591750823
,Diet low in legumes,Deaths,2019,2016,1052634.5451049,239483.205402027,1715964.51415408
,Short gestation,Deaths,2019,2016,1622163.47629237,1400321.12888914,1874117.60633447
,Low birth weight,Deaths,2019,2016,1917525.49345421,1656785.2449405,2214896.82742675
,High temperature,Deaths,2019,2016,306097.515034792,222229.550160731,452381.45291781
,Low temperature,Deaths,2019,2016,1525408.38743016,1315332.77021474,1756701.97120009
,Low birth weight and short gestation,Deaths,2019,2016,2027959.68638134,1751254.98970732,2345632.75835901
,Kidney dysfunction*,Deaths,2019,2016,2954095.89124048,2544881.72700094,3366772.66834215
,High LDL cholesterol*,Deaths,2019,2016,4127271.94831626,3131941.6025616,5283357.88497759
,Particulate matter pollution,Deaths,2019,2016,6407484.90515414,5727540.44447913,7119458.80060612
,Sexual violence against children and bullying,Deaths,2019,2016,14605.3273278734,1949.7044195731,33539.4927599426
,"Unsafe water, sanitation, and handwashing",Deaths,2019,2019,1656887.36681212,1198864.93645106,2312688.3294011
,Unsafe water source,Deaths,2019,2019,1230153.86030869,817815.756420702,1788898.0687431
,Unsafe sanitation,Deaths,2019,2019,756584.950918143,542453.246245122,1095440.93025044
,Air pollution,Deaths,2019,2019,6671739.56296979,5904630.9437778,7489436.88424954
,Ambient particulate matter pollution,Deaths,2019,2019,4140971.07058417,3454413.75151672,4800290.35158494
,Household air pollution from solid fuels,Deaths,2019,2019,2313991.16639029,1631340.46518821,3118141.38368304
,Ambient ozone pollution,Deaths,2019,2019,365222.408647554,174926.598689448,564270.153536512
,Other environmental risks,Deaths,2019,2019,985419.013969852,617806.091901313,1394596.56108788
,Residential radon,Deaths,2019,2019,83703.1387261858,16497.5264213878,162454.070479103
,Lead exposure,Deaths,2019,2019,901715.875243665,550909.466996096,1288853.7298709
,Child and maternal malnutrition,Deaths,2019,2019,2937803.72020609,2489635.66897963,3512072.98476153
,Suboptimal breastfeeding,Deaths,2019,2019,146321.740085431,103706.236467278,197043.841360646
,Child underweight,Deaths,2019,2019,359857.32471987,297923.205530434,447398.06142938
,Iron deficiency,Deaths,2019,2019,42349.2383618515,14999.7525164142,70283.1836077291
,Vitamin A deficiency,Deaths,2019,2019,23849.8489215438,2667.08430247246,49862.2100542518
,Zinc deficiency,Deaths,2019,2019,2805.90999711503,697.411053632094,6527.33227604863
,Tobacco,Deaths,2019,2019,8708897.65674744,8123010.12413178,9309008.69000421
,Smoking,Deaths,2019,2019,7693367.94822144,7158449.6142962,8200590.60724968
,Second-hand smoke,Deaths,2019,2019,1304318.34547992,1006960.79795414,1605391.42265193
,High alcohol use,Deaths,2019,2019,2441973.39225941,2136994.67566162,2784902.47840504
,Drug use,Deaths,2019,2019,494491.695588786,445658.258875565,548472.36850123
,Metabolic risks,Deaths,2019,2019,18560862.2139445,16875477.1387346,20175392.5989943
,High fasting plasma glucose,Deaths,2019,2019,6501397.69891167,5110277.98168757,8363052.5941056
,High systolic blood pressure,Deaths,2019,2019,10845595.1677194,9514140.63048467,12130846.2575839
,High body-mass index,Deaths,2019,2019,5019359.71678876,3223363.53440102,7110735.87382683
,Low bone mineral density,Deaths,2019,2019,437884.401524671,361104.52247938,495521.244595317
,Dietary risks,Deaths,2019,2019,7943046.0662174,6472323.45561609,9757376.79249144
,Diet low in fruits,Deaths,2019,2019,1046014.85149847,730092.303933763,1363859.4078577
,Diet low in vegetables,Deaths,2019,2019,529381.294473023,340332.349137877,718248.266479947
,Diet low in whole grains,Deaths,2019,2019,1844836.14402205,921291.315475401,2338609.2376141
,Diet low in nuts and seeds,Deaths,2019,2019,575139.227628589,311225.472374473,789584.549327027
,Diet low in milk,Deaths,2019,2019,166456.355475281,107220.804004758,226027.206142109
,Diet high in red meat,Deaths,2019,2019,895674.865847097,535643.768341172,1251405.78588332
,Diet high in processed meat,Deaths,2019,2019,304284.428470904,154310.083253012,486449.431953603
,Diet high in sugar sweetened beverages,Deaths,2019,2019,242218.192952048,172044.534744722,302250.292556166
,Diet low in fiber,Deaths,2019,2019,606223.954557137,342045.308150596,887467.110743672
,Diet low in seafood omega-3 fatty acids,Deaths,2019,2019,337279.714963052,165612.941196027,435663.334844461
,Diet low in polyunsaturated fatty acids,Deaths,2019,2019,346234.394014849,44248.7051287729,707300.224144483
,Diet high in trans fatty acids,Deaths,2019,2019,644980.994780061,75905.1933222124,882254.19759501
,Diet high in sodium,Deaths,2019,2019,1885355.86872438,476839.194567855,4194708.61145616
,Low physical activity,Deaths,2019,2019,831502.012572398,427075.937529587,1470299.39365758
,Occupational risks,Deaths,2019,2019,1220501.39017826,1076745.91147243,1373472.56804599
,Occupational carcinogens,Deaths,2019,2019,350325.406242992,279659.821313943,421410.654088662
,Occupational asthmagens,Deaths,2019,2019,34395.3140742083,27827.5136960357,42614.4626691066
,"Occupational particulate matter, gases, and fumes",Deaths,2019,2019,524290.137101099,419998.894058624,642111.943213308
,Occupational injuries,Deaths,2019,2019,311490.532759968,283714.750716141,343372.94986813
,Sexual violence against children,Deaths,2019,2019,15180.2795469425,2029.96375701031,35118.2886629041
,Intimate partner violence,Deaths,2019,2019,86503.3192032907,54944.175674043,125156.002030978
,Non-exclusive breastfeeding,Deaths,2019,2019,139731.911477709,98762.5340410888,188598.587690052
,Discontinued breastfeeding,Deaths,2019,2019,7787.94029509742,2604.19834566338,14236.8461513362
,Diet low in calcium,Deaths,2019,2019,137895.942410856,96834.7648839586,189221.03727682
,Occupational exposure to asbestos,Deaths,2019,2019,239333.0120872,179517.374249687,299214.18142883
,Occupational exposure to arsenic,Deaths,2019,2019,9760.16810176761,1554.10054299002,17693.6961518644
,Occupational exposure to benzene,Deaths,2019,2019,1865.76453592916,564.637261771716,3050.98824773649
,Occupational exposure to beryllium,Deaths,2019,2019,300.554534969019,243.855722178337,367.16246801175
,Occupational exposure to cadmium,Deaths,2019,2019,711.506948484088,582.726509428207,853.900637999674
,Occupational exposure to chromium,Deaths,2019,2019,1499.44301015507,1286.66859194366,1745.48362175106
,Occupational exposure to diesel engine exhaust,Deaths,2019,2019,19715.9427009387,16965.5894053572,22916.5145506449
,Occupational exposure to formaldehyde,Deaths,2019,2019,1118.19122808266,900.267920110375,1355.04370306216
,Occupational exposure to nickel,Deaths,2019,2019,9329.76280000927,535.724563579482,24638.1595828012
,Occupational exposure to polycyclic aromatic hydrocarbons,Deaths,2019,2019,5273.44745681546,4357.56991846879,6241.01570235592
,Occupational exposure to silica,Deaths,2019,2019,65870.6813941075,36602.2243732664,97628.2569738671
,Occupational exposure to sulphuric acid,Deaths,2019,2019,4032.29210566783,1730.16191265566,7465.23670958194
,All risk factors,Deaths,2019,2019,35000050.0187163,32937413.3428731,36938465.4500648
,Unsafe sex,Deaths,2019,2019,984365.836450808,904987.95729308,1106165.99905132
,Environmental/occupational risks,Deaths,2019,2019,11329973.550889,10341490.9166119,12358061.6435701
,Behavioural risks,Deaths,2019,2019,21620208.2671424,20036994.9842291,23434013.7837815
,Occupational exposure to trichloroethylene,Deaths,2019,2019,78.5410640770885,16.7733980950928,146.59249484759
,No access to handwashing facility,Deaths,2019,2019,627918.894866025,427171.986090058,846289.214800876
,Child growth failure,Deaths,2019,2019,1064705.90495918,867352.090707393,1311437.26928541
,Child wasting,Deaths,2019,2019,993046.230066312,786462.627495823,1245243.99339708
,Child stunting,Deaths,2019,2019,164237.11071367,76340.7563521611,300015.013217851
,Non-optimal temperature,Deaths,2019,2019,1956838.18915005,1708854.313046,2214968.5215568
,Chewing tobacco,Deaths,2019,2019,55592.1995738117,43101.0476754774,68831.9339789891
,Diet low in legumes,Deaths,2019,2019,1116424.03352137,252012.593665219,1815318.86434172
,Short gestation,Deaths,2019,2019,1449036.71426333,1232265.76814806,1729795.13950246
,Low birth weight,Deaths,2019,2019,1703121.31153299,1446627.42838039,2021578.14728526
,High temperature,Deaths,2019,2019,307846.961437029,223025.221952409,455769.990712389
,Low temperature,Deaths,2019,2019,1652978.00131127,1413026.09309261,1913431.260268
,Low birth weight and short gestation,Deaths,2019,2019,1805481.51129347,1537291.42720029,2143499.77988218
,Kidney dysfunction*,Deaths,2019,2019,3161551.84479555,2723362.52445371,3623813.84815269
,High LDL cholesterol*,Deaths,2019,2019,4396983.26268346,3301257.76725437,5651785.31684326
,Particulate matter pollution,Deaths,2019,2019,6454962.23697447,5718170.17853158,7235588.4823718
,Sexual violence against children and bullying,Deaths,2019,2019,15180.2795469425,2029.96375701031,35118.2886629041
,"Unsafe water, sanitation, and handwashing",DALYs,2019,1990,214981962.780573,175186587.317427,254705668.186913
,Unsafe water source,DALYs,2019,1990,159959832.718221,120917301.977663,197264772.978143
,Unsafe sanitation,DALYs,2019,1990,120026360.029612,96695692.8328486,144443625.194718
,Air pollution,DALYs,2019,1990,280717766.365506,248482188.175365,318927645.329646
,Ambient particulate matter pollution,DALYs,2019,1990,70478353.5296373,47284194.7463131,98903716.6661638
,Household air pollution from solid fuels,DALYs,2019,1990,208447491.216238,161918427.473573,258794553.478827
,Ambient ozone pollution,DALYs,2019,1990,3971470.11839862,1757372.30667523,6331850.89023333
,Other environmental risks,DALYs,2019,1990,17238550.2011627,11405393.7683464,23620387.0521806
,Residential radon,DALYs,2019,1990,1213502.48340792,236749.012585906,2337372.69609023
,Lead exposure,DALYs,2019,1990,16025047.7177547,10320856.5928572,22168308.3104697
,Child and maternal malnutrition,DALYs,2019,1990,665322525.270833,612705770.244709,725198457.872667
,Suboptimal breastfeeding,DALYs,2019,1990,47368654.7811873,34962430.8071244,59335024.4106544
,Child underweight,DALYs,2019,1990,126857449.799906,99566339.4526453,162493609.953362
,Iron deficiency,DALYs,2019,1990,29741477.2327547,20505999.9722637,41287215.6400126
,Vitamin A deficiency,DALYs,2019,1990,20127856.2988894,3572772.33136134,40332830.9959935
,Zinc deficiency,DALYs,2019,1990,1574181.10626284,528156.032518794,3091082.16212925
,Tobacco,DALYs,2019,1990,200785029.596542,185597479.648676,215585558.53178
,Smoking,DALYs,2019,1990,160687650.653942,151741308.043065,169802036.706465
,Second-hand smoke,DALYs,2019,1990,46682013.3897496,33424514.126498,60312564.0582389
,High alcohol use,DALYs,2019,1990,67807885.7684182,60313564.3562507,76067066.1049779
,Drug use,DALYs,2019,1990,16696007.2210103,14093695.1218594,19644915.2334789
,Metabolic risks,DALYs,2019,1990,270460870.488147,248649140.148984,294504915.045991
,High fasting plasma glucose,DALYs,2019,1990,77209953.4109893,65303495.278245,91339334.3765245
,High systolic blood pressure,DALYs,2019,1990,153731856.979317,138661444.400997,169476398.867332
,High body-mass index,DALYs,2019,1990,67283003.7784416,37963402.9722939,103627486.687551
,Low bone mineral density,DALYs,2019,1990,8588936.022894,7041724.56092092,10138618.9728075
,Dietary risks,DALYs,2019,1990,132041973.527397,111262093.866425,156824070.567864
,Diet low in fruits,DALYs,2019,1990,21721639.2135996,15569547.3150297,28199616.3395133
,Diet low in vegetables,DALYs,2019,1990,11852553.522547,7477794.05222335,16214032.1235647
,Diet low in whole grains,DALYs,2019,1990,27999831.7678567,14026339.5198459,34725869.2474768
,Diet low in nuts and seeds,DALYs,2019,1990,10465891.6450182,5900249.38484461,14035730.2004954
,Diet low in milk,DALYs,2019,1990,1764171.63241997,1115032.55956428,2420485.26150837
,Diet high in red meat,DALYs,2019,1990,15241217.2190434,9084278.29840289,20978213.4465521
,Diet high in processed meat,DALYs,2019,1990,5702372.27736616,2505927.52559044,8799948.46696562
,Diet high in sugar sweetened beverages,DALYs,2019,1990,3698577.63954738,2693475.89396662,4559739.6468082
,Diet low in fiber,DALYs,2019,1990,13353396.7987062,7784178.81032044,19048162.8020271
,Diet low in seafood omega-3 fatty acids,DALYs,2019,1990,5041777.3667913,2240307.23240249,6543505.19146786
,Diet low in polyunsaturated fatty acids,DALYs,2019,1990,5604459.06776343,754732.692563952,11357975.9143295
,Diet high in trans fatty acids,DALYs,2019,1990,10747489.8703747,1156414.85407802,14358478.0224883
,Diet high in sodium,DALYs,2019,1990,33386020.6934953,11315973.1955065,67498861.8287863
,Low physical activity,DALYs,2019,1990,8610219.33650094,4279938.31515258,15888866.2508005
,Occupational risks,DALYs,2019,1990,63055880.5763157,55069275.2140205,70977417.2535658
,Occupational carcinogens,DALYs,2019,1990,5140984.83461184,4178128.78609986,6167640.93840295
,Occupational asthmagens,DALYs,2019,1990,1951430.38344195,1527842.43045609,2441339.46326623
,"Occupational particulate matter, gases, and fumes",DALYs,2019,1990,10183993.740396,8233159.40553634,11822807.1169801
,Occupational noise,DALYs,2019,1990,3933438.58578361,2688103.52040186,5599967.11760054
,Occupational injuries,DALYs,2019,1990,30061673.6892291,26893348.076232,33503465.670817
,Occupational ergonomic factors,DALYs,2019,1990,11784359.342853,8098989.58723156,15893419.5955302
,Sexual violence against children,DALYs,2019,1990,2380270.00796343,1105250.58290918,4411461.54055477
,Intimate partner violence,DALYs,2019,1990,5178493.72647536,2783640.27340878,8118363.2851352
,Non-exclusive breastfeeding,DALYs,2019,1990,44960130.4270649,33010984.9068931,56347593.7612748
,Discontinued breastfeeding,DALYs,2019,1990,2956678.25352579,984401.293441712,5302463.08943187
,Diet low in calcium,DALYs,2019,1990,1577737.27529315,1166951.18031574,2139195.79331843
,Occupational exposure to asbestos,DALYs,2019,1990,2915754.69331964,2162707.64748969,3693020.79470012
,Occupational exposure to arsenic,DALYs,2019,1990,163296.057882606,16197.0303274088,309754.06169258
,Occupational exposure to benzene,DALYs,2019,1990,59527.2395717564,19037.4037019502,97350.8829434039
,Occupational exposure to beryllium,DALYs,2019,1990,4167.62794579235,3347.62085902209,5018.17492329267
,Occupational exposure to cadmium,DALYs,2019,1990,9743.9666804822,7981.32625387281,11599.3415330078
,Occupational exposure to chromium,DALYs,2019,1990,19667.9324506698,17120.2165986402,22467.7678916833
,Occupational exposure to diesel engine exhaust,DALYs,2019,1990,247150.688648807,209959.688271453,288307.452666637
,Occupational exposure to formaldehyde,DALYs,2019,1990,38298.6573879219,30282.1937041391,47258.9218624809
,Occupational exposure to nickel,DALYs,2019,1990,158519.479468678,-7848.81878388311,454964.185184008
,Occupational exposure to polycyclic aromatic hydrocarbons,DALYs,2019,1990,69182.9361170281,57127.8344330159,82034.0582780601
,Occupational exposure to silica,DALYs,2019,1990,1501249.92313867,935776.070763682,2089131.67506133
,Occupational exposure to sulphuric acid,DALYs,2019,1990,91230.6527467538,38622.5166760781,166066.537730926
,All risk factors,DALYs,2019,1990,1331125176.45373,1254936159.41389,1411147985.08536
,Unsafe sex,DALYs,2019,1990,20101247.9257113,16360545.8945347,25593991.1629727
,Environmental/occupational risks,DALYs,2019,1990,562882661.667601,517757661.320941,615354833.142736
,Behavioural risks,DALYs,2019,1990,1042758698.44952,982827153.642098,1113220074.32544
,Occupational exposure to trichloroethylene,DALYs,2019,1990,785.981163166817,173.68842432426,1461.06322355473
,No access to handwashing facility,DALYs,2019,1990,82540905.5590662,59599844.6732491,104592457.253759
,Child growth failure,DALYs,2019,1990,336210400.061608,297805591.237312,380611303.897753
,Child wasting,DALYs,2019,1990,295188212.358538,244905501.80012,354672713.034712
,Child stunting,DALYs,2019,1990,72499337.7435807,37724058.7404994,121697511.491746
,Non-optimal temperature,DALYs,2019,1990,40447924.109122,32568518.8717355,58657975.4474408
,Chewing tobacco,DALYs,2019,1990,714602.125481393,566912.411328528,878553.61250382
,Diet low in legumes,DALYs,2019,1990,18645613.734192,4851739.3343382,29986768.5363876
,Short gestation,DALYs,2019,1990,226369485.282763,211196730.870643,243615249.370398
,Low birth weight,DALYs,2019,1990,274533285.179383,255745307.658112,293964941.412787
,High temperature,DALYs,2019,1990,13665313.6520831,7668828.77737685,33596158.6885148
,Low temperature,DALYs,2019,1990,26827367.0117605,20973960.2443219,33715518.2472159
,Low birth weight and short gestation,DALYs,2019,1990,286456376.86914,266580199.036634,307079118.140703
,Kidney dysfunction*,DALYs,2019,1990,42090331.2365,37406192.0706591,47117510.8161213
,Bullying victimization,DALYs,2019,1990,2377385.9012153,611130.075957777,5357174.54131968
,High LDL cholesterol*,DALYs,2019,1990,69718898.0736942,58516399.5565779,83278990.5280941
,Particulate matter pollution,DALYs,2019,1990,278925844.745875,245703622.171647,317038840.469368
,Sexual violence against children and bullying,DALYs,2019,1990,4713229.19104855,2185089.02913067,8147986.33544873
,"Unsafe water, sanitation, and handwashing",DALYs,2019,2006,142602535.310977,118279113.807722,168445902.672344
,Unsafe water source,DALYs,2019,2006,106348766.46107,82067601.657532,130938228.986788
,Unsafe sanitation,DALYs,2019,2006,75817870.03103,63241253.4168127,91920223.441796
,Air pollution,DALYs,2019,2006,240606055.474916,216374345.67935,266318220.580303
,Ambient particulate matter pollution,DALYs,2019,2006,90664422.9537782,68987170.1012963,113215073.434418
,Household air pollution from solid fuels,DALYs,2019,2006,146870419.655979,113030295.288908,180038968.829746
,Ambient ozone pollution,DALYs,2019,2006,5560971.39992211,2589795.46244955,8692250.49962672
,Other environmental risks,DALYs,2019,2006,21517475.0700174,14550526.9934214,29229797.055731
,Residential radon,DALYs,2019,2006,1514816.01919708,297445.98491607,2920158.72593711
,Lead exposure,DALYs,2019,2006,20002659.0508203,13056139.5569849,27445947.1894887
,Child and maternal malnutrition,DALYs,2019,2006,454678576.274539,410797879.059183,498776283.270106
,Suboptimal breastfeeding,DALYs,2019,2006,26253455.7411608,19373551.6308274,33492644.7746969
,Child underweight,DALYs,2019,2006,60799836.0914338,48613494.4613208,76490082.2419766
,Iron deficiency,DALYs,2019,2006,30670654.8852879,20858165.4481011,43016716.667495
,Vitamin A deficiency,DALYs,2019,2006,8996125.8139088,2333641.82298295,16803829.2158608
,Zinc deficiency,DALYs,2019,2006,832103.396394132,299017.829016764,1636199.03127648
,Tobacco,DALYs,2019,2006,213870216.465745,201237878.499846,225593909.880178
,Smoking,DALYs,2019,2006,184289669.579875,175555000.020035,193619016.547978
,Second-hand smoke,DALYs,2019,2006,36465550.3624764,27328856.6394094,45419254.8861786
,High alcohol use,DALYs,2019,2006,87694724.9379901,78863821.4635367,97421794.6865147
,Drug use,DALYs,2019,2006,27445192.493112,23851144.7444248,31723538.4256783
,Metabolic risks,DALYs,2019,2006,360208632.280941,331061325.568442,391183638.449507
,High fasting plasma glucose,DALYs,2019,2006,121428639.022092,102634633.744012,143049048.108305
,High systolic blood pressure,DALYs,2019,2006,192980580.767125,173746557.046864,210613842.990288
,High body-mass index,DALYs,2019,2006,108083680.089931,67597426.955959,153934267.177327
,Low bone mineral density,DALYs,2019,2006,12221794.8461677,10013802.2580817,14479932.1568764
,Dietary risks,DALYs,2019,2006,158575171.753586,133422994.308919,190291464.516953
,Diet low in fruits,DALYs,2019,2006,25247294.9202799,18214856.4950694,32873600.7248035
,Diet low in vegetables,DALYs,2019,2006,11232801.6849354,7172717.81081703,15227105.9901079
,Diet low in whole grains,DALYs,2019,2006,35409200.6812238,17987116.3342413,43855681.222494
,Diet low in nuts and seeds,DALYs,2019,2006,12222177.9011534,6879202.20468317,16511467.7959515
,Diet low in milk,DALYs,2019,2006,2630505.5336749,1691743.52231274,3554497.09715957
,Diet high in red meat,DALYs,2019,2006,19165140.5582408,11798651.2424554,25901803.4009352
,Diet high in processed meat,DALYs,2019,2006,7244530.79301443,3889450.37482152,10945754.2677516
,Diet high in sugar sweetened beverages,DALYs,2019,2006,4825726.68858015,3497396.81856505,5998623.12089751
,Diet low in fiber,DALYs,2019,2006,15604134.4900174,9129853.83329863,22183022.1091659
,Diet low in seafood omega-3 fatty acids,DALYs,2019,2006,6205274.12309968,2636907.80687965,8065293.96532419
,Diet low in polyunsaturated fatty acids,DALYs,2019,2006,6878765.91496607,882272.777907613,13934749.958958
,Diet high in trans fatty acids,DALYs,2019,2006,12388539.9935091,1294368.55356159,16539275.9904135
,Diet high in sodium,DALYs,2019,2006,38462795.6009727,11425336.3195081,80792549.3560477
,Low physical activity,DALYs,2019,2006,11615774.4658316,6187046.59622585,21063942.0085098
,Occupational risks,DALYs,2019,2006,63625353.4895322,55212972.7767759,72200621.8229374
,Occupational carcinogens,DALYs,2019,2006,6330203.80095012,5146374.93437801,7553628.4176618
,Occupational asthmagens,DALYs,2019,2006,1863845.81614011,1498296.86795087,2295109.852449
,"Occupational particulate matter, gases, and fumes",DALYs,2019,2006,10899207.6511086,9275890.63838493,12594846.427643
,Occupational noise,DALYs,2019,2006,5464344.22595076,3732162.75579435,7844926.18324899
,Occupational injuries,DALYs,2019,2006,25282133.8238965,22846306.2851315,27991995.7386738
,Occupational ergonomic factors,DALYs,2019,2006,13785618.171486,9486815.65388271,18632766.8816589
,Sexual violence against children,DALYs,2019,2006,3238522.72652588,1532564.53645393,5907916.15328492
,Intimate partner violence,DALYs,2019,2006,12557050.9319458,7504449.59005607,18763851.6698436
,Non-exclusive breastfeeding,DALYs,2019,2006,25118278.0019877,18346265.8878916,32227545.5044892
,Discontinued breastfeeding,DALYs,2019,2006,1355798.46290402,457742.047488997,2413412.14428138
,Diet low in calcium,DALYs,2019,2006,2394154.9987237,1765628.94054173,3216662.80659144
,Occupational exposure to asbestos,DALYs,2019,2006,3496810.15715712,2599900.8403883,4448597.84402581
,Occupational exposure to arsenic,DALYs,2019,2006,211178.734118273,28954.1702416738,390866.009533136
,Occupational exposure to benzene,DALYs,2019,2006,74181.3274963615,23106.7836864069,121513.409801142
,Occupational exposure to beryllium,DALYs,2019,2006,6254.71843681,5206.85285564907,7444.95296298851
,Occupational exposure to cadmium,DALYs,2019,2006,14611.6329799496,12289.7289165175,17138.1490442915
,Occupational exposure to chromium,DALYs,2019,2006,30020.4563208846,26423.2792180731,33873.3654373759
,Occupational exposure to diesel engine exhaust,DALYs,2019,2006,384962.12216551,338078.779337137,438290.861621493
,Occupational exposure to formaldehyde,DALYs,2019,2006,45545.8831431567,37110.9765566574,55366.7710907068
,Occupational exposure to nickel,DALYs,2019,2006,204961.052179439,6642.14767575276,548257.984466437
,Occupational exposure to polycyclic aromatic hydrocarbons,DALYs,2019,2006,105492.080375106,89433.9402817045,122357.753812429
,Occupational exposure to silica,DALYs,2019,2006,1819385.81693597,1143137.00453709,2495747.08314352
,Occupational exposure to sulphuric acid,DALYs,2019,2006,102359.745071982,43516.0946459188,186012.159773022
,All risk factors,DALYs,2019,2006,1292541323.67258,1220540942.50236,1368377405.1324
,Unsafe sex,DALYs,2019,2006,80011488.1174435,65668410.4920266,97465030.2367352
,Environmental/occupational risks,DALYs,2019,2006,464039196.954018,427941807.259651,501932164.507855
,Behavioural risks,DALYs,2019,2006,966812703.800974,908959351.699824,1029102376.62016
,Occupational exposure to trichloroethylene,DALYs,2019,2006,1507.09504260528,331.604369806473,2795.12691461894
,No access to handwashing facility,DALYs,2019,2006,56065154.5761421,40672787.4748787,71385696.2748001
,Child growth failure,DALYs,2019,2006,179672274.465189,154973887.839468,206936151.906342
,Child wasting,DALYs,2019,2006,161976231.987604,134139503.750853,192604929.741871
,Child stunting,DALYs,2019,2006,35942500.2309339,18673534.99569,59866655.0686201
,Non-optimal temperature,DALYs,2019,2006,35724734.2394795,30048275.8433519,46414694.7746627
,Chewing tobacco,DALYs,2019,2006,1056045.5621676,848795.357379212,1272427.64015027
,Diet low in legumes,DALYs,2019,2006,21198756.5451277,5011773.52002526,34491651.8199698
,Short gestation,DALYs,2019,2006,189538215.466861,174194398.970779,205600685.525521
,Low birth weight,DALYs,2019,2006,226296179.300422,207316977.270941,245703659.083644
,High temperature,DALYs,2019,2006,12646220.0819034,8265172.77893937,24438912.028203
,Low temperature,DALYs,2019,2006,23108222.1576938,18847522.9946323,27775186.9044356
,Low birth weight and short gestation,DALYs,2019,2006,237582894.963188,217497125.619918,257895035.251219
,Kidney dysfunction*,DALYs,2019,2006,59747282.4438828,53431995.6068733,66823912.5050558
,Bullying victimization,DALYs,2019,2006,3303931.75256237,902761.61234338,7331511.1785025
,High LDL cholesterol*,DALYs,2019,2006,83099730.2614095,69252217.8153597,99925013.7499815
,Particulate matter pollution,DALYs,2019,2006,237629843.588484,214012173.606285,263190050.031633
,Sexual violence against children and bullying,DALYs,2019,2006,6473636.64958441,3124084.98810511,11227230.1454572
,"Unsafe water, sanitation, and handwashing",DALYs,2019,2010,125210365.34559,104201107.305831,148239569.664056
,Unsafe water source,DALYs,2019,2010,93486844.7970325,72761653.6798827,114700874.858536
,Unsafe sanitation,DALYs,2019,2010,65692563.3610042,55147684.6605727,78949923.7554391
,Air pollution,DALYs,2019,2010,232831220.385048,210296545.803851,255877315.600718
,Ambient particulate matter pollution,DALYs,2019,2010,100965031.787484,79895934.9446177,122678356.795648
,Household air pollution from solid fuels,DALYs,2019,2010,128874724.890673,98241535.1419834,160043781.65027
,Ambient ozone pollution,DALYs,2019,2010,5430068.02116193,2523454.89207951,8417205.20326943
,Other environmental risks,DALYs,2019,2010,22449220.512316,15124493.2578745,30650876.8695956
,Residential radon,DALYs,2019,2010,1626492.83768744,320115.634221752,3148328.31931381
,Lead exposure,DALYs,2019,2010,20822727.6746286,13754824.8104089,28500993.8502664
,Child and maternal malnutrition,DALYs,2019,2010,406683603.467776,365691157.486489,451301290.330332
,Suboptimal breastfeeding,DALYs,2019,2010,22218324.2860482,16521034.443561,28230241.4722792
,Child underweight,DALYs,2019,2010,48437625.5566398,39366520.7896568,60167763.8732066
,Iron deficiency,DALYs,2019,2010,30757256.6293291,21005115.296158,43010384.2406706
,Vitamin A deficiency,DALYs,2019,2010,6767728.87656437,1946931.30315086,12241181.6553742
,Zinc deficiency,DALYs,2019,2010,629352.464845442,205447.982462255,1269674.06772659
,Tobacco,DALYs,2019,2010,215798782.602035,202990675.538938,228628058.881822
,Smoking,DALYs,2019,2010,187084324.941667,177958743.193896,197019399.983652
,Second-hand smoke,DALYs,2019,2010,35501393.2931199,27020334.2097127,43798914.1037335
,High alcohol use,DALYs,2019,2010,89245339.2813139,79805819.5707777,99363175.0950983
,Drug use,DALYs,2019,2010,27218668.9960167,23700737.2788319,31531707.8772386
,Metabolic risks,DALYs,2019,2010,386694795.457167,354671378.945338,421056875.051394
,High fasting plasma glucose,DALYs,2019,2010,132973748.41651,112264015.866556,158253480.142922
,High systolic blood pressure,DALYs,2019,2010,204937516.757039,185178906.23672,224923674.184359
,High body-mass index,DALYs,2019,2010,120984795.77933,77442862.9269509,170173700.051671
,Low bone mineral density,DALYs,2019,2010,13328884.5349079,10953874.5156707,15786408.94728
,Dietary risks,DALYs,2019,2010,165584071.896794,138813597.45347,199364104.918761
,Diet low in fruits,DALYs,2019,2010,25514525.7993803,18306469.3997808,33093250.1802219
,Diet low in vegetables,DALYs,2019,2010,11631898.6405947,7387086.10866072,15693403.9086978
,Diet low in whole grains,DALYs,2019,2010,37182432.8913814,18945933.0421847,46251260.2790546
,Diet low in nuts and seeds,DALYs,2019,2010,12661590.3471824,7046820.13419032,17166120.2285828
,Diet low in milk,DALYs,2019,2010,2952506.6893329,1921210.72937383,3988404.56004353
,Diet high in red meat,DALYs,2019,2010,20399950.9038694,12883564.7587611,27380927.9485084
,Diet high in processed meat,DALYs,2019,2010,7507099.89372794,4304960.76313378,11132418.2583415
,Diet high in sugar sweetened beverages,DALYs,2019,2010,5126733.81206054,3607674.70424527,6425149.71016189
,Diet low in fiber,DALYs,2019,2010,15297014.6117842,9028802.89150547,21785292.9946341
,Diet low in seafood omega-3 fatty acids,DALYs,2019,2010,6554374.2368663,2829154.79142757,8447315.27760259
,Diet low in polyunsaturated fatty acids,DALYs,2019,2010,7205293.54851734,887854.737365093,14665667.4439798
,Diet high in trans fatty acids,DALYs,2019,2010,12510166.2369706,1401313.37290231,17037559.4495336
,Diet high in sodium,DALYs,2019,2010,40373523.897718,11804699.4937404,84699660.4867756
,Low physical activity,DALYs,2019,2010,12813793.3402084,6863366.71143121,22947471.1731633
,Occupational risks,DALYs,2019,2010,63914804.1278116,55089480.9478384,72761366.9222628
,Occupational carcinogens,DALYs,2019,2010,6878161.27047311,5574924.54083806,8277982.85066578
,Occupational asthmagens,DALYs,2019,2010,1859078.32135768,1508708.51073202,2270136.93832867
,"Occupational particulate matter, gases, and fumes",DALYs,2019,2010,10908915.3205563,9298634.56518431,12635143.8137674
,Occupational noise,DALYs,2019,2010,5939497.96887387,4057561.79625404,8513396.52099929
,Occupational injuries,DALYs,2019,2010,23955034.3996796,21670376.689076,26463388.3286998
,Occupational ergonomic factors,DALYs,2019,2010,14374116.8468709,9863055.05572233,19374793.9924323
,Sexual violence against children,DALYs,2019,2010,3155280.52534265,1486597.95147624,5749052.92212456
,Intimate partner violence,DALYs,2019,2010,10498092.8543525,6164314.829672,15512150.9262809
,Non-exclusive breastfeeding,DALYs,2019,2010,21145082.6696194,15481394.5427076,26905236.2880624
,Discontinued breastfeeding,DALYs,2019,2010,1267756.68559187,446548.307902062,2255535.78570255
,Diet low in calcium,DALYs,2019,2010,2624346.57271739,1917785.93960001,3508548.54568893
,Occupational exposure to asbestos,DALYs,2019,2010,3868235.24976063,2858577.01993029,4903734.44030264
,Occupational exposure to arsenic,DALYs,2019,2010,226784.087717402,36235.2576531141,411185.423708336
,Occupational exposure to benzene,DALYs,2019,2010,77401.0160004069,23677.0440569058,125982.294691694
,Occupational exposure to beryllium,DALYs,2019,2010,6899.42130053507,5676.00617944297,8151.09180251863
,Occupational exposure to cadmium,DALYs,2019,2010,16179.4539322054,13611.5609074735,18937.6798057693
,Occupational exposure to chromium,DALYs,2019,2010,33519.0002923037,29411.5133964418,37566.236576764
,Occupational exposure to diesel engine exhaust,DALYs,2019,2010,435049.419569891,380011.455567819,496558.635841567
,Occupational exposure to formaldehyde,DALYs,2019,2010,46854.7294320637,38111.2244352001,57477.0722554485
,Occupational exposure to nickel,DALYs,2019,2010,219977.762321119,11587.3932841138,589367.805852735
,Occupational exposure to polycyclic aromatic hydrocarbons,DALYs,2019,2010,117940.238108899,99360.3012122934,138617.31449827
,Occupational exposure to silica,DALYs,2019,2010,1903501.89708052,1177703.59028471,2643713.52628881
,Occupational exposure to sulphuric acid,DALYs,2019,2010,109309.244635816,46302.0777192049,197791.360922932
,All risk factors,DALYs,2019,2010,1254978304.59193,1180142625.60912,1334301745.51396
,Unsafe sex,DALYs,2019,2010,64901159.3121229,56726049.3571302,78384288.6560734
,Environmental/occupational risks,DALYs,2019,2010,443733655.803807,409520130.978489,482594171.405027
,Behavioural risks,DALYs,2019,2010,915428088.477191,858214267.811233,978596598.781022
,Occupational exposure to trichloroethylene,DALYs,2019,2010,1770.16861515579,388.485041193747,3306.36246233559
,No access to handwashing facility,DALYs,2019,2010,49197901.2102093,35271897.4777116,62652640.0113859
,Child growth failure,DALYs,2019,2010,148588295.628248,126576937.072985,172800493.817139
,Child wasting,DALYs,2019,2010,135581575.74423,110831244.571128,161679348.202162
,Child stunting,DALYs,2019,2010,27668797.6272077,14349226.9222994,47399191.9810702
,Non-optimal temperature,DALYs,2019,2010,37175431.9785862,31767112.0703685,46529154.8518563
,Chewing tobacco,DALYs,2019,2010,1159291.48790564,920149.958460708,1416594.61584731
,Diet low in legumes,DALYs,2019,2010,21947528.4864577,4949329.66149353,35801902.3701293
,Short gestation,DALYs,2019,2010,177517197.063957,161627919.095963,194291396.259628
,Low birth weight,DALYs,2019,2010,210820281.708637,192434803.346081,230351642.228959
,High temperature,DALYs,2019,2010,13642029.4608594,9356887.55462648,23881095.286713
,Low temperature,DALYs,2019,2010,23568176.4954118,19496664.9999693,28059042.3476808
,Low birth weight and short gestation,DALYs,2019,2010,221586389.594942,202230881.722583,242305569.10335
,Kidney dysfunction*,DALYs,2019,2010,64446431.0009722,57599322.5414458,71866539.2096174
,Bullying victimization,DALYs,2019,2010,3390871.4370218,917957.808317625,7550408.97781359
,High LDL cholesterol*,DALYs,2019,2010,87262380.397938,72747643.5471323,104677408.472574
,Particulate matter pollution,DALYs,2019,2010,229839756.678158,207662227.209464,253129106.624009
,Sexual violence against children and bullying,DALYs,2019,2010,6479188.96088459,3092206.53416911,11363523.1485637
,"Unsafe water, sanitation, and handwashing",DALYs,2019,2005,145317502.319825,120289403.259369,173407534.785608
,Unsafe water source,DALYs,2019,2005,108230840.969997,83135168.4038947,133542755.636047
,Unsafe sanitation,DALYs,2019,2005,77350430.2804804,64448144.2103731,93440561.5945335
,Air pollution,DALYs,2019,2005,243282992.316578,218763053.546545,270005452.002043
,Ambient particulate matter pollution,DALYs,2019,2005,89579619.1435778,66920181.4388355,112548319.606808
,Household air pollution from solid fuels,DALYs,2019,2005,150867742.146907,115793422.841212,185898593.809962
,Ambient ozone pollution,DALYs,2019,2005,5320471.50819635,2454632.68985049,8210280.12381753
,Other environmental risks,DALYs,2019,2005,21389000.1910617,14298033.3133647,28981329.0410904
,Residential radon,DALYs,2019,2005,1509779.44800022,297697.512099914,2884136.13507624
,Lead exposure,DALYs,2019,2005,19879220.7430614,12976157.703067,27244919.8008584
,Child and maternal malnutrition,DALYs,2019,2005,468161213.629146,424779049.992434,513252434.788695
,Suboptimal breastfeeding,DALYs,2019,2005,27144634.4293917,19843844.2334911,34504538.1543859
,Child underweight,DALYs,2019,2005,65244785.3604211,51779609.3665978,83073158.5463296
,Iron deficiency,DALYs,2019,2005,30666489.8168291,21021967.1856835,42765746.0613537
,Vitamin A deficiency,DALYs,2019,2005,10095938.4975658,2428584.05025402,19238058.8347392
,Zinc deficiency,DALYs,2019,2005,867058.384850699,314084.049688024,1697664.5141505
,Tobacco,DALYs,2019,2005,216011345.6328,203973797.309532,228667761.64202
,Smoking,DALYs,2019,2005,185935057.410628,176881322.951868,195556279.678
,Second-hand smoke,DALYs,2019,2005,37097773.6883606,27867358.2706488,45867120.8831128
,High alcohol use,DALYs,2019,2005,88210604.7930906,79510514.2855013,98580486.8241054
,Drug use,DALYs,2019,2005,27375694.0724414,23856293.6065069,31488229.0395476
,Metabolic risks,DALYs,2019,2005,357382797.447335,328874286.65486,387740743.033497
,High fasting plasma glucose,DALYs,2019,2005,119494121.96786,100922492.95631,141450086.110128
,High systolic blood pressure,DALYs,2019,2005,192544526.595339,173267890.785932,211009266.497387
,High body-mass index,DALYs,2019,2005,106242595.498724,66031186.1906738,152227764.144007
,Low bone mineral density,DALYs,2019,2005,11948752.1485192,9772177.38696365,14157102.6578527
,Dietary risks,DALYs,2019,2005,158937543.827234,133491482.238112,190113925.905099
,Diet low in fruits,DALYs,2019,2005,25428186.6424812,18239726.581624,33059303.5510722
,Diet low in vegetables,DALYs,2019,2005,11176480.8804354,7199447.32468123,15175246.7090407
,Diet low in whole grains,DALYs,2019,2005,35451330.913303,17820758.8952482,43943447.6704035
,Diet low in nuts and seeds,DALYs,2019,2005,12262828.4776908,6834286.84452997,16633767.2966724
,Diet low in milk,DALYs,2019,2005,2578503.27448591,1662364.77215822,3507299.23563635
,Diet high in red meat,DALYs,2019,2005,19258110.3970871,11973946.3562423,26085976.7451771
,Diet high in processed meat,DALYs,2019,2005,7324084.62359243,3795954.76780008,11166490.2526862
,Diet high in sugar sweetened beverages,DALYs,2019,2005,4804772.51531069,3499699.52557851,5955706.37645082
,Diet low in fiber,DALYs,2019,2005,15724364.3275817,9190236.71559754,22310591.3420747
,Diet low in seafood omega-3 fatty acids,DALYs,2019,2005,6189797.70138906,2640729.39240724,8008871.59798293
,Diet low in polyunsaturated fatty acids,DALYs,2019,2005,6880006.52251076,861657.051871945,13976740.4425363
,Diet high in trans fatty acids,DALYs,2019,2005,12435439.0552203,1288795.71006717,16574177.3977137
,Diet high in sodium,DALYs,2019,2005,38732783.0030856,11611188.6203684,80618908.8827495
,Low physical activity,DALYs,2019,2005,11435751.08072,6041791.11007173,20939988.6996453
,Occupational risks,DALYs,2019,2005,63688092.1595097,55459756.7715901,72189063.8960635
,Occupational carcinogens,DALYs,2019,2005,6282863.54625493,5133538.30255492,7476894.88615541
,Occupational asthmagens,DALYs,2019,2005,1860421.96494453,1494895.77019051,2304427.70610747
,"Occupational particulate matter, gases, and fumes",DALYs,2019,2005,11030719.4994814,9384299.20789202,12782680.8456829
,Occupational noise,DALYs,2019,2005,5353205.28883435,3656561.85049244,7682058.24296714
,Occupational injuries,DALYs,2019,2005,25585317.0803159,23155572.7206105,28344659.1821499
,Occupational ergonomic factors,DALYs,2019,2005,13575564.7796785,9322777.65140627,18373614.8759819
,Sexual violence against children,DALYs,2019,2005,3233666.40398629,1522257.2048324,5926332.15072735
,Intimate partner violence,DALYs,2019,2005,12890865.694003,7678300.89472533,19249079.2815401
,Non-exclusive breastfeeding,DALYs,2019,2005,25971460.497223,18938343.5301491,33313576.1754347
,Discontinued breastfeeding,DALYs,2019,2005,1408452.57765212,468462.811268208,2499134.36815436
,Diet low in calcium,DALYs,2019,2005,2357738.19970586,1747128.75723571,3142059.5583007
,Occupational exposure to asbestos,DALYs,2019,2005,3472781.43714367,2590215.62418632,4408908.13766941
,Occupational exposure to arsenic,DALYs,2019,2005,208504.355271502,28950.6487734924,387719.409678746
,Occupational exposure to benzene,DALYs,2019,2005,73842.7743124069,22884.979445638,119964.690129252
,Occupational exposure to beryllium,DALYs,2019,2005,6142.73016040542,5074.62836142258,7332.10229029066
,Occupational exposure to cadmium,DALYs,2019,2005,14325.0923196756,12080.3035211612,16706.3135212605
,Occupational exposure to chromium,DALYs,2019,2005,29355.1005213566,25786.0257090231,32992.3617789454
,Occupational exposure to diesel engine exhaust,DALYs,2019,2005,376005.486241919,332421.635510336,429930.026497343
,Occupational exposure to formaldehyde,DALYs,2019,2005,45499.5442679424,36645.4787613353,55579.4737243535
,Occupational exposure to nickel,DALYs,2019,2005,202692.840347101,5964.83803795334,546352.276722442
,Occupational exposure to polycyclic aromatic hydrocarbons,DALYs,2019,2005,103160.288107943,88302.303619845,119989.597549223
,Occupational exposure to silica,DALYs,2019,2005,1812382.10570797,1144301.23510052,2494378.49037096
,Occupational exposure to sulphuric acid,DALYs,2019,2005,101447.860360615,42483.1396906202,185523.894753208
,All risk factors,DALYs,2019,2005,1307549499.8411,1231998579.20282,1384420166.07472
,Unsafe sex,DALYs,2019,2005,82356891.3705328,65802065.1717424,101505036.955147
,Environmental/occupational risks,DALYs,2019,2005,469456560.395275,433214606.180288,508528166.380748
,Behavioural risks,DALYs,2019,2005,984189470.999927,923680375.965068,1047342687.58435
,Occupational exposure to trichloroethylene,DALYs,2019,2005,1447.28034532135,319.937308160129,2702.21068961142
,No access to handwashing facility,DALYs,2019,2005,57060782.8485369,41476629.2586869,72896954.2646299
,Child growth failure,DALYs,2019,2005,189195286.606348,162778430.087238,217321211.253853
,Child wasting,DALYs,2019,2005,169038687.647695,139963304.212572,201639627.118474
,Child stunting,DALYs,2019,2005,38758897.4418271,20168651.4506451,64705769.0806157
,Non-optimal temperature,DALYs,2019,2005,37162867.9361871,31054300.1983651,48078566.0177316
,Chewing tobacco,DALYs,2019,2005,1031459.55969543,823834.719971583,1251987.50128947
,Diet low in legumes,DALYs,2019,2005,21283741.3171263,5014628.14136532,34483897.8574651
,Short gestation,DALYs,2019,2005,192167438.013818,176415050.893543,207865050.679705
,Low birth weight,DALYs,2019,2005,229779980.829246,210257236.822056,248310060.409699
,High temperature,DALYs,2019,2005,13079534.8425551,8510650.92617736,25339377.6415506
,Low temperature,DALYs,2019,2005,24118961.8168081,19500548.9425998,29205280.6413832
,Low birth weight and short gestation,DALYs,2019,2005,241172710.456947,220958305.65339,261091789.417357
,Kidney dysfunction*,DALYs,2019,2005,59068001.0549348,52794777.1798568,66187223.3353313
,Bullying victimization,DALYs,2019,2005,3264206.335532,888026.293753334,7229146.06957068
,High LDL cholesterol*,DALYs,2019,2005,83330338.2703146,69439873.7842978,100324097.560473
,Particulate matter pollution,DALYs,2019,2005,240447361.290485,215777663.065853,267037817.720778
,Sexual violence against children and bullying,DALYs,2019,2005,6429892.36940632,3099709.46739047,11169643.8292362
,"Unsafe water, sanitation, and handwashing",DALYs,2019,2007,138653739.689002,115093815.697097,163409592.33163
,Unsafe water source,DALYs,2019,2007,103431390.492802,79504767.6068104,127699170.005065
,Unsafe sanitation,DALYs,2019,2007,73568783.4522136,61633693.4853037,88913157.1461279
,Air pollution,DALYs,2019,2007,238430022.678227,215017407.706095,263126158.35211
,Ambient particulate matter pollution,DALYs,2019,2007,92817643.2572087,71929625.5961828,114875700.136041
,Household air pollution from solid fuels,DALYs,2019,2007,142496687.212987,110270475.043787,175593085.204891
,Ambient ozone pollution,DALYs,2019,2007,5768471.51361594,2724573.39414798,8894527.34535421
,Other environmental risks,DALYs,2019,2007,21732446.1200735,14654403.5881696,29435133.4933665
,Residential radon,DALYs,2019,2007,1540459.36716633,301980.928423452,2971870.91551717
,Lead exposure,DALYs,2019,2007,20191986.7529071,13277812.1097662,27835265.6273295
,Child and maternal malnutrition,DALYs,2019,2007,441451735.61895,399943287.533469,485078945.241156
,Suboptimal breastfeeding,DALYs,2019,2007,25210593.9960161,18598342.1735193,31841924.1492307
,Child underweight,DALYs,2019,2007,56807800.9132909,45447002.2561336,70691614.2846885
,Iron deficiency,DALYs,2019,2007,30631567.0194937,20873485.7148297,42813642.4038481
,Vitamin A deficiency,DALYs,2019,2007,8192728.94470536,2192891.3395186,14955645.5947258
,Zinc deficiency,DALYs,2019,2007,781848.778922091,272732.632386342,1521165.28290781
,Tobacco,DALYs,2019,2007,213631824.502005,201356736.92644,225566157.70353
,Smoking,DALYs,2019,2007,184416476.072618,175504533.538836,193830458.740615
,Second-hand smoke,DALYs,2019,2007,36028861.8046063,27013090.5425026,44677002.2060188
,High alcohol use,DALYs,2019,2007,87951205.3769189,79200781.0196944,98006337.4820508
,Drug use,DALYs,2019,2007,27436728.166842,23890705.5631508,31727072.5303623
,Metabolic risks,DALYs,2019,2007,365679723.128803,336034484.032005,397909275.719844
,High fasting plasma glucose,DALYs,2019,2007,124004308.320005,104608331.176597,146987057.145985
,High systolic blood pressure,DALYs,2019,2007,195187748.812931,176003200.177692,213395427.632635
,High body-mass index,DALYs,2019,2007,110888641.401669,69979587.7171033,157263748.09108
,Low bone mineral density,DALYs,2019,2007,12533613.5349847,10296844.072281,14826943.2476197
,Dietary risks,DALYs,2019,2007,159655777.274257,134119572.665201,191886103.362781
,Diet low in fruits,DALYs,2019,2007,25261216.1054022,18272540.1445604,32989341.6285434
,Diet low in vegetables,DALYs,2019,2007,11320772.1053094,7248033.63162921,15338089.1543848
,Diet low in whole grains,DALYs,2019,2007,35719864.335923,18088432.8696612,44246703.2235261
,Diet low in nuts and seeds,DALYs,2019,2007,12322753.875434,6955097.69070833,16869789.293186
,Diet low in milk,DALYs,2019,2007,2704223.32774629,1758615.88932404,3649256.68562312
,Diet high in red meat,DALYs,2019,2007,19329819.2970511,11962610.1799699,26066951.051325
,Diet high in processed meat,DALYs,2019,2007,7263941.03135895,4031729.55934919,10898006.7195559
,Diet high in sugar sweetened beverages,DALYs,2019,2007,4874624.35485691,3507937.60558151,6089388.61057743
,Diet low in fiber,DALYs,2019,2007,15516512.0007367,9077019.04178954,22041940.4137442
,Diet low in seafood omega-3 fatty acids,DALYs,2019,2007,6274079.8443333,2703199.17440866,8097071.59622515
,Diet low in polyunsaturated fatty acids,DALYs,2019,2007,6939302.66985454,867298.215937874,14113382.4085784
,Diet high in trans fatty acids,DALYs,2019,2007,12369365.2426943,1315597.94276306,16527573.3390736
,Diet high in sodium,DALYs,2019,2007,38639279.0421285,11487434.4827991,81197598.6392847
,Low physical activity,DALYs,2019,2007,11865228.2727673,6336263.49511795,21559199.4236445
,Occupational risks,DALYs,2019,2007,63687880.1452851,55016316.2862159,72159565.2127249
,Occupational carcinogens,DALYs,2019,2007,6452655.48620046,5261870.68964473,7680013.33063405
,Occupational asthmagens,DALYs,2019,2007,1872140.08765562,1499636.79116379,2307894.32014446
,"Occupational particulate matter, gases, and fumes",DALYs,2019,2007,10856467.0624428,9303262.89930601,12512159.1317485
,Occupational noise,DALYs,2019,2007,5582684.93232972,3814633.19127134,8019118.02573422
,Occupational injuries,DALYs,2019,2007,24946690.9372758,22478225.1759461,27722205.2371387
,Occupational ergonomic factors,DALYs,2019,2007,13977241.6393806,9615732.69195186,18829336.84745
,Sexual violence against children,DALYs,2019,2007,3215951.31080718,1521649.28016901,5884793.5920537
,Intimate partner violence,DALYs,2019,2007,12026270.5395943,7165559.66032291,17997388.2315336
,Non-exclusive breastfeeding,DALYs,2019,2007,24095412.0330021,17589856.0420502,30781458.6549118
,Discontinued breastfeeding,DALYs,2019,2007,1324115.57468928,445829.474496184,2351963.65146912
,Diet low in calcium,DALYs,2019,2007,2446973.6712413,1815342.68230678,3292440.92834859
,Occupational exposure to asbestos,DALYs,2019,2007,3574651.53291441,2660756.49959928,4518841.93303119
,Occupational exposure to arsenic,DALYs,2019,2007,215684.82899881,29815.4670709628,394946.238892326
,Occupational exposure to benzene,DALYs,2019,2007,74888.5687485295,23387.2569534043,121748.578418101
,Occupational exposure to beryllium,DALYs,2019,2007,6426.56306794352,5333.95738050167,7582.19984807371
,Occupational exposure to cadmium,DALYs,2019,2007,15037.039896838,12619.1949927224,17502.7578828139
,Occupational exposure to chromium,DALYs,2019,2007,30956.2815504102,27357.3209323054,34621.8700191489
,Occupational exposure to diesel engine exhaust,DALYs,2019,2007,397725.352012684,350876.475124456,454544.415719559
,Occupational exposure to formaldehyde,DALYs,2019,2007,45919.065750689,37051.1963597142,55791.0460181802
,Occupational exposure to nickel,DALYs,2019,2007,209217.382097052,8337.04881352971,555876.887029294
,Occupational exposure to polycyclic aromatic hydrocarbons,DALYs,2019,2007,108793.248990129,92751.5309885829,125539.665886082
,Occupational exposure to silica,DALYs,2019,2007,1839144.43212301,1156064.20548668,2524161.89235157
,Occupational exposure to sulphuric acid,DALYs,2019,2007,104194.012043087,44550.2947888972,188027.913529574
,All risk factors,DALYs,2019,2007,1280178210.73673,1204643181.75732,1356091273.10394
,Unsafe sex,DALYs,2019,2007,76228678.6471622,64368043.3335078,92218782.1792116
,Environmental/occupational risks,DALYs,2019,2007,458742661.189008,423061433.760954,496010432.755891
,Behavioural risks,DALYs,2019,2007,951493099.247845,893033825.866277,1010352444.73686
,Occupational exposure to trichloroethylene,DALYs,2019,2007,1571.95673183413,349.478624916259,2929.15101082348
,No access to handwashing facility,DALYs,2019,2007,54590143.5798434,39489179.3549221,69515353.3806175
,Child growth failure,DALYs,2019,2007,170635162.669918,146890028.464227,196197047.746539
,Child wasting,DALYs,2019,2007,154693153.187682,128512309.234012,183074512.817942
,Child stunting,DALYs,2019,2007,33470012.4178376,17230751.8814945,56221110.5135481
,Non-optimal temperature,DALYs,2019,2007,35776481.1034264,30108182.7775459,45603876.1540879
,Chewing tobacco,DALYs,2019,2007,1088280.83918714,869688.294256103,1313266.27544677
,Diet low in legumes,DALYs,2019,2007,21334569.6007164,4957996.22928425,34645473.3369937
,Short gestation,DALYs,2019,2007,186654649.638136,171052446.612258,203344793.049055
,Low birth weight,DALYs,2019,2007,222565295.476384,204183034.127471,242348334.941227
,High temperature,DALYs,2019,2007,12432133.2258632,8238978.77744779,23959319.4562937
,Low temperature,DALYs,2019,2007,23376872.2231414,18878222.0255554,28212421.3613355
,Low birth weight and short gestation,DALYs,2019,2007,233741186.114492,214425676.321385,254420531.653713
,Kidney dysfunction*,DALYs,2019,2007,60758178.4845187,54315416.1466465,67999526.8697858
,Bullying victimization,DALYs,2019,2007,3328675.19331401,909192.819315617,7413924.92984429
,High LDL cholesterol*,DALYs,2019,2007,83794384.4503287,69910605.4891735,100655360.381913
,Particulate matter pollution,DALYs,2019,2007,235342965.548427,212464529.55519,260197897.371387
,Sexual violence against children and bullying,DALYs,2019,2007,6476202.16478479,3119297.07731701,11262431.3837298
,"Unsafe water, sanitation, and handwashing",DALYs,2019,2017,96342032.1153806,78080776.7156052,119105856.56717
,Unsafe water source,DALYs,2019,2017,71770451.6450291,53622428.1425745,91463817.1250297
,Unsafe sanitation,DALYs,2019,2017,47204657.6353024,38049314.8903666,58740692.3303551
,Air pollution,DALYs,2019,2017,215598922.31538,192122158.857637,240413454.990895
,Ambient particulate matter pollution,DALYs,2019,2017,112799038.092998,91689815.4385011,133083847.412615
,Household air pollution from solid fuels,DALYs,2019,2017,99342721.4420875,73223554.3001402,128352879.252013
,Ambient ozone pollution,DALYs,2019,2017,6072279.10623676,2900176.80986702,9200005.02574646
,Other environmental risks,DALYs,2019,2017,23363350.9284492,15391430.3494936,32023084.6359509
,Residential radon,DALYs,2019,2017,1795626.66711627,358422.104168299,3470120.75510647
,Lead exposure,DALYs,2019,2017,21567724.2613329,13756480.970271,30225780.0547372
,Child and maternal malnutrition,DALYs,2019,2017,319785693.137199,275849259.093623,372009230.029368
,Suboptimal breastfeeding,DALYs,2019,2017,15107714.464282,11018646.8660297,19673556.8935974
,Child underweight,DALYs,2019,2017,31794215.2448503,25683803.8902419,40420595.8797602
,Iron deficiency,DALYs,2019,2017,31418500.0715003,21306216.4181409,44177839.3971217
,Vitamin A deficiency,DALYs,2019,2017,3711711.12019378,1431218.22178196,6336605.48450547
,Zinc deficiency,DALYs,2019,2017,317308.570087469,81467.3748852995,715047.839937855
,Tobacco,DALYs,2019,2017,223841028.75904,208161478.528936,238920335.161316
,Smoking,DALYs,2019,2017,194703906.641608,181473282.09321,208257687.839588
,Second-hand smoke,DALYs,2019,2017,35961229.1238454,27635374.8404262,43820242.5227266
,High alcohol use,DALYs,2019,2017,90627723.2612925,80518445.8676626,101890105.32739
,Drug use,DALYs,2019,2017,30096128.9594652,26062744.3015338,34898994.7028048
,Metabolic risks,DALYs,2019,2017,441961157.825434,401288227.761917,484378519.298081
,High fasting plasma glucose,DALYs,2019,2017,159366251.667302,133027469.497775,189243864.052908
,High systolic blood pressure,DALYs,2019,2017,227076530.256415,203240231.823416,249506210.639777
,High body-mass index,DALYs,2019,2017,149930243.510049,98713582.1717992,205575075.975516
,Low bone mineral density,DALYs,2019,2017,15701649.1086574,12726155.8315908,18742855.010603
,Dietary risks,DALYs,2019,2017,180922784.996791,149947431.016615,219241080.317201
,Diet low in fruits,DALYs,2019,2017,26816580.6304289,19590209.7729797,34590589.684688
,Diet low in vegetables,DALYs,2019,2017,12561924.4287811,7984988.96554612,17122244.2501488
,Diet low in whole grains,DALYs,2019,2017,40911905.4611811,20932111.0007422,50920208.1848813
,Diet low in nuts and seeds,DALYs,2019,2017,13336492.3936898,7655218.60248101,18281432.804801
,Diet low in milk,DALYs,2019,2017,3537500.46285211,2294591.6631031,4754353.16649802
,Diet high in red meat,DALYs,2019,2017,22851804.7251659,14691166.6201248,30708163.6775058
,Diet high in processed meat,DALYs,2019,2017,8182393.99967608,5027634.55521213,12136781.589789
,Diet high in sugar sweetened beverages,DALYs,2019,2017,5963192.85405766,4053606.02855703,7616193.91406564
,Diet low in fiber,DALYs,2019,2017,15087598.7549242,8946674.75171728,21477129.3222543
,Diet low in seafood omega-3 fatty acids,DALYs,2019,2017,7217117.35958081,3259239.83605427,9346658.72657055
,Diet low in polyunsaturated fatty acids,DALYs,2019,2017,7772617.00014501,945474.584342756,15840884.2866657
,Diet high in trans fatty acids,DALYs,2019,2017,13688247.0218852,1556988.25307151,18675222.7811746
,Diet high in sodium,DALYs,2019,2017,43638924.7244024,12704052.7918228,93041410.6366224
,Low physical activity,DALYs,2019,2017,15355035.4774113,8335610.98552569,27626792.8609767
,Occupational risks,DALYs,2019,2017,65087065.7018891,55601767.3795999,74855878.0596191
,Occupational carcinogens,DALYs,2019,2017,7382932.24713258,5960548.50033994,8883490.60227659
,Occupational asthmagens,DALYs,2019,2017,1863312.27312111,1500929.23259143,2275480.67224224
,"Occupational particulate matter, gases, and fumes",DALYs,2019,2017,11318018.3071288,9529595.59283994,13189220.2318518
,Occupational noise,DALYs,2019,2017,6800794.03491465,4637889.89560765,9761651.80782908
,Occupational injuries,DALYs,2019,2017,22623766.2317491,20119092.5707959,25457827.6998225
,Occupational ergonomic factors,DALYs,2019,2017,15098242.6078429,10439126.9634609,20410184.7587522
,Sexual violence against children,DALYs,2019,2017,3558480.20245873,1690723.25067193,6410423.58955398
,Intimate partner violence,DALYs,2019,2017,8753277.0016671,4739206.06979423,13445653.0952147
,Non-exclusive breastfeeding,DALYs,2019,2017,14363011.8400844,10386752.6853033,19051470.949706
,Discontinued breastfeeding,DALYs,2019,2017,878088.476757373,291661.662182008,1574616.863286
,Diet low in calcium,DALYs,2019,2017,2977272.05447175,2134073.45793391,4059111.57963089
,Occupational exposure to asbestos,DALYs,2019,2017,4063206.39710632,3007040.56401826,5118008.17690279
,Occupational exposure to arsenic,DALYs,2019,2017,254964.630250445,46984.5165755042,464630.440336536
,Occupational exposure to benzene,DALYs,2019,2017,82514.6232535863,25259.0923411004,134575.748555906
,Occupational exposure to beryllium,DALYs,2019,2017,8028.55239891698,6544.32159956239,9712.04519189285
,Occupational exposure to cadmium,DALYs,2019,2017,18891.9636242179,15569.2106160231,22438.909691631
,Occupational exposure to chromium,DALYs,2019,2017,39613.0967833536,33713.5500690295,45014.1677027282
,Occupational exposure to diesel engine exhaust,DALYs,2019,2017,521775.524070679,451501.058752322,600152.573666531
,Occupational exposure to formaldehyde,DALYs,2019,2017,48966.312513034,39628.6080367854,59388.6320719896
,Occupational exposure to nickel,DALYs,2019,2017,246427.45702005,18228.620169105,637895.764000013
,Occupational exposure to polycyclic aromatic hydrocarbons,DALYs,2019,2017,139467.595587682,115655.302112292,163824.428120221
,Occupational exposure to silica,DALYs,2019,2017,2039486.4833187,1263019.39739762,2866315.4115038
,Occupational exposure to sulphuric acid,DALYs,2019,2017,121511.418674574,51945.0609043672,220621.101665007
,All risk factors,DALYs,2019,2017,1214094092.63955,1122045517.13751,1313083915.65033
,Unsafe sex,DALYs,2019,2017,49837018.0999251,44309011.3998903,58165101.9379458
,Environmental/occupational risks,DALYs,2019,2017,404724437.811581,365817634.297625,445553339.749297
,Behavioural risks,DALYs,2019,2017,843575120.837285,776764381.748077,922359875.333372
,Occupational exposure to trichloroethylene,DALYs,2019,2017,2235.50580532075,489.934106939407,4175.11080027768
,No access to handwashing facility,DALYs,2019,2017,37545223.192228,26454018.7565204,48764895.6337338
,Child growth failure,DALYs,2019,2017,102346390.961326,84342085.1628053,125006135.476678
,Child wasting,DALYs,2019,2017,94871658.9071496,75462205.6668686,117347090.588359
,Child stunting,DALYs,2019,2017,16978426.3235041,8189479.07121868,30971815.7813178
,Non-optimal temperature,DALYs,2019,2017,36630714.3140724,31519266.9889057,43956072.1217938
,Chewing tobacco,DALYs,2019,2017,1411809.46399455,1091758.09466224,1756602.9556574
,Diet low in legumes,DALYs,2019,2017,23522951.2502373,5162302.74063597,38226936.1083605
,Short gestation,DALYs,2019,2017,147650673.648108,127971540.601624,170828704.534281
,Low birth weight,DALYs,2019,2017,172411875.36202,149652178.056927,199984909.758131
,High temperature,DALYs,2019,2017,11775151.4422413,8196402.03539157,19701395.0784127
,Low temperature,DALYs,2019,2017,24899734.4718236,20652806.8556561,29518495.7538426
,Low birth weight and short gestation,DALYs,2019,2017,181979174.953183,157816078.302248,211348034.231206
,Kidney dysfunction*,DALYs,2019,2017,74617615.11766,66454049.1350758,83664049.1598844
,Bullying victimization,DALYs,2019,2017,3674740.68762123,960844.45474929,8181259.59583635
,High LDL cholesterol*,DALYs,2019,2017,95161874.340617,78111019.5770187,113722579.982599
,Particulate matter pollution,DALYs,2019,2017,212141759.535086,188942665.131194,236976190.669034
,Sexual violence against children and bullying,DALYs,2019,2017,7155902.91192615,3437464.479306,12491789.384862
,"Unsafe water, sanitation, and handwashing",DALYs,2019,2016,98500175.2640656,79690054.6118171,120668237.355416
,Unsafe water source,DALYs,2019,2016,72936998.2981893,54388642.9256764,92377417.1428802
,Unsafe sanitation,DALYs,2019,2016,48596875.4299545,39690709.5942404,59860243.6662291
,Air pollution,DALYs,2019,2016,220100684.816141,197228179.149591,245279446.872723
,Ambient particulate matter pollution,DALYs,2019,2016,113872067.536535,91772565.1834288,133837651.345384
,Household air pollution from solid fuels,DALYs,2019,2016,102837116.575342,76207243.9596562,132285010.840767
,Ambient ozone pollution,DALYs,2019,2016,5877640.24461253,2757506.87966929,9058910.05197876
,Other environmental risks,DALYs,2019,2016,23300079.5069896,15436790.6144342,31916729.9277741
,Residential radon,DALYs,2019,2016,1767722.5196871,343840.12017678,3406206.81443937
,Lead exposure,DALYs,2019,2016,21532356.9873025,13915977.2721971,29961340.8953204
,Child and maternal malnutrition,DALYs,2019,2016,332861694.071778,288771900.469606,384900690.145655
,Suboptimal breastfeeding,DALYs,2019,2016,15977472.9920491,11702464.9926312,20758941.632341
,Child underweight,DALYs,2019,2016,33445553.920849,26862169.8729687,42607907.8324343
,Iron deficiency,DALYs,2019,2016,31362706.0167546,21460158.270661,44042590.7952615
,Vitamin A deficiency,DALYs,2019,2016,3942761.72271112,1485149.81209634,6756096.81876121
,Zinc deficiency,DALYs,2019,2016,338373.612137506,89895.9082166207,756291.077364512
,Tobacco,DALYs,2019,2016,222791189.763305,208710353.138363,237342435.056564
,Smoking,DALYs,2019,2016,193679071.124863,181292433.141077,206879621.865676
,Second-hand smoke,DALYs,2019,2016,35927578.394823,27489852.325031,44003236.127449
,High alcohol use,DALYs,2019,2016,89990960.3923466,80005934.2228804,100142581.802871
,Drug use,DALYs,2019,2016,29572281.1687187,25648615.1498996,34145118.8810117
,Metabolic risks,DALYs,2019,2016,434182332.507423,396071459.819063,476905460.83095
,High fasting plasma glucose,DALYs,2019,2016,156393420.074535,131254520.64588,185770099.403499
,High systolic blood pressure,DALYs,2019,2016,224080795.693545,202169937.711431,247196164.064792
,High body-mass index,DALYs,2019,2016,145934151.937319,96289651.6333127,200456873.90842
,Low bone mineral density,DALYs,2019,2016,15243896.5436009,12384242.2844279,18173644.3818828
,Dietary risks,DALYs,2019,2016,178667561.513543,149830513.82266,216312514.803119
,Diet low in fruits,DALYs,2019,2016,26586676.1478138,19410667.3101105,34387546.8429738
,Diet low in vegetables,DALYs,2019,2016,12425975.7812274,7941311.50152933,16827040.070224
,Diet low in whole grains,DALYs,2019,2016,40407722.6084546,20829860.1006109,50275536.500747
,Diet low in nuts and seeds,DALYs,2019,2016,13276333.4336178,7618375.20506072,18181453.7821097
,Diet low in milk,DALYs,2019,2016,3439758.98046494,2231099.56398005,4675940.97046028
,Diet high in red meat,DALYs,2019,2016,22509534.4849433,14549235.9642658,30215411.4590099
,Diet high in processed meat,DALYs,2019,2016,8085995.68549747,4936310.06531674,12049075.6916454
,Diet high in sugar sweetened beverages,DALYs,2019,2016,5819124.1240086,3981013.41935377,7428824.92701818
,Diet low in fiber,DALYs,2019,2016,15050754.1517798,8889389.13586811,21466107.6678188
,Diet low in seafood omega-3 fatty acids,DALYs,2019,2016,7122265.03917646,3164329.31486493,9242290.22610565
,Diet low in polyunsaturated fatty acids,DALYs,2019,2016,7700288.09140699,939836.428765251,15825018.9775954
,Diet high in trans fatty acids,DALYs,2019,2016,13500004.810037,1553368.94465333,18301774.6522318
,Diet high in sodium,DALYs,2019,2016,43136074.4949054,12877451.3220484,91520992.5908792
,Low physical activity,DALYs,2019,2016,14782940.7514624,7958684.20947676,26468993.2311915
,Occupational risks,DALYs,2019,2016,64656951.0836362,55278321.0075291,74242508.3135032
,Occupational carcinogens,DALYs,2019,2016,7332982.08318294,5936626.25119296,8806687.45522005
,Occupational asthmagens,DALYs,2019,2016,1844591.81549359,1490743.63908874,2246130.6962561
,"Occupational particulate matter, gases, and fumes",DALYs,2019,2016,11227583.5355562,9442785.866787,13066413.1003156
,Occupational noise,DALYs,2019,2016,6627514.80971571,4522168.19801569,9503083.55609452
,Occupational injuries,DALYs,2019,2016,22621811.9988107,20270441.8215007,25217982.311827
,Occupational ergonomic factors,DALYs,2019,2016,15002466.8408768,10358331.2653058,20288906.6971891
,Sexual violence against children,DALYs,2019,2016,3509431.91569912,1665742.92106504,6339582.09876761
,Intimate partner violence,DALYs,2019,2016,8898020.65715006,4900371.23783566,13602956.6338037
,Non-exclusive breastfeeding,DALYs,2019,2016,15182562.9694342,11054517.2701383,19913840.3393566
,Discontinued breastfeeding,DALYs,2019,2016,940484.580223962,311290.021080923,1680916.98222207
,Diet low in calcium,DALYs,2019,2016,2918386.50861123,2102819.13450944,3945796.41965284
,Occupational exposure to asbestos,DALYs,2019,2016,4054980.8401389,3022316.26735561,5123970.62342815
,Occupational exposure to arsenic,DALYs,2019,2016,248872.75443614,40615.6879685351,448082.805529705
,Occupational exposure to benzene,DALYs,2019,2016,81010.4376362051,24435.864629223,131876.080488904
,Occupational exposure to beryllium,DALYs,2019,2016,7808.80517390002,6354.93924993209,9477.18467062548
,Occupational exposure to cadmium,DALYs,2019,2016,18325.3988806378,15054.0746087456,21784.5384872414
,Occupational exposure to chromium,DALYs,2019,2016,38323.6190486998,33084.1857381782,43858.7411979197
,Occupational exposure to diesel engine exhaust,DALYs,2019,2016,504929.68479137,438465.102218521,586279.477418802
,Occupational exposure to formaldehyde,DALYs,2019,2016,48054.7504022718,38977.8096677055,58277.6422695693
,Occupational exposure to nickel,DALYs,2019,2016,241220.20368049,14970.1843012718,640918.063446262
,Occupational exposure to polycyclic aromatic hydrocarbons,DALYs,2019,2016,134954.236773743,112991.072030336,159536.31855253
,Occupational exposure to silica,DALYs,2019,2016,2034035.32385207,1234760.2793614,2817338.59565253
,Occupational exposure to sulphuric acid,DALYs,2019,2016,119895.482897404,50718.2235330547,218892.598396652
,All risk factors,DALYs,2019,2016,1219101815.05101,1132407173.87831,1313863227.46052
,Unsafe sex,DALYs,2019,2016,51596297.6023381,45528286.3692744,60929613.0002272
,Environmental/occupational risks,DALYs,2019,2016,410078734.88474,374397604.370391,450191039.0498
,Behavioural risks,DALYs,2019,2016,853259248.190679,788991773.522611,925583207.12778
,Occupational exposure to trichloroethylene,DALYs,2019,2016,2152.0191288908,467.014269011174,4065.0879542335
,No access to handwashing facility,DALYs,2019,2016,38781774.7808909,27187628.4019404,50135865.072223604
,Child growth failure,DALYs,2019,2016,107726032.565584,89196539.6838301,130233099.463784
,Child wasting,DALYs,2019,2016,99684193.3738949,80446242.3528825,122464936.57854
,Child stunting,DALYs,2019,2016,18155028.7394766,8682515.60440963,32948266.4177275
,Non-optimal temperature,DALYs,2019,2016,36760574.8423735,31633387.6457003,44569198.9386789
,Chewing tobacco,DALYs,2019,2016,1371371.04218503,1087054.85728954,1710136.71883307
,Diet low in legumes,DALYs,2019,2016,23304684.6091573,5105256.50295923,37937903.6355521
,Short gestation,DALYs,2019,2016,153474337.489021,134101773.874149,176382668.765183
,Low birth weight,DALYs,2019,2016,179718130.02642,157045212.279326,206768917.961154
,High temperature,DALYs,2019,2016,12566599.7804907,8767586.95037513,20809807.7472691
,Low temperature,DALYs,2019,2016,24235404.0399479,20270214.3819886,28617410.1747664
,Low birth weight and short gestation,DALYs,2019,2016,189531293.800971,165147677.165619,217802812.704821
,Kidney dysfunction*,DALYs,2019,2016,73088918.0418467,65112207.6152428,82038655.7295134
,Bullying victimization,DALYs,2019,2016,3631745.26504816,953119.508437328,8058361.05714741
,High LDL cholesterol*,DALYs,2019,2016,94212569.2977045,77851156.7848714,113793868.896226
,Particulate matter pollution,DALYs,2019,2016,216796383.959104,194228642.225435,241589425.854276
,Sexual violence against children and bullying,DALYs,2019,2016,7065385.12292525,3400933.48246268,12327514.4432561
,"Unsafe water, sanitation, and handwashing",DALYs,2019,2013,111186618.503338,91435179.1215726,133591301.473151
,Unsafe water source,DALYs,2019,2013,82568344.5099927,63715761.8907389,101553549.913464
,Unsafe sanitation,DALYs,2019,2013,56846184.123236,47631962.5265899,68716783.6220918
,Air pollution,DALYs,2019,2013,227898609.645719,204868995.648632,251350895.955774
,Ambient particulate matter pollution,DALYs,2019,2013,110741062.258413,88462610.9275721,132219039.426973
,Household air pollution from solid fuels,DALYs,2019,2013,114626172.93862,85889999.6540684,144947444.056437
,Ambient ozone pollution,DALYs,2019,2013,5364590.82696637,2502632.99469287,8306003.39039992
,Other environmental risks,DALYs,2019,2013,22934039.4465611,15292741.2178848,31210403.5935067
,Residential radon,DALYs,2019,2013,1684687.12077458,336338.094427879,3297962.27686354
,Lead exposure,DALYs,2019,2013,21249352.3257865,13991569.211099,29060558.3950627
,Child and maternal malnutrition,DALYs,2019,2013,372698472.804898,331192607.370105,419278771.606137
,Suboptimal breastfeeding,DALYs,2019,2013,19271467.6102876,14398741.5536362,24626204.625076
,Child underweight,DALYs,2019,2013,40366847.1585531,32636951.1570458,51057443.9291274
,Iron deficiency,DALYs,2019,2013,31084941.6974302,21192650.9866245,43528332.4373484
,Vitamin A deficiency,DALYs,2019,2013,5215942.96846025,1754788.22334685,9293184.86580226
,Zinc deficiency,DALYs,2019,2013,465748.898934351,147023.804440135,989075.795827289
,Tobacco,DALYs,2019,2013,217822933.751204,205265079.775341,230444398.014414
,Smoking,DALYs,2019,2013,189065801.321927,179147032.857015,199527139.906776
,Second-hand smoke,DALYs,2019,2013,35497846.2469627,27260253.4257416,43606443.6489578
,High alcohol use,DALYs,2019,2013,88355213.3053648,78991892.3498238,98109283.8769102
,Drug use,DALYs,2019,2013,27668353.0734562,23923768.3961866,32088669.0746444
,Metabolic risks,DALYs,2019,2013,407544529.357139,373144087.725651,442560206.040312
,High fasting plasma glucose,DALYs,2019,2013,144301053.71322,121132846.382879,171498210.021778
,High systolic blood pressure,DALYs,2019,2013,212834750.857853,192203294.740669,232233846.669492
,High body-mass index,DALYs,2019,2013,131927317.33706,85802127.0584721,183532580.409063
,Low bone mineral density,DALYs,2019,2013,14144660.7847967,11535340.4927142,16769821.0580441
,Dietary risks,DALYs,2019,2013,170863798.786212,142962650.137325,204933710.922806
,Diet low in fruits,DALYs,2019,2013,25827301.7775955,18722167.8484691,33763914.1537217
,Diet low in vegetables,DALYs,2019,2013,11965940.1984248,7638273.40617737,16310268.6273879
,Diet low in whole grains,DALYs,2019,2013,38535693.3200562,19648034.8663443,47757548.7144228
,Diet low in nuts and seeds,DALYs,2019,2013,12917511.0927223,7273525.80285971,17667193.0269188
,Diet low in milk,DALYs,2019,2013,3173863.63871403,2072506.86228488,4315874.17581901
,Diet high in red meat,DALYs,2019,2013,21242545.0269674,13543924.816877,28307884.915922
,Diet high in processed meat,DALYs,2019,2013,7689211.40463642,4629542.15942793,11397265.3445591
,Diet high in sugar sweetened beverages,DALYs,2019,2013,5407184.9148995,3753913.35157949,6857802.96718953
,Diet low in fiber,DALYs,2019,2013,15057945.8847175,8825130.61221407,21502497.2270833
,Diet low in seafood omega-3 fatty acids,DALYs,2019,2013,6801476.55286019,2948607.29093067,8793120.42817509
,Diet low in polyunsaturated fatty acids,DALYs,2019,2013,7434567.17327555,926927.717801135,15123551.1580187
,Diet high in trans fatty acids,DALYs,2019,2013,12916438.0262728,1453642.69018086,17615123.9872999
,Diet high in sodium,DALYs,2019,2013,41519181.4665368,12259130.9461864,87419342.6999482
,Low physical activity,DALYs,2019,2013,13595415.4055336,7333505.09737597,24585546.9690868
,Occupational risks,DALYs,2019,2013,63975867.4928716,55278431.0071401,72995405.1951644
,Occupational carcinogens,DALYs,2019,2013,7137926.78061488,5791268.27306552,8565942.63299215
,Occupational asthmagens,DALYs,2019,2013,1829366.70036748,1479050.8417158,2223770.25478608
,"Occupational particulate matter, gases, and fumes",DALYs,2019,2013,11011083.207019,9345676.13534101,12842337.7789427
,Occupational noise,DALYs,2019,2013,6242115.83360779,4250040.06121222,8920437.41787579
,Occupational injuries,DALYs,2019,2013,23071513.0769108,20765751.9203591,25616365.7085325
,Occupational ergonomic factors,DALYs,2019,2013,14683861.8943516,10123588.3950822,19798436.2944227
,Sexual violence against children,DALYs,2019,2013,3322108.23245029,1573403.16969728,6000852.16632756
,Intimate partner violence,DALYs,2019,2013,9349096.47234647,5314177.87660675,14007599.3890988
,Non-exclusive breastfeeding,DALYs,2019,2013,18225175.5242756,13442337.6680088,23446540.5619232
,Discontinued breastfeeding,DALYs,2019,2013,1256171.97380125,447501.124722326,2238457.53734395
,Diet low in calcium,DALYs,2019,2013,2760855.78356899,1998077.22055281,3704820.7384527
,Occupational exposure to asbestos,DALYs,2019,2013,4001443.6269099,2979447.15912454,5022437.61616595
,Occupational exposure to arsenic,DALYs,2019,2013,235929.085816506,37329.7840389947,428606.930392289
,Occupational exposure to benzene,DALYs,2019,2013,78167.756384517,23951.466032663,127906.615311878
,Occupational exposure to beryllium,DALYs,2019,2013,7297.05005248829,6001.00888283072,8684.41828803187
,Occupational exposure to cadmium,DALYs,2019,2013,17127.6133929203,14194.5493333931,20250.7427299339
,Occupational exposure to chromium,DALYs,2019,2013,35689.7686629324,31268.4954937775,40342.1183100725
,Occupational exposure to diesel engine exhaust,DALYs,2019,2013,467537.121532786,408046.470504891,537154.79177643
,Occupational exposure to formaldehyde,DALYs,2019,2013,46732.6530157371,38053.8542642911,56931.3304215803
,Occupational exposure to nickel,DALYs,2019,2013,228321.499075089,14551.3081290054,596407.328565862
,Occupational exposure to polycyclic aromatic hydrocarbons,DALYs,2019,2013,125642.168245601,104674.485992133,146338.724233592
,Occupational exposure to silica,DALYs,2019,2013,1972338.0739854,1223147.27815486,2747114.68528481
,Occupational exposure to sulphuric acid,DALYs,2019,2013,113923.014873116,47844.7315341067,207165.270432077
,All risk factors,DALYs,2019,2013,1231244715.37616,1152914835.94264,1316923866.64063
,Unsafe sex,DALYs,2019,2013,56018034.3225143,49499765.8889058,66589052.9152699
,Environmental/occupational risks,DALYs,2019,2013,426531541.014641,392968172.442863,463648365.698606
,Behavioural risks,DALYs,2019,2013,880706609.491829,818481512.778283,945578538.89891
,Occupational exposure to trichloroethylene,DALYs,2019,2013,1950.03691914267,425.025822192491,3657.26826503552
,No access to handwashing facility,DALYs,2019,2013,43691630.6010649,31047775.0166826,55957454.787837
,Child growth failure,DALYs,2019,2013,128150968.046074,108023290.857194,150264180.913136
,Child wasting,DALYs,2019,2013,117438429.378941,95616705.6714674,141107015.652358
,Child stunting,DALYs,2019,2013,22835652.8179615,11515028.0568031,40506117.0383471
,Non-optimal temperature,DALYs,2019,2013,35736016.3913332,30786628.773966,44120741.8465373
,Chewing tobacco,DALYs,2019,2013,1251344.35295922,1003588.00919455,1515117.93243591
,Diet low in legumes,DALYs,2019,2013,22483966.6975661,4962283.60408498,36714518.5069757
,Short gestation,DALYs,2019,2013,167824281.719964,150377772.393149,188666618.132207
,Low birth weight,DALYs,2019,2013,198125463.180597,178089074.804896,221767579.554111
,High temperature,DALYs,2019,2013,11452230.5246244,7724834.07139443,20980573.99941
,Low temperature,DALYs,2019,2013,24315491.281824,20053434.3811902,29183044.4695176
,Low birth weight and short gestation,DALYs,2019,2013,208459049.453617,187051372.424564,233580180.230989
,Kidney dysfunction*,DALYs,2019,2013,68157795.5209277,60775734.5283371,76139159.7668853
,Bullying victimization,DALYs,2019,2013,3505286.49217402,926354.911098079,7810241.95786774
,High LDL cholesterol*,DALYs,2019,2013,90111463.25857,74909106.9165054,107834380.307992
,Particulate matter pollution,DALYs,2019,2013,224944923.188655,202278985.026255,248037002.37159
,Sexual violence against children and bullying,DALYs,2019,2013,6756217.10878441,3247328.671077,11796412.3181778
,"Unsafe water, sanitation, and handwashing",DALYs,2019,2019,87538461.1947568,69748717.1422366,108592067.698217
,Unsafe water source,DALYs,2019,2019,65096465.998649,47674850.9818999,83747286.5783352
,Unsafe sanitation,DALYs,2019,2019,41405159.4075026,33153186.5684072,52548320.2536077
,Air pollution,DALYs,2019,2019,213284886.633513,188894775.428659,239530188.999461
,Ambient particulate matter pollution,DALYs,2019,2019,118215374.144248,95948202.3741049,138428611.039833
,Household air pollution from solid fuels,DALYs,2019,2019,91474468.7306209,67036498.800578,118593336.592371
,Ambient ozone pollution,DALYs,2019,2019,6210145.35725744,2985050.4246871,9630800.61258205
,Other environmental risks,DALYs,2019,2019,23561861.6024215,15480385.1217766,32524843.5358613
,Residential radon,DALYs,2019,2019,1885476.2695646,373710.405857009,3652494.75647196
,Lead exposure,DALYs,2019,2019,21676385.3328569,13812877.4375949,30297656.7359695
,Child and maternal malnutrition,DALYs,2019,2019,294779309.42354,252994742.379728,349534865.057043
,Suboptimal breastfeeding,DALYs,2019,2019,13145100.9888842,9346953.53787415,17614516.2172097
,Child underweight,DALYs,2019,2019,28123235.8243097,22532393.7008398,35947330.1206359
,Iron deficiency,DALYs,2019,2019,31263125.083916,21271981.9692071,43987242.0222646
,Vitamin A deficiency,DALYs,2019,2019,3297057.07631427,1347265.68033885,5593875.76288212
,Zinc deficiency,DALYs,2019,2019,258812.803459276,66896.5294782598,597019.17668793
,Tobacco,DALYs,2019,2019,229772303.160663,213076969.43039,246398939.005308
,Smoking,DALYs,2019,2019,199794745.476503,185451306.073709,213815712.326619
,Second-hand smoke,DALYs,2019,2019,37002067.5076173,28634295.1397787,45125997.8265718
,High alcohol use,DALYs,2019,2019,92996235.2226489,82358722.0731188,105098270.328757
,Drug use,DALYs,2019,2019,30927026.6652818,26668899.960044,35669628.8788688
,Metabolic risks,DALYs,2019,2019,462801825.351556,420173797.925686,509937631.979442
,High fasting plasma glucose,DALYs,2019,2019,172068733.66272,142535291.033423,204905610.292306
,High systolic blood pressure,DALYs,2019,2019,235424636.139878,211056308.496632,260554757.721569
,High body-mass index,DALYs,2019,2019,160265357.494357,105969034.158984,218870439.287827
,Low bone mineral density,DALYs,2019,2019,16647466.3994223,13503526.2358249,20036301.7418832
,Dietary risks,DALYs,2019,2019,187695611.722531,155915464.870632,225396721.892824
,Diet low in fruits,DALYs,2019,2019,27678336.1525521,20226683.1197523,35925411.300784
,Diet low in vegetables,DALYs,2019,2019,12953238.48279,8248082.56831476,17515468.8697509
,Diet low in whole grains,DALYs,2019,2019,42573706.3504837,22331727.7747077,53238699.0293731
,Diet low in nuts and seeds,DALYs,2019,2019,13595096.546288,7756115.80704582,18643841.2456166
,Diet low in milk,DALYs,2019,2019,3799297.24857622,2457767.552848,5124452.91399502
,Diet high in red meat,DALYs,2019,2019,23861073.7568091,15599234.0816413,32020022.0711741
,Diet high in processed meat,DALYs,2019,2019,8556880.5715729,5293182.26883161,12676193.1894375
,Diet high in sugar sweetened beverages,DALYs,2019,2019,6307561.76006201,4300765.17816272,8079555.92331289
,Diet low in fiber,DALYs,2019,2019,15297367.3445709,9111327.66795394,21951846.984253
,Diet low in seafood omega-3 fatty acids,DALYs,2019,2019,7409654.91259736,3373472.42294569,9686982.23666079
,Diet low in polyunsaturated fatty acids,DALYs,2019,2019,8012899.22559144,969247.907817242,16249212.8651237
,Diet high in trans fatty acids,DALYs,2019,2019,14234236.9514579,1580401.88499012,19410190.7866601
,Diet high in sodium,DALYs,2019,2019,44866637.6268002,13024501.4945786,94682290.1903748
,Low physical activity,DALYs,2019,2019,15747938.2067888,8515093.96991076,28617800.8337841
,Occupational risks,DALYs,2019,2019,66108349.1236452,56387137.9868096,75967679.0165883
,Occupational carcinogens,DALYs,2019,2019,7691762.8836161,6206344.79039253,9328802.63685161
,Occupational asthmagens,DALYs,2019,2019,1896342.56633272,1510606.49380882,2334593.34459353
,"Occupational particulate matter, gases, and fumes",DALYs,2019,2019,11788178.472088,9813894.93608727,13798194.6339449
,Occupational noise,DALYs,2019,2019,7001448.62595467,4760561.97958773,10059343.1465183
,Occupational injuries,DALYs,2019,2019,22419935.5870209,19842434.5489923,25396791.3776798
,Occupational ergonomic factors,DALYs,2019,2019,15310680.9886327,10544903.6886497,20762409.3983894
,Sexual violence against children,DALYs,2019,2019,3673041.7851153,1750269.07768308,6557015.81622034
,Intimate partner violence,DALYs,2019,2019,8497964.17067719,4440756.44346883,13256990.9124657
,Non-exclusive breastfeeding,DALYs,2019,2019,12525991.3291267,8889963.60328896,16885337.9996547
,Discontinued breastfeeding,DALYs,2019,2019,729553.992398095,247279.24957315,1330655.87156368
,Diet low in calcium,DALYs,2019,2019,3144597.44987367,2248008.20499137,4259658.53644986
,Occupational exposure to asbestos,DALYs,2019,2019,4189354.51689513,3127366.18149498,5320335.81642434
,Occupational exposure to arsenic,DALYs,2019,2019,270713.557080061,44757.5156724485,485541.140454939
,Occupational exposure to benzene,DALYs,2019,2019,85842.6796453799,25677.2234863381,140098.45343124
,Occupational exposure to beryllium,DALYs,2019,2019,8582.57690092032,6952.90619926982,10452.4896488423
,Occupational exposure to cadmium,DALYs,2019,2019,20272.3269517644,16694.443974044,24093.7681390323
,Occupational exposure to chromium,DALYs,2019,2019,42718.089462453,36568.2229129434,49745.0993697674
,Occupational exposure to diesel engine exhaust,DALYs,2019,2019,563382.725984188,485345.705424071,655362.248204854
,Occupational exposure to formaldehyde,DALYs,2019,2019,50787.9933182528,40937.7858722281,61701.6415615372
,Occupational exposure to nickel,DALYs,2019,2019,260985.688240853,18276.4062291455,676653.075760154
,Occupational exposure to polycyclic aromatic hydrocarbons,DALYs,2019,2019,150263.142602447,123478.414349567,177445.899120087
,Occupational exposure to silica,DALYs,2019,2019,2133502.81440118,1283175.78332612,3018455.30775499
,Occupational exposure to sulphuric acid,DALYs,2019,2019,126341.407723433,54057.7735549203,233589.144371989
,All risk factors,DALYs,2019,2019,1213261691.04702,1118887000.2616,1319484142.52171
,Unsafe sex,DALYs,2019,2019,46645465.1669714,41865753.1999992,53526830.0057943
,Environmental/occupational risks,DALYs,2019,2019,396647561.710889,359186711.412183,439495446.853756
,Behavioural risks,DALYs,2019,2019,830769345.288608,760784804.622908,910579491.067878
,Occupational exposure to trichloroethylene,DALYs,2019,2019,2433.8893796476,517.576455338323,4539.18211397858
,No access to handwashing facility,DALYs,2019,2019,34061681.3181838,23725314.2474254,44735126.0527914
,Child growth failure,DALYs,2019,2019,89759926.0379919,72602623.2164543,111739391.194438
,Child wasting,DALYs,2019,2019,83534820.1069354,65629547.3801496,105359823.455101
,Child stunting,DALYs,2019,2019,14292924.5967535,6635492.91519196,26173506.0993904
,Non-optimal temperature,DALYs,2019,2019,37603449.4147547,32417838.3795096,44296862.2499782
,Chewing tobacco,DALYs,2019,2019,1504402.84768373,1163705.81396499,1878172.85782995
,Diet low in legumes,DALYs,2019,2019,24309038.5396405,5263142.14320042,39575296.5905358
,Short gestation,DALYs,2019,2019,138415103.966051,118818236.483868,163049578.693924
,Low birth weight,DALYs,2019,2019,160991358.427395,138081066.836187,190005846.52236
,High temperature,DALYs,2019,2019,11696516.3912352,8189011.51194366,19372703.2639987
,Low temperature,DALYs,2019,2019,25954684.9733134,21667683.4863647,30902493.8117786
,Low birth weight and short gestation,DALYs,2019,2019,170087071.421598,145912387.617393,201254338.740386
,Kidney dysfunction*,DALYs,2019,2019,76486944.9445875,67791320.4069835,86284798.3750056
,Bullying victimization,DALYs,2019,2019,3738414.76782936,974226.912466542,8348251.27173087
,High LDL cholesterol*,DALYs,2019,2019,98618020.7837892,80335172.4236381,118987709.319775
,Particulate matter pollution,DALYs,2019,2019,209689842.874868,185903374.812178,235165660.692867
,Sexual violence against children and bullying,DALYs,2019,2019,7331056.25245467,3513988.91532302,12794757.9256734
,"Unsafe water, sanitation, and handwashing",DALYs,2019,2015,102005950.649562,83015475.6631479,123963984.999968
,Unsafe water source,DALYs,2019,2015,75429152.7664136,57336135.7361443,94515378.6501449
,Unsafe sanitation,DALYs,2019,2015,50839319.3942557,41450050.8250711,62072527.7073075
,Air pollution,DALYs,2019,2015,224063860.283985,200959541.487963,247763559.805936
,Ambient particulate matter pollution,DALYs,2019,2015,114877683.211685,92599836.0382629,135236447.024745
,Household air pollution from solid fuels,DALYs,2019,2015,106127054.467135,78820549.4722425,135248423.217324
,Ambient ozone pollution,DALYs,2019,2015,5519893.03691956,2583033.04078628,8585472.55140901
,Other environmental risks,DALYs,2019,2015,23155869.1150155,15394422.408088,31682262.34487
,Residential radon,DALYs,2019,2015,1743225.37691291,344879.175570208,3393151.17623228
,Lead exposure,DALYs,2019,2015,21412643.7381026,13836205.4525165,29695523.259827
,Child and maternal malnutrition,DALYs,2019,2015,347388861.899032,304110329.072385,396770935.74847
,Suboptimal breastfeeding,DALYs,2019,2015,17070845.6489584,12608135.3406265,22149775.6430334
,Child underweight,DALYs,2019,2015,35515000.8616617,28606518.8896164,45011652.9672828
,Iron deficiency,DALYs,2019,2015,31253935.5679026,21352662.3373501,43813449.0048671
,Vitamin A deficiency,DALYs,2019,2015,4312153.05910708,1580485.09195124,7447558.08682752
,Zinc deficiency,DALYs,2019,2015,371507.109712068,102968.024836331,826570.449431114
,Tobacco,DALYs,2019,2015,221094315.782094,207397854.659244,234426523.090332
,Smoking,DALYs,2019,2015,192051559.966402,181506633.892688,202561500.568801
,Second-hand smoke,DALYs,2019,2015,35838831.6444807,27261506.1091865,43720753.2434136
,High alcohol use,DALYs,2019,2015,89347454.2608347,79600251.0959418,99758593.6345934
,Drug use,DALYs,2019,2015,28755690.1122947,24940492.5530862,33114748.8731014
,Metabolic risks,DALYs,2019,2015,425072577.299713,389059075.403727,464560108.964767
,High fasting plasma glucose,DALYs,2019,2015,152964841.653972,128319593.844479,181108776.561855
,High systolic blood pressure,DALYs,2019,2015,220192847.617998,198608338.03314,241134081.99968
,High body-mass index,DALYs,2019,2015,141427110.03594,92550283.3025481,195268458.637338
,Low bone mineral density,DALYs,2019,2015,14791211.033724,12060660.205024,17660082.4046827
,Dietary risks,DALYs,2019,2015,175925745.626665,146858823.266878,211945105.434656
,Diet low in fruits,DALYs,2019,2015,26290266.1936056,19005147.1370461,34075796.0553576
,Diet low in vegetables,DALYs,2019,2015,12237216.4659663,7771725.86843137,16402769.7275672
,Diet low in whole grains,DALYs,2019,2015,39837120.7848415,20645942.8526118,49541471.382639
,Diet low in nuts and seeds,DALYs,2019,2015,13168737.2998565,7434504.22750466,17866986.0592717
,Diet low in milk,DALYs,2019,2015,3343385.59083519,2164196.39487208,4539066.43513851
,Diet high in red meat,DALYs,2019,2015,22078004.1242004,14349412.6464815,29372024.3002352
,Diet high in processed meat,DALYs,2019,2015,7962228.14631858,4836085.94827041,11802174.7179099
,Diet high in sugar sweetened beverages,DALYs,2019,2015,5668596.92572722,3891415.74580853,7241034.63499056
,Diet low in fiber,DALYs,2019,2015,15023116.0212732,8900922.09852394,21430126.2881984
,Diet low in seafood omega-3 fatty acids,DALYs,2019,2015,7013228.93233422,3100573.33398042,9024565.87814153
,Diet low in polyunsaturated fatty acids,DALYs,2019,2015,7619617.54567597,933927.970198636,15477215.0983226
,Diet high in trans fatty acids,DALYs,2019,2015,13286514.9589822,1504602.886057,18126190.4811382
,Diet high in sodium,DALYs,2019,2015,42451374.952805,12291635.5586078,89400692.2163366
,Low physical activity,DALYs,2019,2015,14301545.6505766,7739531.1402185,25479368.3657133
,Occupational risks,DALYs,2019,2015,64149282.040972,54941390.9294297,73207701.1833905
,Occupational carcinogens,DALYs,2019,2015,7291303.57253001,5897749.72469028,8734174.16848044
,Occupational asthmagens,DALYs,2019,2015,1823945.97063032,1479761.12613251,2231259.0197129
,"Occupational particulate matter, gases, and fumes",DALYs,2019,2015,11129234.8902225,9366184.53947573,12999691.35909
,Occupational noise,DALYs,2019,2015,6457811.86631325,4397499.84809599,9236612.62951021
,Occupational injuries,DALYs,2019,2015,22573762.5579598,20249788.9952522,25258063.0282156
,Occupational ergonomic factors,DALYs,2019,2015,14873223.1833161,10268471.0509759,20093883.3509008
,Sexual violence against children,DALYs,2019,2015,3459838.11341034,1644802.76075874,6245288.74544054
,Intimate partner violence,DALYs,2019,2015,8996355.83167852,5019758.24297596,13791871.2905824
,Non-exclusive breastfeeding,DALYs,2019,2015,16196545.0002165,11824692.1457137,21300673.7808044
,Discontinued breastfeeding,DALYs,2019,2015,1040986.91610733,347574.392679536,1874679.38087143
,Diet low in calcium,DALYs,2019,2015,2859854.81307554,2072589.08101412,3869413.40769446
,Occupational exposure to asbestos,DALYs,2019,2015,4053654.77815789,3016787.15610259,5131254.85273459
,Occupational exposure to arsenic,DALYs,2019,2015,244015.035085017,40323.9356006138,440015.496097613
,Occupational exposure to benzene,DALYs,2019,2015,79725.4502583722,24287.7703712411,130723.805937673
,Occupational exposure to beryllium,DALYs,2019,2015,7603.30540143468,6143.08784265244,9144.18881669312
,Occupational exposure to cadmium,DALYs,2019,2015,17848.3382099264,14774.35345636,21102.2242048749
,Occupational exposure to chromium,DALYs,2019,2015,37309.6129954996,32508.9611026344,42395.0325407901
,Occupational exposure to diesel engine exhaust,DALYs,2019,2015,490866.574880967,427439.828441252,566667.902790885
,Occupational exposure to formaldehyde,DALYs,2019,2015,47328.9426427296,38189.9123213661,57135.0055210494
,Occupational exposure to nickel,DALYs,2019,2015,236226.957652078,15475.6347176363,608078.060773425
,Occupational exposure to polycyclic aromatic hydrocarbons,DALYs,2019,2015,131399.349427862,108263.527741551,154212.418915966
,Occupational exposure to silica,DALYs,2019,2015,2024980.16987758,1259630.478126,2794781.82374536
,Occupational exposure to sulphuric acid,DALYs,2019,2015,117380.775150766,49403.0342328984,214131.203399877
,All risk factors,DALYs,2019,2015,1222904163.6697,1138547337.37352,1313303316.95318
,Unsafe sex,DALYs,2019,2015,52638180.4185866,46517247.7621331,62702641.6534976
,Environmental/occupational risks,DALYs,2019,2015,415710209.533267,380441811.017422,454079235.353048
,Behavioural risks,DALYs,2019,2015,862651326.514953,801245221.073337,930157247.556647
,Occupational exposure to trichloroethylene,DALYs,2019,2015,2074.52091238527,455.318242543177,3877.96188175468
,No access to handwashing facility,DALYs,2019,2015,40249571.9544375,28301529.835629,51788878.2341718
,Child growth failure,DALYs,2019,2015,114259929.987629,95185713.8281209,137200892.52873
,Child wasting,DALYs,2019,2015,105377359.618398,85818879.028866,129257332.714429
,Child stunting,DALYs,2019,2015,19607156.2325272,9544686.10908417,35299937.7464961
,Non-optimal temperature,DALYs,2019,2015,36312765.8688133,31246879.8619672,43720704.3056375
,Chewing tobacco,DALYs,2019,2015,1319540.88853228,1043342.99805906,1636594.71848567
,Diet low in legumes,DALYs,2019,2015,23071192.7323819,5065784.4690277,37485313.3911337
,Short gestation,DALYs,2019,2015,159397258.961013,140208209.694749,181133995.406881
,Low birth weight,DALYs,2019,2015,187393182.63385,165503971.560753,212892219.448112
,High temperature,DALYs,2019,2015,12025734.7177074,8361736.92060495,20231706.2989724
,Low temperature,DALYs,2019,2015,24328717.6966523,20129870.2053331,29127741.0873613
,Low birth weight and short gestation,DALYs,2019,2015,197385741.883535,173793444.670003,224403128.697201
,Kidney dysfunction*,DALYs,2019,2015,71149734.0459036,63839675.6389031,79326814.8898339
,Bullying victimization,DALYs,2019,2015,3587912.98520006,940822.869873065,7976250.44816885
,High LDL cholesterol*,DALYs,2019,2015,93029565.587838,76994099.4522134,110962011.291504
,Particulate matter pollution,DALYs,2019,2015,221004737.67882,198098606.706603,244374679.287
,Sexual violence against children and bullying,DALYs,2019,2015,6973520.7727286,3359187.03396274,12135881.9542001
,"Unsafe water, sanitation, and handwashing",Deaths,2021,1990,3151367.47843388,2228540.62780794,4101116.53460875
,"Unsafe water, sanitation, and handwashing",Deaths,2021,2005,2197462.4598868,1424830.23634094,2925175.56027141
,"Unsafe water, sanitation, and handwashing",Deaths,2021,1990,3151367.47843388,2228540.62780794,4101116.53460875
,"Unsafe water, sanitation, and handwashing",Deaths,2021,2005,2197462.4598868,1424830.23634094,2925175.56027141
,"Unsafe water, sanitation, and handwashing",Deaths,2021,2006,2163449.56501075,1405623.44226305,2894798.61531703
,"Unsafe water, sanitation, and handwashing",Deaths,2021,2007,2122569.39570833,1376425.74234215,2852836.54518506
,"Unsafe water, sanitation, and handwashing",Deaths,2021,2010,1934673.42181085,1226952.98335906,2650102.30921402
,"Unsafe water, sanitation, and handwashing",Deaths,2021,2013,1739900.92183046,1072239.73092964,2431864.97975961
,"Unsafe water, sanitation, and handwashing",Deaths,2021,2015,1589037.37381901,940218.657174533,2258420.67331225
,"Unsafe water, sanitation, and handwashing",Deaths,2021,2016,1523780.70306148,899327.211141578,2153532.99087774
,"Unsafe water, sanitation, and handwashing",Deaths,2021,2017,1469772.6954842,872135.034103975,2080282.95169716
,"Unsafe water, sanitation, and handwashing",Deaths,2021,2019,1353773.59261822,804480.330647091,1924116.85351387
,"Unsafe water, sanitation, and handwashing",Deaths,2021,2021,1215365.1311992,746986.176001699,1737947.9660566
,Household air pollution from solid fuels,Deaths,2021,1990,4815870.19303623,3773986.8831575,5859598.12706047
,Household air pollution from solid fuels,Deaths,2021,2005,4695249.52248176,3497915.65652565,5999602.23557161
,Household air pollution from solid fuels,Deaths,2021,2006,4553492.09400488,3354405.07059478,5818641.17035261
,Household air pollution from solid fuels,Deaths,2021,2007,4477182.77013772,3285527.00907874,5820247.33610275
,Household air pollution from solid fuels,Deaths,2021,2010,4231023.27222455,2944597.24724898,5769462.77135183
,Household air pollution from solid fuels,Deaths,2021,2013,3764041.82142325,2468594.15648202,5495197.52916498
,Household air pollution from solid fuels,Deaths,2021,2015,3437663.29756499,2152552.61217183,5282655.11238789
,Household air pollution from solid fuels,Deaths,2021,2016,3332360.01525115,2066834.84396229,5295800.05826971
,Household air pollution from solid fuels,Deaths,2021,2017,3246134.20377679,2005136.71950552,5139689.66036533
,Household air pollution from solid fuels,Deaths,2021,2019,3124381.45472152,1907890.86341921,5151625.16065664
,Household air pollution from solid fuels,Deaths,2021,2021,3112926.41468198,1895168.20448616,5188696.626449
,Lead exposure,Deaths,2021,1990,816970.414972151,-93427.0164328905,1711635.69417135
,Lead exposure,Deaths,2021,2005,1156913.94441866,-143150.747805819,2421401.81549523
,Lead exposure,Deaths,2021,2006,1157327.92110052,-142521.169861366,2396792.55677213
,Lead exposure,Deaths,2021,2007,1178202.94944734,-145006.225976706,2457027.07717324
,Lead exposure,Deaths,2021,2010,1270344.6211363,-153976.861947361,2632306.2654166
,Lead exposure,Deaths,2021,2013,1353369.81624071,-163752.886932976,2801108.82536397
,Lead exposure,Deaths,2021,2015,1404556.22852642,-164557.20713039,2884235.0994006
,Lead exposure,Deaths,2021,2016,1433193.40228684,-170949.954907284,2958966.50837538
,Lead exposure,Deaths,2021,2017,1455220.88320495,-175741.238787961,2984686.13334233
,Lead exposure,Deaths,2021,2019,1512022.69742505,-183164.422695445,3126513.34647114
,Lead exposure,Deaths,2021,2021,1541908.67124966,-184924.271777134,3224760.41380061
,Child underweight,Deaths,2021,1990,2506060.10398107,1441431.61910693,3057028.88534843
,Child underweight,Deaths,2021,2005,1508722.46457413,772327.426536413,1925698.3630293
,Child underweight,Deaths,2021,2006,1442037.71126155,725343.479640462,1850005.43499232
,Child underweight,Deaths,2021,2007,1379070.32194951,680903.118147836,1772438.31530572
,Child underweight,Deaths,2021,2010,1242361.37373989,609570.152564294,1616075.12034223
,Child underweight,Deaths,2021,2013,1063450.33070655,507681.071210794,1423297.59585933
,Child underweight,Deaths,2021,2015,967307.951994106,442028.812223212,1276815.15694091
,Child underweight,Deaths,2021,2016,918693.104931342,417487.947680409,1225982.22554632
,Child underweight,Deaths,2021,2017,867820.184951804,398038.5145563,1158663.82433625
,Child underweight,Deaths,2021,2019,767393.634815575,349837.957402956,1050833.108657
,Child underweight,Deaths,2021,2021,623819.099904221,290973.122547316,871503.520634407
,Smoking,Deaths,2021,1990,4784432.14779413,4087943.91369029,5484662.72570533
,Smoking,Deaths,2021,2005,5513612.12990802,4680311.55494323,6378085.44633848
,Smoking,Deaths,2021,2006,5417535.08595266,4577084.4550369,6210804.72545851
,Smoking,Deaths,2021,2007,5445734.8333518,4605983.66055105,6328577.4262552
,Smoking,Deaths,2021,2010,5638105.04246702,4749962.61170361,6537203.99330138
,Smoking,Deaths,2021,2013,5743459.66477231,4865137.41046838,6628168.5547639
,Smoking,Deaths,2021,2015,5811297.56718078,4897899.08427734,6747190.82164677
,Smoking,Deaths,2021,2016,5874648.15574528,4930589.34774639,6830246.32114826
,Smoking,Deaths,2021,2017,5902715.92947144,4940997.61197401,6935824.48413089
,Smoking,Deaths,2021,2019,6058328.39432256,4987591.08923923,7103562.96958681
,Smoking,Deaths,2021,2021,6175019.07538679,5047660.83716681,7226384.61674643
,Drug use,Deaths,2021,1990,197410.364656021,166381.597201105,232482.049652439
,Drug use,Deaths,2021,2005,364771.219034125,318630.251412734,407026.510596409
,Drug use,Deaths,2021,2010,381055.544933535,334996.706481998,424280.019447026
,Drug use,Deaths,2021,2015,413769.548791496,364096.378807472,459530.481796645
,Drug use,Deaths,2021,2019,451743.515875282,401336.371063659,502497.490583649
,Drug use,Deaths,2021,2021,463360.16500154,408450.586157042,516078.538658255
,High systolic blood pressure,Deaths,2021,1990,6564593.52849285,5517399.09013756,7510298.7594904
,High systolic blood pressure,Deaths,2021,2005,8443691.48336824,7099521.49774546,9643380.83406185
,High systolic blood pressure,Deaths,2021,2006,8382911.81490546,7051698.47711063,9565272.62494887
,High systolic blood pressure,Deaths,2021,2007,8477242.17175161,7123657.12968263,9677053.48713182
,High systolic blood pressure,Deaths,2021,2010,9006013.52473805,7616326.86884535,10234725.3288713
,High systolic blood pressure,Deaths,2021,2013,9430071.04492079,7946038.50816306,10747282.3386877
,High systolic blood pressure,Deaths,2021,2015,9750488.81370532,8212843.99009783,11128573.361769
,High systolic blood pressure,Deaths,2021,2016,9950648.39498017,8397520.63868864,11318134.4978467
,High systolic blood pressure,Deaths,2021,2017,10105993.5905644,8544778.07853941,11529438.8770563
,High systolic blood pressure,Deaths,2021,2019,10534910.7697355,8846660.47661684,12066463.0776584
,High systolic blood pressure,Deaths,2021,2021,10852106.4083334,9222901.9762696,12535782.3552264
,Dietary risks,Deaths,2021,1990,4788380.22945057,1391836.45243771,7014769.40251465
,Dietary risks,Deaths,2021,2005,5813673.71032368,1677484.74574569,8575683.29881101
,Dietary risks,Deaths,2021,2006,5762375.25101515,1641814.45036249,8498041.80580981
,Dietary risks,Deaths,2021,2007,5806230.76426873,1667472.41487787,8546637.38167513
,Dietary risks,Deaths,2021,2010,6077742.31302532,1707378.27979209,8970372.97388481
,Dietary risks,Deaths,2021,2013,6349871.21335397,1723762.70957191,9403148.0738964
,Dietary risks,Deaths,2021,2015,6549436.79054636,1799098.79717855,9639256.95277645
,Dietary risks,Deaths,2021,2016,6677912.8611205,1830352.19491303,9941652.81172143
,Dietary risks,Deaths,2021,2017,6766557.13313484,1858038.49753836,10061524.2604115
,Dietary risks,Deaths,2021,2019,7019569.17875977,1903984.21347575,10514272.4416704
,Dietary risks,Deaths,2021,2021,7219015.89375553,1961199.9093284,10767029.5613031
,Diet low in fruits,Deaths,2021,1990,1148876.07385344,459276.860568806,1743207.9578772
,Diet low in milk,Deaths,2021,1990,77329.0903878328,25445.9005348918,121740.928233219
,Diet low in milk,Deaths,2021,2005,99089.1455932448,34017.8903653959,153676.159584071
,Diet low in milk,Deaths,2021,2006,99662.1183452869,34964.1936764001,155484.826425772
,Diet low in milk,Deaths,2021,2007,101510.272329822,35404.3176018708,157924.466580202
,Diet low in milk,Deaths,2021,2010,109964.735892638,38636.5181714499,171735.575265957
,Diet low in milk,Deaths,2021,2013,118157.422480897,41838.305388121,184763.023302188
,Diet low in milk,Deaths,2021,2015,124662.825333754,43436.2585130868,197464.678404157
,Diet low in milk,Deaths,2021,2016,128763.301625087,45238.6497678435,198939.510792132
,Diet low in milk,Deaths,2021,2017,132354.11028751,46180.9487648536,206350.783101065
,Diet low in milk,Deaths,2021,2019,140490.783129388,48157.8130329646,220804.860068426
,Diet low in milk,Deaths,2021,2021,146610.909261126,52323.5382849476,230009.588801282
,Unsafe water source,Deaths,2021,1990,2173550.83270314,1265813.61251426,2913015.17775184
,Unsafe water source,Deaths,2021,2005,1484935.05664559,760097.758830268,2027568.11957318
,Unsafe water source,Deaths,2021,2006,1463160.71146492,745853.554736095,2011859.8568348
,Unsafe water source,Deaths,2021,2007,1435704.38756696,719055.956145249,1978908.6613693
,Unsafe water source,Deaths,2021,2010,1303866.43459588,641840.649872344,1822957.67061038
,Unsafe water source,Deaths,2021,2013,1156911.7745972,551217.03399444,1643067.17767186
,Unsafe water source,Deaths,2021,2015,1043756.40489246,494645.62701142,1491190.27318107
,Unsafe water source,Deaths,2021,2016,996774.666283034,467827.470690686,1433079.57831636
,Unsafe water source,Deaths,2021,2017,959518.21754489,447583.050202098,1390515.41536507
,Unsafe water source,Deaths,2021,2019,879122.179491836,408341.720071489,1294345.63887078
,Unsafe water source,Deaths,2021,2021,802486.166136662,371672.744087592,1215503.48288101
,Diet low in fiber,Deaths,2021,1990,529753.778396481,176112.403066582,867134.789329075
,Diet low in fiber,Deaths,2021,2005,617643.652361845,213198.31587905,998048.676065145
,Diet low in fiber,Deaths,2021,2006,607140.164753148,210871.57943202,978296.153070383
,Diet low in fiber,Deaths,2021,2007,603125.788227513,210753.46544514,971311.611101078
,Diet low in fiber,Deaths,2021,2010,600346.205552664,213510.997546675,966529.45800853
,Diet low in fiber,Deaths,2021,2013,597894.644836332,215636.660425037,946786.305646866
,Diet low in fiber,Deaths,2021,2015,597349.495627105,219927.012130511,937312.739591811
,Diet low in fiber,Deaths,2021,2016,600449.516213899,218348.323865953,954051.383738388
,Diet low in fiber,Deaths,2021,2017,598564.11644899,218351.201079631,958632.963645327
,Diet low in fiber,Deaths,2021,2019,605237.643733652,222673.007173225,968695.837153934
,Diet low in fiber,Deaths,2021,2021,618783.302427818,226106.898717131,987569.142398294
,Ambient particulate matter pollution,Deaths,2021,1990,2433557.85716521,1750350.02190371,3155644.04589884
,Ambient particulate matter pollution,Deaths,2021,2005,3254918.0639636,2386880.26533581,4125715.36118166
,Ambient particulate matter pollution,Deaths,2021,2006,3242469.12138119,2365469.96995365,4091686.81928271
,Ambient particulate matter pollution,Deaths,2021,2007,3302374.45660968,2406467.97482411,4145378.36720147
,Ambient particulate matter pollution,Deaths,2021,2010,3616634.41274239,2634580.57417952,4477531.19433582
,Ambient particulate matter pollution,Deaths,2021,2013,4239737.64209747,3112791.96255825,5219262.73178482
,Ambient particulate matter pollution,Deaths,2021,2015,4582890.07451656,3375161.22039638,5612904.73739238
,Ambient particulate matter pollution,Deaths,2021,2016,4630067.87229726,3392499.82547126,5718849.61606196
,Ambient particulate matter pollution,Deaths,2021,2017,4612077.58052128,3411061.18026989,5669870.87658879
,Ambient particulate matter pollution,Deaths,2021,2019,4602297.8626945,3439902.26828197,5719162.91374755
,Ambient particulate matter pollution,Deaths,2021,2021,4718812.23763103,3480471.82985114,5795946.43715111
,Diet high in sodium,Deaths,2021,1990,1221009.83501406,310504.036641723,2716779.15827154
,Diet high in sodium,Deaths,2021,2005,1473882.19243193,320989.275201696,3374264.9443727
,Diet high in sodium,Deaths,2021,2006,1449246.24040106,318253.886881945,3289792.8401528
,Diet high in sodium,Deaths,2021,2007,1457173.99665558,314450.443984566,3346735.26325136
,Diet high in sodium,Deaths,2021,2010,1552546.36510519,333347.08015665,3542395.63142024
,Diet high in sodium,Deaths,2021,2013,1612685.50574189,338511.269017873,3676027.07657736
,Diet high in sodium,Deaths,2021,2015,1657959.68922199,344290.543418989,3811431.09301081
,Diet high in sodium,Deaths,2021,2016,1695339.89392644,341107.41329861,3896242.27887653
,Diet high in sodium,Deaths,2021,2017,1722828.62205593,354716.95295614,3974405.35153977
,Diet high in sodium,Deaths,2021,2019,1794860.51261047,353710.105800168,4136356.45132041
,Diet high in sodium,Deaths,2021,2021,1857695.59359268,367760.850916827,4251577.08605353
,Other environmental risks,Deaths,2021,1990,866207.191869957,-15225.2666539808,1742529.29065344
,Other environmental risks,Deaths,2021,2005,1220236.48588131,-31865.114463225,2434855.4203105
,Other environmental risks,Deaths,2021,2006,1220834.76107805,-29704.8338423582,2449241.46953082
,Other environmental risks,Deaths,2021,2007,1242696.95005439,-30426.766975128,2479597.99328305
,Other environmental risks,Deaths,2021,2010,1338894.7485616,-34898.6553491907,2685047.16856773
,Other environmental risks,Deaths,2021,2013,1425573.02395668,-37278.8047476317,2860060.47027322
,Other environmental risks,Deaths,2021,2015,1478858.53544707,-39827.5496876029,2946196.24281514
,Other environmental risks,Deaths,2021,2016,1509195.74791363,-41165.62834011,3008966.29243497
,Other environmental risks,Deaths,2021,2017,1531953.74045206,-41381.8991622448,3035221.09815662
,Other environmental risks,Deaths,2021,2019,1591425.50511641,-44058.245637796,3175962.91343546
,Other environmental risks,Deaths,2021,2021,1624069.12990505,-45605.1823568043,3259956.61914097
,Child and maternal malnutrition,Deaths,2021,1990,6737896.80836831,5884851.86992234,7368640.98509062
,Child and maternal malnutrition,Deaths,2021,2005,4730454.53040622,4051514.63560429,5275970.35578166
,Child and maternal malnutrition,Deaths,2021,2006,4605440.32702338,3949359.1195628,5149454.88730237
,Child and maternal malnutrition,Deaths,2021,2007,4485531.71016537,3821227.79927757,5042233.78434106
,Child and maternal malnutrition,Deaths,2021,2010,4164737.2969023,3546236.0217487,4694110.97563693
,Child and maternal malnutrition,Deaths,2021,2013,3787583.48125494,3220885.20762646,4278097.95773423
,Child and maternal malnutrition,Deaths,2021,2015,3539444.3334772,3032388.0196685,4025166.35597377
,Child and maternal malnutrition,Deaths,2021,2016,3402435.52217358,2890539.01536232,3881262.51040907
,Child and maternal malnutrition,Deaths,2021,2017,3255737.2627084,2748532.01908024,3716612.86682732
,Child and maternal malnutrition,Deaths,2021,2019,2950852.76128222,2469295.87224409,3445180.38493491
,Child and maternal malnutrition,Deaths,2021,2021,2572941.38655862,2089194.90180375,3087337.93994952
,Occupational asthmagens,Deaths,2021,1990,29958.1328696816,23326.1583782734,44153.707556779
,Occupational asthmagens,Deaths,2021,2005,32339.6568882542,25516.46290874,48547.3090474837
,Occupational asthmagens,Deaths,2021,2006,32219.8474213164,25456.0655724473,48431.483457412
,Occupational asthmagens,Deaths,2021,2007,32564.8274166396,25614.1075595471,49218.7031366301
,Occupational asthmagens,Deaths,2021,2010,32356.193342072,25379.2071716183,49153.1863134544
,Occupational asthmagens,Deaths,2021,2013,31346.1872419832,24699.3333966444,48794.6114358588
,Occupational asthmagens,Deaths,2021,2015,30839.0526090794,24825.8796507148,47106.704587093
,Occupational asthmagens,Deaths,2021,2016,30637.2000323658,24492.2574504967,46720.3397953122
,Occupational asthmagens,Deaths,2021,2017,30530.3959324075,24571.4030720991,44720.4189972574
,Occupational asthmagens,Deaths,2021,2019,30625.3783414065,24852.7478542222,45077.9246888579
,Occupational asthmagens,Deaths,2021,2021,30546.383231274,24721.8354807801,43990.9935452465
,Sexual violence against children,Deaths,2021,1990,8167.89776557244,1397.53536664667,18590.1200965359
,Sexual violence against children,Deaths,2021,2005,13639.4992787879,2380.06666138314,31504.4517989995
,Sexual violence against children,Deaths,2021,2006,12916.48432506,2248.78257160343,29678.192808629
,Sexual violence against children,Deaths,2021,2007,12395.3972472101,2212.84831202662,28499.8338716793
,Sexual violence against children,Deaths,2021,2010,11798.6801490837,2064.60021420447,26792.7934715561
,Sexual violence against children,Deaths,2021,2013,11410.1925925273,1972.5938856062,25706.8098581903
,Sexual violence against children,Deaths,2021,2015,11769.175175895,2038.78755148802,26290.8162393521
,Sexual violence against children,Deaths,2021,2016,11890.3417483584,2039.72737123353,26777.0323548853
,Sexual violence against children,Deaths,2021,2017,11906.2326411852,2072.5747751126,26750.5188230155
,Sexual violence against children,Deaths,2021,2019,12059.4536793923,2159.37905971791,27169.7342310881
,Sexual violence against children,Deaths,2021,2021,12087.3183044787,2103.71436911361,27430.3907621685
,Tobacco,Deaths,2021,1990,5746560.00846214,4619488.57862736,6890780.44233557
,Tobacco,Deaths,2021,2005,6514353.92366961,5275444.34920671,7780141.31177575
,Tobacco,Deaths,2021,2006,6398182.24817988,5150116.96055248,7583383.49679245
,Tobacco,Deaths,2021,2007,6425037.24361729,5186110.17821111,7667133.55806318
,Tobacco,Deaths,2021,2010,6634686.521386,5341235.78008755,7924951.24744156
,Tobacco,Deaths,2021,2013,6753311.40603725,5484558.65094408,8003535.17187681
,Tobacco,Deaths,2021,2015,6833129.97406051,5511626.62575888,8138743.57088103
,Tobacco,Deaths,2021,2016,6906113.0685904,5525283.52388843,8265666.55070246
,Tobacco,Deaths,2021,2017,6943241.46803695,5559176.18829406,8401327.57824546
,Tobacco,Deaths,2021,2019,7130005.04351423,5691712.66461484,8620347.85703859
,Tobacco,Deaths,2021,2021,7250287.82562262,5738697.74040342,8703267.19022883
,High alcohol use,Deaths,2021,1990,1264202.99826252,951649.79692456,1713497.14985402
,High alcohol use,Deaths,2021,2005,1681185.1298984,1333984.33389497,2126655.1265163
,High alcohol use,Deaths,2021,2006,1662337.09246075,1320396.70570295,2131174.74109693
,High alcohol use,Deaths,2021,2007,1668354.60422833,1332439.38024776,2121135.08880395
,High alcohol use,Deaths,2021,2010,1709449.10336542,1355778.70742196,2147529.38428755
,High alcohol use,Deaths,2021,2013,1692670.03849303,1336068.91058106,2139624.83801963
,High alcohol use,Deaths,2021,2015,1716889.15857378,1363223.84219723,2154683.78330926
,High alcohol use,Deaths,2021,2016,1736174.33166162,1386487.59921246,2199574.01236095
,High alcohol use,Deaths,2021,2017,1742433.35372898,1383759.2253713,2192883.61664408
,High alcohol use,Deaths,2021,2019,1781315.42793449,1399031.96032816,2245020.21892057
,High alcohol use,Deaths,2021,2021,1809438.8121836,1424949.74478219,2280477.49796181
,High body-mass index,Deaths,2021,1990,1459533.23496069,723042.554085605,2287052.3953862
,High body-mass index,Deaths,2021,2005,2273150.58791485,1098138.2242621,3520277.64899943
,High body-mass index,Deaths,2021,2006,2304680.84678092,1116224.28732372,3552226.15140445
,High body-mass index,Deaths,2021,2007,2362254.76060496,1156282.7752337,3653022.55878411
,High body-mass index,Deaths,2021,2010,2597212.50269179,1278492.80728856,3986805.75539093
,High body-mass index,Deaths,2021,2013,2848254.11610004,1413511.61853388,4350276.75194495
,High body-mass index,Deaths,2021,2015,3067586.1036862,1540833.19647611,4644653.54581282
,High body-mass index,Deaths,2021,2016,3182764.03883971,1609391.09942547,4827219.4292232
,High body-mass index,Deaths,2021,2017,3280798.00899825,1646444.20501522,4986364.23827134
,High body-mass index,Deaths,2021,2019,3513624.51396693,1761636.96773609,5350303.14725639
,High body-mass index,Deaths,2021,2021,3709063.34789778,1847840.08856915,5658334.0355099
,Diet low in whole grains,Deaths,2021,1990,991499.03151275,451550.217790399,1484971.61273526
,Diet low in whole grains,Deaths,2021,2005,1264161.79398584,571963.233743386,1897216.58929859
,Diet low in whole grains,Deaths,2021,2006,1252049.42966212,574924.257230886,1867094.0894139
,Diet low in whole grains,Deaths,2021,2007,1261806.0601985,582727.645892278,1886420.15372619
,Diet low in whole grains,Deaths,2021,2010,1316441.16395284,612298.748889843,1963104.40517429
,Diet low in whole grains,Deaths,2021,2013,1374748.44065192,644762.927998571,2057983.89415493
,Diet low in whole grains,Deaths,2021,2015,1413831.18217014,663588.640829586,2104759.26789077
,Diet low in whole grains,Deaths,2021,2016,1436777.28940608,661628.292402823,2143461.63093604
,Diet low in whole grains,Deaths,2021,2017,1449879.61489467,667482.34088171,2181909.33447474
,Diet low in whole grains,Deaths,2021,2019,1504319.50454033,697574.571129468,2292670.56853602
,Diet low in whole grains,Deaths,2021,2021,1546242.68698825,707296.746514314,2343822.22829647
,Diet high in processed meat,Deaths,2021,1990,243171.951109816,58666.3954486599,405530.41390639
,Diet high in processed meat,Deaths,2021,2005,307923.984231607,73275.697938169,515160.967455567
,Diet high in processed meat,Deaths,2021,2006,296606.234360051,68850.4230584841,496425.708612504
,Diet high in processed meat,Deaths,2021,2007,289710.803775546,65573.9295985954,484629.394706213
,Diet high in processed meat,Deaths,2021,2010,278376.137307591,59259.6507813548,468218.124559839
,Diet high in processed meat,Deaths,2021,2013,270867.490303095,54616.8080992244,456673.954050829
,Diet high in processed meat,Deaths,2021,2015,276892.864943203,55035.9088877265,468914.410084541
,Diet high in processed meat,Deaths,2021,2016,281071.287589951,55499.1852281521,477605.469624581
,Diet high in processed meat,Deaths,2021,2017,283113.404056368,55527.7415298952,479484.512078372
,Diet high in processed meat,Deaths,2021,2019,289914.796579211,55947.9515813896,494081.55988195
,Diet high in processed meat,Deaths,2021,2021,295268.699376322,56805.2254634352,502317.373659524
,Diet low in polyunsaturated fatty acids,Deaths,2021,1990,444092.596100627,-1329120.15025424,1671175.08231292
,Diet low in polyunsaturated fatty acids,Deaths,2021,2005,574043.300212669,-1701503.26755742,2176518.54952715
,Diet low in polyunsaturated fatty acids,Deaths,2021,2006,571664.038243703,-1690660.95201679,2153441.31022095
,Diet low in polyunsaturated fatty acids,Deaths,2021,2007,580027.5292767,-1723664.23949607,2180880.17858082
,Diet low in polyunsaturated fatty acids,Deaths,2021,2010,615613.484170782,-1810059.44139972,2309197.51576018
,Diet low in polyunsaturated fatty acids,Deaths,2021,2013,651768.792801314,-1915236.21324828,2465668.71674389
,Diet low in polyunsaturated fatty acids,Deaths,2021,2015,670527.83223054,-1950772.65363504,2511870.89051518
,Diet low in polyunsaturated fatty acids,Deaths,2021,2016,681584.717460405,-2005816.2298279,2568642.00994324
,Diet low in polyunsaturated fatty acids,Deaths,2021,2017,687132.555104776,-1985912.17608662,2592475.71620086
,Diet low in polyunsaturated fatty acids,Deaths,2021,2019,716447.250807429,-2053315.92471152,2706362.17007488
,Diet low in polyunsaturated fatty acids,Deaths,2021,2021,737879.282209482,-2118790.29882907,2767688.42735375
,Occupational risks,Deaths,2021,1990,1287869.02315864,1187963.88922339,1389932.53425979
,Occupational risks,Deaths,2021,2005,1424795.32602329,1311382.0539462,1544799.38186809
,Occupational risks,Deaths,2021,2006,1408803.07357482,1300168.47158393,1521570.20836029
,Occupational risks,Deaths,2021,2007,1415123.18021146,1301100.86059005,1524939.87842279
,Occupational risks,Deaths,2021,2010,1436949.86370566,1322755.79530763,1552216.58154522
,Occupational risks,Deaths,2021,2013,1429329.20561867,1299281.38150966,1544854.75600408
,Occupational risks,Deaths,2021,2015,1411403.70317592,1289060.06984701,1549518.81855148
,Occupational risks,Deaths,2021,2016,1413292.40527311,1282044.32880487,1540729.46920945
,Occupational risks,Deaths,2021,2017,1416131.87311029,1289346.43770518,1547762.52259597
,Occupational risks,Deaths,2021,2019,1424561.68161275,1284246.44775644,1562036.38444717
,Occupational risks,Deaths,2021,2021,1443379.8357521,1303739.15900747,1595738.50864331
,Occupational injuries,Deaths,2021,1990,618630.161965412,586704.085386691,650881.731073766
,Occupational exposure to benzene,Deaths,2021,1990,1173.9116265153,360.456785381613,1882.83810104685
,Occupational exposure to benzene,Deaths,2021,2005,1570.80472065796,455.364583255516,2558.47473697271
,Occupational exposure to benzene,Deaths,2021,2006,1578.25404886534,450.304594158145,2570.4729672406
,Occupational exposure to benzene,Deaths,2021,2007,1596.17148814627,462.006957533407,2593.5180045325
,Occupational exposure to benzene,Deaths,2021,2010,1661.85097682935,480.007725379247,2720.90479425637
,Occupational exposure to benzene,Deaths,2021,2013,1693.05046670647,498.68212915712,2744.23554403596
,Occupational exposure to benzene,Deaths,2021,2015,1724.32702677191,513.126944743195,2809.68850440379
,Occupational exposure to benzene,Deaths,2021,2016,1755.53899254393,512.666324350176,2868.95719333085
,Occupational exposure to benzene,Deaths,2021,2017,1779.87791587694,522.828801458267,2901.29853817193
,Occupational exposure to benzene,Deaths,2021,2019,1829.5508833931,526.662598211759,3023.98556357208
,Occupational exposure to benzene,Deaths,2021,2021,1865.31116790265,541.12454038431,3082.76098405975
,Occupational exposure to asbestos,Deaths,2021,1990,146850.147659994,110444.931822651,184810.622803499
,Occupational exposure to asbestos,Deaths,2021,2005,183899.37655301,137604.847977734,228428.596987608
,Occupational exposure to asbestos,Deaths,2021,2006,186998.243723257,139861.030225686,232725.698705876
,Occupational exposure to asbestos,Deaths,2021,2007,191545.586897698,143396.566506528,237516.465656875
,Occupational exposure to asbestos,Deaths,2021,2010,207929.432864066,155267.730553747,259309.040506276
,Occupational exposure to asbestos,Deaths,2021,2013,220891.468854501,166262.508595913,273765.906760911
,Occupational exposure to asbestos,Deaths,2021,2015,222268.421375264,167076.382468857,278100.428901025
,Occupational exposure to asbestos,Deaths,2021,2016,224764.414507943,168460.66903541,278569.765354732
,Occupational exposure to asbestos,Deaths,2021,2017,224009.311189112,167200.790221465,278830.707801732
,Occupational exposure to asbestos,Deaths,2021,2019,223599.92050302,166838.807248775,277849.386542758
,Occupational exposure to asbestos,Deaths,2021,2021,228833.463280705,169122.266139281,286189.676816587
,Occupational exposure to cadmium,Deaths,2021,1990,316.073510429481,257.892412938987,376.475936227912
,Occupational exposure to cadmium,Deaths,2021,2005,508.673600058979,428.450072676375,598.191415696477
,Occupational exposure to cadmium,Deaths,2021,2006,516.477582272552,432.709045578225,604.057939171447
,Occupational exposure to cadmium,Deaths,2021,2007,530.295665752283,450.059673298005,629.062204948862
,Occupational exposure to cadmium,Deaths,2021,2010,582.903049800778,488.51235899852,681.696104579684
,Occupational exposure to cadmium,Deaths,2021,2013,634.27447204551,530.33788089668,758.774687225156
,Occupational exposure to cadmium,Deaths,2021,2015,661.210006297503,542.454015099583,787.618789002703
,Occupational exposure to cadmium,Deaths,2021,2016,683.021023205698,557.556424278773,818.589795198298
,Occupational exposure to cadmium,Deaths,2021,2017,703.497621177498,570.674844510126,846.785699776897
,Occupational exposure to cadmium,Deaths,2021,2019,752.015997803037,609.086518886106,918.038032517012
,Occupational exposure to cadmium,Deaths,2021,2021,808.913968934505,631.433667344461,1007.39744063561
,Occupational exposure to formaldehyde,Deaths,2021,1990,871.956282994967,675.162717859043,1091.92276885113
,Occupational exposure to formaldehyde,Deaths,2021,2005,1049.93789859377,841.041707611667,1265.63365620021
,Occupational exposure to formaldehyde,Deaths,2021,2006,1044.58824142199,837.470113030576,1261.61013949028
,Occupational exposure to formaldehyde,Deaths,2021,2007,1053.44185254596,844.934463175152,1269.52816464659
,Occupational exposure to formaldehyde,Deaths,2021,2010,1086.47717801389,870.529880352308,1308.62348610935
,Occupational exposure to formaldehyde,Deaths,2021,2013,1101.42181260892,865.763268870551,1347.67607311004
,Occupational exposure to formaldehyde,Deaths,2021,2015,1120.62748647327,896.452291624391,1357.11827260855
,Occupational exposure to formaldehyde,Deaths,2021,2016,1140.9744585557,893.871894636038,1413.14115346507
,Occupational exposure to formaldehyde,Deaths,2021,2017,1161.17562723208,919.905759888323,1430.82896919493
,Occupational exposure to formaldehyde,Deaths,2021,2019,1196.1625684939,939.755977098336,1476.91682245664
,Occupational exposure to formaldehyde,Deaths,2021,2021,1227.58318479945,967.625503665774,1544.84126806301
,Occupational exposure to polycyclic aromatic hydrocarbons,Deaths,2021,1990,2234.57093390328,1849.69170100723,2645.2114698329
,Occupational exposure to polycyclic aromatic hydrocarbons,Deaths,2021,2005,3674.60765724594,3116.49755681838,4260.98982792159
,Occupational exposure to polycyclic aromatic hydrocarbons,Deaths,2021,2006,3743.82363739251,3173.95941145024,4314.37051433427
,Occupational exposure to polycyclic aromatic hydrocarbons,Deaths,2021,2007,3856.14104727547,3241.42706453664,4437.63813039446
,Occupational exposure to polycyclic aromatic hydrocarbons,Deaths,2021,2010,4275.67344328101,3661.31423738795,5005.75815272852
,Occupational exposure to polycyclic aromatic hydrocarbons,Deaths,2021,2013,4686.27286453948,3947.98320119707,5494.29149345727
,Occupational exposure to polycyclic aromatic hydrocarbons,Deaths,2021,2015,4906.02748669808,4101.68884925408,5811.43173725579
,Occupational exposure to polycyclic aromatic hydrocarbons,Deaths,2021,2016,5073.36348939618,4235.8758209646,6150.67955775071
,Occupational exposure to polycyclic aromatic hydrocarbons,Deaths,2021,2017,5236.48121687216,4362.01776558064,6211.16423520495
,Occupational exposure to polycyclic aromatic hydrocarbons,Deaths,2021,2019,5621.46986956534,4635.36501105625,6787.38788119263
,Occupational exposure to polycyclic aromatic hydrocarbons,Deaths,2021,2021,6059.82800267981,4970.86490693577,7359.33742467653
,Occupational exposure to sulphuric acid,Deaths,2021,1990,2626.69462022924,1047.38342830061,4839.18760765216
,Occupational exposure to sulphuric acid,Deaths,2021,2005,2895.46680620787,1160.13534633207,5177.88585873565
,Occupational exposure to sulphuric acid,Deaths,2021,2006,2898.5434067842,1184.74142087944,5197.71962282397
,Occupational exposure to sulphuric acid,Deaths,2021,2007,2925.76657930397,1189.81387103666,5227.39471795242
,Occupational exposure to sulphuric acid,Deaths,2021,2010,3049.17396164386,1237.5221350214,5491.11437395979
,Occupational exposure to sulphuric acid,Deaths,2021,2013,3155.5072516556,1290.52263429935,5721.5504558536
,Occupational exposure to sulphuric acid,Deaths,2021,2015,3228.70176577015,1349.37792371868,5821.71937136839
,Occupational exposure to sulphuric acid,Deaths,2021,2016,3297.86682725628,1354.32888157879,5961.39635129177
,Occupational exposure to sulphuric acid,Deaths,2021,2017,3344.98689524564,1380.60251121557,6049.81575972545
,Occupational exposure to sulphuric acid,Deaths,2021,2019,3487.92004390255,1444.93932637761,6282.53789957926
,Occupational exposure to sulphuric acid,Deaths,2021,2021,3612.34642413105,1504.30688379349,6492.28732622213
,All risk factors,Deaths,2021,1990,27452757.037595,25923284.4225296,28726735.4335183
,All risk factors,Deaths,2021,2005,31288921.7172125,29558378.0756483,32720694.0039475
,All risk factors,Deaths,2021,2006,30899265.572834,29116641.7242398,32437492.0431512
,All risk factors,Deaths,2021,2007,30951554.2665454,29178713.7712152,32455349.731014
,All risk factors,Deaths,2021,2010,31673632.2304941,29860882.1262204,33421857.1826109
,All risk factors,Deaths,2021,2013,32051409.6346979,30087076.205434,33740744.306745
,All risk factors,Deaths,2021,2015,32559721.3140194,30582795.1009719,34564947.5757278
,All risk factors,Deaths,2021,2016,32870773.3254167,30573516.3420306,34790816.909516
,All risk factors,Deaths,2021,2017,33079295.7388661,30858072.073435,35205843.2908573
,All risk factors,Deaths,2021,2019,33787297.8722136,31074912.223754,36039230.5970897
,All risk factors,Deaths,2021,2021,34086634.0004667,31302868.2593409,36698306.2399948
,Diet low in legumes,Deaths,2021,1990,309538.475029491,-260961.216615668,803160.493954242
,Diet low in legumes,Deaths,2021,2005,337685.195900106,-279497.448911356,876406.985588077
,Diet low in legumes,Deaths,2021,2006,332699.974191868,-276765.93499854,862948.667672633
,Diet low in legumes,Deaths,2021,2007,333419.21588914,-277802.888981113,867007.266138836
,Diet low in legumes,Deaths,2021,2010,342299.458834494,-282277.996456399,886288.76073283
,Diet low in legumes,Deaths,2021,2013,354915.094709523,-289769.206276022,927466.430296406
,Diet low in legumes,Deaths,2021,2015,362507.480900816,-296896.771368685,945175.138227058
,Diet low in legumes,Deaths,2021,2016,367303.715322816,-300551.142461362,955081.302771952
,Diet low in legumes,Deaths,2021,2017,368668.977011416,-299991.495546177,966945.753178374
,Diet low in legumes,Deaths,2021,2019,379407.473858667,-307307.363353094,991231.898106725
,Diet low in legumes,Deaths,2021,2021,389328.769606269,-313415.181203872,1011097.99788587
,Low temperature,Deaths,2021,1990,1051293.06862772,962007.54286677,1142338.81506906
,Low temperature,Deaths,2021,2005,1252229.91371203,1146948.34087632,1370974.85481826
,Low temperature,Deaths,2021,2006,1176397.16270425,1058712.65096092,1280678.82142588
,Low temperature,Deaths,2021,2007,1210034.14817079,1095484.94688866,1316723.0190788
,Low temperature,Deaths,2021,2010,1297638.89311256,1171917.70893974,1416613.84822584
,Low temperature,Deaths,2021,2013,1361600.46910613,1217980.7967143,1495931.34909471
,Low temperature,Deaths,2021,2015,1344380.27036144,1199676.27820326,1461375.78518275
,Low temperature,Deaths,2021,2016,1346650.48110381,1195142.49661406,1475703.70813039
,Low temperature,Deaths,2021,2017,1393582.48486343,1254966.70057502,1516654.48826322
,Low temperature,Deaths,2021,2019,1463904.40485788,1304627.18312115,1596431.35055056
,Low temperature,Deaths,2021,2021,1481691.90111774,1304977.3047233,1635207.17429322
,Environmental/occupational risks,Deaths,2021,1990,12583403.3993175,11215838.6163793,13977846.2305862
,Environmental/occupational risks,Deaths,2021,2005,13047704.5728712,11566775.7226434,14412689.958895
,Environmental/occupational risks,Deaths,2021,2006,12816604.5848748,11318931.21055,14148038.29616
,Environmental/occupational risks,Deaths,2021,2007,12820911.7789977,11362726.550411,14171443.7435661
,Environmental/occupational risks,Deaths,2021,2010,13006519.5141134,11509865.6883004,14442797.5320322
,Environmental/occupational risks,Deaths,2021,2013,12994219.8310466,11444286.808386,14441300.9750592
,Environmental/occupational risks,Deaths,2021,2015,12963863.1019422,11355054.5915938,14526247.531554
,Environmental/occupational risks,Deaths,2021,2016,12976987.8628057,11255227.6251793,14517348.3678233
,Environmental/occupational risks,Deaths,2021,2017,12906858.7669567,11173026.7087256,14494448.4216174
,Environmental/occupational risks,Deaths,2021,2019,12820900.0192288,11065888.3513913,14475901.7389648
,Environmental/occupational risks,Deaths,2021,2021,12818817.1253957,10896483.1953908,14588245.6201933
,No access to handwashing facility,Deaths,2021,1990,1133925.97241619,-210856.818379451,2357085.34440616
,No access to handwashing facility,Deaths,2021,2005,822926.19909482,-179316.191064719,1717816.65633434
,No access to handwashing facility,Deaths,2021,2006,808875.669611466,-177515.523543842,1684949.59795916
,No access to handwashing facility,Deaths,2021,2007,792799.151606557,-175218.393414871,1661459.45057065
,No access to handwashing facility,Deaths,2021,2010,723735.530764697,-168430.090487677,1522208.96118394
,No access to handwashing facility,Deaths,2021,2013,656935.757606986,-169138.956144183,1394931.17295977
,No access to handwashing facility,Deaths,2021,2015,606603.860517027,-167316.843257292,1296160.28448274
,No access to handwashing facility,Deaths,2021,2016,582920.41430758,-165154.660912338,1244783.18420911
,No access to handwashing facility,Deaths,2021,2017,561226.752039091,-159480.645110338,1212803.05393379
,No access to handwashing facility,Deaths,2021,2019,516208.919523813,-151815.286303595,1113427.73152378
,No access to handwashing facility,Deaths,2021,2021,446329.502814724,-124347.942414036,974738.161813
,Particulate matter pollution,Deaths,2021,1990,7250210.25108564,6032279.35447092,8453897.76610424
,Particulate matter pollution,Deaths,2021,2005,7951009.93183218,6818076.60254146,8996614.17082515
,Particulate matter pollution,Deaths,2021,2006,7799496.22572134,6643036.81149932,8940035.97357915
,Particulate matter pollution,Deaths,2021,2007,7778940.7406633,6671961.7860874,8857886.31686154
,Particulate matter pollution,Deaths,2021,2010,7848672.97359863,6659566.82160648,8968037.7532786
,Particulate matter pollution,Deaths,2021,2013,7979068.900683,6739935.26862806,9206874.69851394
,Particulate matter pollution,Deaths,2021,2015,8021866.92521264,6787733.0726374,9288354.70182385
,Particulate matter pollution,Deaths,2021,2016,7998897.50194808,6660796.85003494,9295259.36765638
,Particulate matter pollution,Deaths,2021,2017,7904445.97626581,6641219.63188453,9226971.59457929
,Particulate matter pollution,Deaths,2021,2019,7728157.23520053,6362038.80857464,9137042.35784447
,Particulate matter pollution,Deaths,2021,2021,7833220.9153879,6479473.76298432,9263395.34606934
,Child stunting,Deaths,2021,1990,1604437.21820354,1323802.20837671,1867161.8216781
,Child stunting,Deaths,2021,2005,936857.469520654,727791.444273605,1106330.10944583
,Child stunting,Deaths,2021,2006,887978.801493924,677675.907968219,1054375.07170053
,Child stunting,Deaths,2021,2007,843288.68993003,642457.379348768,1006193.28402142
,Child stunting,Deaths,2021,2010,729155.515829351,542082.068637207,879134.475004648
,Child stunting,Deaths,2021,2013,622036.394721261,468425.210387046,745477.279375493
,Child stunting,Deaths,2021,2015,549270.157635102,425058.743799326,655699.207262055
,Child stunting,Deaths,2021,2016,511370.106990435,386017.304049801,616538.077446105
,Child stunting,Deaths,2021,2017,474679.710572501,355096.999493017,577332.095574216
,Child stunting,Deaths,2021,2019,405482.821872254,300751.302128012,501780.829472073
,Child stunting,Deaths,2021,2021,311122.526622382,202964.557334213,430212.532470723
,Non-optimal temperature,Deaths,2021,1990,1291493.57443557,1163829.02556407,1455413.71645703
,Non-optimal temperature,Deaths,2021,2005,1614870.01700123,1439926.91415938,1845446.11020575
,Non-optimal temperature,Deaths,2021,2006,1510724.82228907,1347211.57569441,1720312.9527315
,Non-optimal temperature,Deaths,2021,2007,1552483.04958732,1382885.2099848,1776251.9184429
,Non-optimal temperature,Deaths,2021,2010,1784537.48907528,1569547.94632919,2045420.35454429
,Non-optimal temperature,Deaths,2021,2013,1743868.86598593,1535441.70077671,1999698.74476151
,Non-optimal temperature,Deaths,2021,2015,1769555.12247647,1564698.28429496,2015686.71996096
,Non-optimal temperature,Deaths,2021,2016,1826796.91291389,1591116.18553412,2113652.61852411
,Non-optimal temperature,Deaths,2021,2017,1854536.956855,1624575.90121393,2138117.6491564
,Non-optimal temperature,Deaths,2021,2019,1966738.77670912,1719467.25049838,2274164.47949545
,Non-optimal temperature,Deaths,2021,2021,1907500.04599698,1655224.03793568,2202673.19610095
,Unsafe sanitation,Deaths,2021,1990,1865255.57999774,1438219.89370681,2350319.74925422
,Unsafe sanitation,Deaths,2021,2005,1234770.56492366,950171.721350378,1631609.97085182
,Unsafe sanitation,Deaths,2021,2006,1212293.66508185,927436.795691603,1586330.02638878
,Unsafe sanitation,Deaths,2021,2007,1184358.15486048,903366.526415147,1564981.53291826
,Unsafe sanitation,Deaths,2021,2010,1058782.76400167,801922.946114628,1421880.11804541
,Unsafe sanitation,Deaths,2021,2013,921821.51040567,688919.356230071,1257229.25866646
,Unsafe sanitation,Deaths,2021,2015,818016.309992312,610168.713509789,1107837.72898507
,Unsafe sanitation,Deaths,2021,2016,774778.447728402,570108.055558575,1054605.6635262
,Unsafe sanitation,Deaths,2021,2017,739001.394830294,542039.821164331,1010622.07402898
,Unsafe sanitation,Deaths,2021,2019,663215.475809356,473068.745733827,911126.829397299
,Unsafe sanitation,Deaths,2021,2021,595241.622617686,410523.715371432,834464.729984194
,High temperature,Deaths,2021,1990,246697.043172363,170536.494197558,335382.761645887
,High temperature,Deaths,2021,2005,374412.897968779,260637.091400014,507829.627373354
,High temperature,Deaths,2021,2006,345003.372641829,237896.410061762,472730.63802382
,High temperature,Deaths,2021,2007,354570.208508988,238348.086219192,488973.796221368
,High temperature,Deaths,2021,2010,502458.801809474,342577.582069183,665705.39331281
,High temperature,Deaths,2021,2013,397759.652752511,268249.593246437,544640.166845472
,High temperature,Deaths,2021,2015,441118.734193782,296723.672894251,605856.570821036
,High temperature,Deaths,2021,2016,496247.019940626,330120.450004517,684225.487425362
,High temperature,Deaths,2021,2017,478638.627861503,318968.54009921,651613.97449429
,High temperature,Deaths,2021,2019,524313.338000333,350141.660681277,715702.438965443
,High temperature,Deaths,2021,2021,442229.001057509,286707.651652218,616901.244071301
,Kidney dysfunction*,Deaths,2021,1990,1864825.71386022,1596391.62423668,2144983.65955276
,Kidney dysfunction*,Deaths,2021,2005,2570583.64848882,2217338.22197494,2928902.06442253
,Kidney dysfunction*,Deaths,2021,2006,2576800.99147228,2238314.71445959,2934111.39280234
,Kidney dysfunction*,Deaths,2021,2007,2621556.6079403,2266490.7458781,2980811.0457587
,Kidney dysfunction*,Deaths,2021,2010,2812232.92758681,2443634.58548762,3196260.11703725
,Kidney dysfunction*,Deaths,2021,2013,3029272.94716937,2613108.52272146,3451020.67932886
,Kidney dysfunction*,Deaths,2021,2015,3181512.38475263,2744924.28852405,3604499.01718518
,Kidney dysfunction*,Deaths,2021,2016,3262461.57414549,2821650.08503303,3710782.33695092
,Kidney dysfunction*,Deaths,2021,2017,3320224.96121056,2871611.26834826,3784164.84849804
,Kidney dysfunction*,Deaths,2021,2019,3485449.65162411,3010986.21678275,3957498.57368938
,Kidney dysfunction*,Deaths,2021,2021,3622840.03351538,3124321.81508503,4142442.76006642
,Residential radon,Deaths,2021,1990,49236.7768978043,-23789.1933121672,125872.994405613
,Residential radon,Deaths,2021,2005,63322.5414626445,-29920.5905015493,162860.291060103
,Residential radon,Deaths,2021,2006,63506.8399775289,-30199.5907272602,162851.978525703
,Residential radon,Deaths,2021,2007,64494.0006070536,-31165.2899714913,163709.70468917
,Residential radon,Deaths,2021,2010,68550.127425296,-32537.811653606,173269.098430523
,Residential radon,Deaths,2021,2013,72203.207715973,-34771.0892308915,183677.423396976
,Residential radon,Deaths,2021,2015,74302.3069206537,-36474.7156699294,191495.12835815
,Residential radon,Deaths,2021,2016,76002.3456267926,-37179.8724571931,192943.997595955
,Residential radon,Deaths,2021,2017,76732.8572471107,-36881.5033503255,198855.964181629
,Residential radon,Deaths,2021,2019,79402.8076913688,-38130.2439523582,199747.388565102
,Residential radon,Deaths,2021,2021,82160.4586553862,-41644.7074929203,210376.637900432
,Suboptimal breastfeeding,Deaths,2021,1990,522683.242968922,393010.98409974,644603.775898244
,Suboptimal breastfeeding,Deaths,2021,2005,293618.799896541,216985.112569944,366625.819104564
,Suboptimal breastfeeding,Deaths,2021,2006,283517.111608249,211306.016555781,351374.578145053
,Suboptimal breastfeeding,Deaths,2021,2007,271976.807815602,204040.410086278,337034.450901124
,Suboptimal breastfeeding,Deaths,2021,2010,236372.554728467,178873.787938082,293952.766557168
,Suboptimal breastfeeding,Deaths,2021,2013,201813.326290509,152566.218447096,250430.777440373
,Suboptimal breastfeeding,Deaths,2021,2015,178211.210601547,135299.390319369,221920.726625323
,Suboptimal breastfeeding,Deaths,2021,2016,167247.46074016,125077.119927021,210773.524470209
,Suboptimal breastfeeding,Deaths,2021,2017,155841.575369156,116546.295569891,196436.024226672
,Suboptimal breastfeeding,Deaths,2021,2019,133399.340637951,98122.2360638402,170801.802067672
,Suboptimal breastfeeding,Deaths,2021,2021,101023.147978121,74663.3007954297,130974.673170817
,High fasting plasma glucose,Deaths,2021,1990,2163063.46913661,1895074.67665747,2439105.26109297
,High fasting plasma glucose,Deaths,2021,2005,3389525.50359075,2921416.8727535,3847203.92769256
,High fasting plasma glucose,Deaths,2021,2006,3432467.04613952,2957335.76056067,3883838.59179032
,High fasting plasma glucose,Deaths,2021,2007,3520766.62353464,3028908.2643532,3995212.65880128
,High fasting plasma glucose,Deaths,2021,2010,3860884.71533596,3300673.55816743,4407011.67370999
,High fasting plasma glucose,Deaths,2021,2013,4217947.34631063,3612481.23425095,4832673.00661346
,High fasting plasma glucose,Deaths,2021,2015,4497340.93608284,3848860.6919272,5132961.43079964
,High fasting plasma glucose,Deaths,2021,2016,4645318.13134831,3977254.76698912,5317122.13600852
,High fasting plasma glucose,Deaths,2021,2017,4777879.83019396,4068886.59164019,5473507.75351912
,High fasting plasma glucose,Deaths,2021,2019,5088825.39219422,4375973.87769428,5876995.6931045
,High fasting plasma glucose,Deaths,2021,2021,5292826.91293406,4487830.94869162,6114992.6322338
,Low bone mineral density,Deaths,2021,1990,207633.031471324,179288.850012382,228088.553126154
,Low bone mineral density,Deaths,2021,2005,313171.958273623,264919.684551385,346503.141605411
,Low bone mineral density,Deaths,2021,2006,319037.706355227,270558.127883691,353365.011338906
,Low bone mineral density,Deaths,2021,2007,328780.794541012,278135.496850535,364595.267974748
,Low bone mineral density,Deaths,2021,2010,350453.412007431,299267.298411001,386605.069321369
,Low bone mineral density,Deaths,2021,2013,385939.853170136,326737.164595574,429591.445281296
,Low bone mineral density,Deaths,2021,2015,408336.265448228,344756.358221902,453683.244155084
,Low bone mineral density,Deaths,2021,2016,418026.116366677,351029.66245837,464211.437594186
,Low bone mineral density,Deaths,2021,2017,429048.805650874,358360.239163021,480358.66983373
,Low bone mineral density,Deaths,2021,2019,449331.317676573,378933.479275459,500564.908857778
,Low bone mineral density,Deaths,2021,2021,459660.956681325,383676.341242423,519474.811139318
,Diet low in nuts and seeds,Deaths,2021,1990,516267.121204066,151674.093461717,837836.427386975
,Diet low in nuts and seeds,Deaths,2021,2005,592487.635326254,172867.879121319,960641.659820904
,Diet low in nuts and seeds,Deaths,2021,2006,584100.568964556,169911.802703368,942704.62728706
,Diet low in nuts and seeds,Deaths,2021,2007,587194.778559719,173002.950253237,954184.876225862
,Diet low in nuts and seeds,Deaths,2021,2010,603727.551466924,174701.78860215,987181.468047842
,Diet low in nuts and seeds,Deaths,2021,2013,620701.802487502,179037.706569964,1023084.77661158
,Diet low in nuts and seeds,Deaths,2021,2015,624485.392132481,180891.647730751,1023420.70528617
,Diet low in nuts and seeds,Deaths,2021,2016,629970.047593065,180942.119364385,1027233.4917118
,Diet low in nuts and seeds,Deaths,2021,2017,628876.663879002,179125.8661343,1030273.86743888
,Diet low in nuts and seeds,Deaths,2021,2019,644553.448443508,185783.035740093,1067810.39126742
,Diet low in nuts and seeds,Deaths,2021,2021,658246.827457309,184906.146038822,1086133.71502607
,Diet high in sugar sweetened beverages,Deaths,2021,1990,28025.856420374,11479.7084438151,43221.9429308558
,Diet high in sugar sweetened beverages,Deaths,2021,2005,45129.8972591895,19720.5372159746,69107.2112556347
,Diet high in sugar sweetened beverages,Deaths,2021,2006,45923.5982128439,20089.6658149499,70314.4759999135
,Diet high in sugar sweetened beverages,Deaths,2021,2007,47069.3758802015,20583.6038566436,71977.018679508
,Diet high in sugar sweetened beverages,Deaths,2021,2010,51401.8738515446,22575.5577558362,78991.6863475939
,Diet high in sugar sweetened beverages,Deaths,2021,2013,56042.7442854882,24729.4608090559,86252.9527045348
,Diet high in sugar sweetened beverages,Deaths,2021,2015,61107.0859050379,27329.8390647969,93665.3308490241
,Diet high in sugar sweetened beverages,Deaths,2021,2016,63933.7578539941,28757.1177023865,97054.5351257986
,Diet high in sugar sweetened beverages,Deaths,2021,2017,66230.0342672549,29920.4084432893,100902.135793823
,Diet high in sugar sweetened beverages,Deaths,2021,2019,72023.6428049739,32673.7311905256,110421.778988956
,Diet high in sugar sweetened beverages,Deaths,2021,2021,75725.3804443203,34284.3580288238,117265.954094679
,Diet high in trans fatty acids,Deaths,2021,1990,131011.221471024,13216.610635888,246433.830151413
,Diet high in trans fatty acids,Deaths,2021,2005,135679.998126595,13270.9371958965,252747.63169458
,Diet high in trans fatty acids,Deaths,2021,2006,130854.138121838,12952.9777317844,244603.110738047
,Diet high in trans fatty acids,Deaths,2021,2007,125636.426582325,12381.0873401555,236538.250183047
,Diet high in trans fatty acids,Deaths,2021,2010,111583.900168929,10979.722041292,214537.777640863
,Diet high in trans fatty acids,Deaths,2021,2013,112164.626215486,11590.3658692179,216181.60215972
,Diet high in trans fatty acids,Deaths,2021,2015,117298.102695485,12318.426238531,221209.033265729
,Diet high in trans fatty acids,Deaths,2021,2016,119682.276755504,12579.5302455464,226269.361133457
,Diet high in trans fatty acids,Deaths,2021,2017,120838.963064363,12621.8650168341,226672.599686179
,Diet high in trans fatty acids,Deaths,2021,2019,90463.7062089368,9471.53825317869,172377.433421613
,Diet high in trans fatty acids,Deaths,2021,2021,93310.7014985043,9229.38295129084,179613.684215078
,Occupational carcinogens,Deaths,2021,1990,208062.732515694,168124.942569718,249089.822745056
,Occupational carcinogens,Deaths,2021,2005,264522.784345645,213909.830290034,316631.553693489
,Occupational carcinogens,Deaths,2021,2006,268024.027416535,214923.305847827,320911.285498473
,Occupational carcinogens,Deaths,2021,2007,273934.272074888,223266.5352391,329683.057915399
,Occupational carcinogens,Deaths,2021,2010,296021.240136376,238747.13713089,354284.02927044
,Occupational carcinogens,Deaths,2021,2013,314609.43664363,254868.557129085,379029.071660335
,Occupational carcinogens,Deaths,2021,2015,319299.388316512,256180.941307705,382363.659421318
,Occupational carcinogens,Deaths,2021,2016,324406.32318238,259804.376171479,389698.285624899
,Occupational carcinogens,Deaths,2021,2017,325834.059341524,263562.300549376,389326.332185339
,Occupational carcinogens,Deaths,2021,2019,330703.659319425,265713.927658294,399211.392545941
,Occupational carcinogens,Deaths,2021,2021,341997.750897578,272577.069923507,412038.845593956
,Occupational injuries,Deaths,2021,2005,633806.778187205,603098.172459371,667922.343586242
,Occupational injuries,Deaths,2021,2006,629643.145489626,599953.88846368,664161.336385793
,Occupational injuries,Deaths,2021,2007,626095.067926393,595610.038481406,658302.811627049
,Occupational injuries,Deaths,2021,2010,605265.399625491,576544.292140578,634109.313826166
,Occupational injuries,Deaths,2021,2013,570600.039397921,543530.307022763,598835.132560116
,Occupational injuries,Deaths,2021,2015,536933.977478558,507006.96691648,563874.052956788
,Occupational injuries,Deaths,2021,2016,526419.986772139,500682.202647062,552435.565075935
,Occupational injuries,Deaths,2021,2017,517154.063345738,491103.359422938,545092.135635275
,Occupational injuries,Deaths,2021,2019,493283.043070859,466231.127163014,518692.613374072
,Occupational injuries,Deaths,2021,2021,480609.339766946,452246.387530666,507681.149763977
,Occupational exposure to arsenic,Deaths,2021,1990,5496.15709927908,238.134497944698,10409.0664913162
,Occupational exposure to arsenic,Deaths,2021,2005,7485.19481777186,1102.97438972372,13577.0529027191
,Occupational exposure to arsenic,Deaths,2021,2006,7563.50237066666,1056.92828683701,13961.4084033988
,Occupational exposure to arsenic,Deaths,2021,2007,7708.22442502819,1072.26222952276,14183.8999773558
,Occupational exposure to arsenic,Deaths,2021,2010,8222.96530459052,1311.93158051445,14922.4081641146
,Occupational exposure to arsenic,Deaths,2021,2013,8784.14797701336,1565.26653275421,15748.8050479722
,Occupational exposure to arsenic,Deaths,2021,2015,9053.79488593554,1563.36675967698,16109.0002916286
,Occupational exposure to arsenic,Deaths,2021,2016,9289.33095683675,1692.62716195346,16489.6104265906
,Occupational exposure to arsenic,Deaths,2021,2017,9481.93330247956,1687.21300521703,16595.2729539799
,Occupational exposure to arsenic,Deaths,2021,2019,9941.98018252832,1907.7479544355,17448.5366692654
,Occupational exposure to arsenic,Deaths,2021,2021,10527.1326410877,2017.37259325169,18505.4036491126
,Occupational exposure to chromium,Deaths,2021,1990,640.594829307425,551.691570665802,737.523742928415
,Occupational exposure to chromium,Deaths,2021,2005,1060.96310969631,931.466465429906,1195.90155966915
,Occupational exposure to chromium,Deaths,2021,2006,1080.76739975377,962.036094339974,1220.7260666901
,Occupational exposure to chromium,Deaths,2021,2007,1113.46020294481,982.195336301932,1250.84355689267
,Occupational exposure to chromium,Deaths,2021,2010,1234.11904606089,1095.14774916933,1379.52384144324
,Occupational exposure to chromium,Deaths,2021,2013,1353.02503496068,1193.35403114285,1553.00811313423
,Occupational exposure to chromium,Deaths,2021,2015,1416.0316631074,1234.62333419469,1616.0589020061
,Occupational exposure to chromium,Deaths,2021,2016,1464.30995688597,1261.12040351444,1691.56609327509
,Occupational exposure to chromium,Deaths,2021,2017,1511.55575918963,1311.09829660362,1755.59249846081
,Occupational exposure to chromium,Deaths,2021,2019,1623.30544273538,1368.74096169244,1906.51997157504
,Occupational exposure to chromium,Deaths,2021,2021,1751.69995247913,1448.16037156665,2074.75828857164
,Occupational exposure to nickel,Deaths,2021,1990,5169.34264845549,-407.68674269441,14810.7469039057
,Occupational exposure to nickel,Deaths,2021,2005,6986.52308103971,25.1248552607088,18556.7913093714
,Occupational exposure to nickel,Deaths,2021,2006,7051.30770333034,33.9970738135501,18584.1266663731
,Occupational exposure to nickel,Deaths,2021,2007,7180.35371185639,56.1776595813736,18739.8423058889
,Occupational exposure to nickel,Deaths,2021,2010,7669.75713008311,215.431478341197,19844.6695395938
,Occupational exposure to nickel,Deaths,2021,2013,8188.82280711556,331.934003411745,20977.8974322013
,Occupational exposure to nickel,Deaths,2021,2015,8448.57668613383,416.863608419567,21748.254842129
,Occupational exposure to nickel,Deaths,2021,2016,8678.6692998082,438.429692878379,22464.3933166987
,Occupational exposure to nickel,Deaths,2021,2017,8872.29687084341,435.073472494757,22202.0634824503
,Occupational exposure to nickel,Deaths,2021,2019,9307.82070608601,520.655619361697,23489.2578905586
,Occupational exposure to nickel,Deaths,2021,2021,9851.99801588918,774.517386877492,25620.8230077937
,Occupational exposure to trichloroethylene,Deaths,2021,1990,25.7803083737909,5.77278187297917,47.0359312020384
,Occupational exposure to trichloroethylene,Deaths,2021,2005,45.5618766629513,10.093196102612,83.2255594675737
,Occupational exposure to trichloroethylene,Deaths,2021,2006,47.0700714081576,10.4739647316034,86.2515554134405
,Occupational exposure to trichloroethylene,Deaths,2021,2007,48.5660889165298,10.9620302373646,88.011959909606
,Occupational exposure to trichloroethylene,Deaths,2021,2010,54.5518183559287,12.0567386579922,100.423092165123
,Occupational exposure to trichloroethylene,Deaths,2021,2013,60.3189973190898,13.6169871061713,110.329828738409
,Occupational exposure to trichloroethylene,Deaths,2021,2015,63.8253639037735,14.2905323214435,116.3054610731
,Occupational exposure to trichloroethylene,Deaths,2021,2016,66.3007426384066,14.7168685621361,121.695701594442
,Occupational exposure to trichloroethylene,Deaths,2021,2017,68.682341177407,15.5049769822062,125.848607559827
,Occupational exposure to trichloroethylene,Deaths,2021,2019,74.2130603813085,16.4940958722043,136.259505923595
,Occupational exposure to trichloroethylene,Deaths,2021,2021,79.3426752237212,17.4411180323071,145.574473543567
,Child wasting,Deaths,2021,1990,2148484.67509894,1244604.94638309,2671334.72968751
,Child wasting,Deaths,2021,2005,1276491.68101076,722741.144635886,1583426.61127816
,Child wasting,Deaths,2021,2006,1224610.98648432,689844.245677714,1517163.10925015
,Child wasting,Deaths,2021,2007,1171552.08897883,655567.158068495,1451180.36509538
,Child wasting,Deaths,2021,2010,1048892.25182667,611687.210416312,1307480.55372875
,Child wasting,Deaths,2021,2013,885150.952528915,521480.389353804,1093672.96944467
,Child wasting,Deaths,2021,2015,792918.720833568,494935.840545752,977360.584926846
,Child wasting,Deaths,2021,2016,750352.049146598,472736.260282416,934286.860565137
,Child wasting,Deaths,2021,2017,706178.42607804,454248.805335864,880040.423639686
,Child wasting,Deaths,2021,2019,616080.102717578,406931.138900718,776120.725163506
,Child wasting,Deaths,2021,2021,493989.052167036,308328.137255807,639313.099767751
,Short gestation,Deaths,2021,1990,1939796.3632512,1807939.61549199,2084281.68822111
,Short gestation,Deaths,2021,2005,1619613.13820642,1473459.46541252,1761131.14181738
,Short gestation,Deaths,2021,2006,1606886.39144173,1464582.74399192,1741603.28404488
,Short gestation,Deaths,2021,2007,1593046.46361642,1450804.94633491,1732615.80829055
,Short gestation,Deaths,2021,2010,1522134.990531,1369648.68713247,1657641.99046085
,Short gestation,Deaths,2021,2013,1448184.93130138,1293226.7387662,1594130.14808287
,Short gestation,Deaths,2021,2015,1389383.18875299,1221579.92974298,1548417.16020524
,Short gestation,Deaths,2021,2016,1349964.10019453,1179813.57299394,1516867.58212104
,Short gestation,Deaths,2021,2017,1306028.47449397,1125213.76605432,1473960.28343231
,Short gestation,Deaths,2021,2019,1207197.98728774,1029550.56832288,1381824.10944937
,Short gestation,Deaths,2021,2021,1103115.11433357,929207.353975419,1276262.66088219
,Low birth weight,Deaths,2021,1990,2735313.49619194,2578317.50609449,2891549.76899886
,Low birth weight,Deaths,2021,2005,2266451.47477109,2095693.59764289,2431483.03821252
,Low birth weight,Deaths,2021,2006,2244619.80551599,2080042.26139837,2402830.44786642
,Low birth weight,Deaths,2021,2007,2222867.01932191,2044480.92066146,2380504.08467902
,Low birth weight,Deaths,2021,2010,2130907.42756816,1951431.74386522,2315574.54643983
,Low birth weight,Deaths,2021,2013,2027765.96277836,1839587.40497641,2208718.87661983
,Low birth weight,Deaths,2021,2015,1943264.96167313,1740146.40906672,2149953.38028503
,Low birth weight,Deaths,2021,2016,1888080.3044471,1667641.75591862,2106499.89227694
,Low birth weight,Deaths,2021,2017,1825649.38183016,1606376.76635028,2039828.7492201
,Low birth weight,Deaths,2021,2019,1686432.53895667,1472999.37512178,1931401.31769612
,Low birth weight,Deaths,2021,2021,1540470.13238514,1328795.00502133,1784701.13618464
,Low birth weight and short gestation,Deaths,2021,1990,2888496.72062351,2718933.26936604,3053604.17537788
,Low birth weight and short gestation,Deaths,2021,2005,2396184.49771156,2208641.88661042,2576019.03076322
,Low birth weight and short gestation,Deaths,2021,2006,2372731.99718563,2193507.30270965,2547628.01573933
,Low birth weight and short gestation,Deaths,2021,2007,2349054.75910021,2162756.7560104,2517384.97647444
,Low birth weight and short gestation,Deaths,2021,2010,2249515.29332354,2053708.07063866,2449912.47829975
,Low birth weight and short gestation,Deaths,2021,2013,2139715.72607502,1942480.1349356,2330823.4789646
,Low birth weight and short gestation,Deaths,2021,2015,2050503.60208877,1831364.84053478,2270749.41232414
,Low birth weight and short gestation,Deaths,2021,2016,1992223.90479271,1756283.06996442,2225487.92192443
,Low birth weight and short gestation,Deaths,2021,2017,1926381.17539428,1694322.85455293,2150480.96222699
,Low birth weight and short gestation,Deaths,2021,2019,1780007.22454732,1553828.91724211,2040953.03933734
,Low birth weight and short gestation,Deaths,2021,2021,1626132.53964018,1405081.80625454,1881124.04533233
,Sexual violence against children and bullying,Deaths,2021,1990,8167.89776557244,1397.53536664667,18590.1200965359
,Sexual violence against children and bullying,Deaths,2021,2005,13639.4992787879,2380.06666138314,31504.4517989995
,Sexual violence against children and bullying,Deaths,2021,2006,12916.48432506,2248.78257160343,29678.192808629
,Sexual violence against children and bullying,Deaths,2021,2007,12395.3972472101,2212.84831202662,28499.8338716793
,Sexual violence against children and bullying,Deaths,2021,2010,11798.6801490837,2064.60021420447,26792.7934715561
,Sexual violence against children and bullying,Deaths,2021,2013,11410.1925925273,1972.5938856062,25706.8098581903
,Sexual violence against children and bullying,Deaths,2021,2015,11769.175175895,2038.78755148802,26290.8162393521
,Sexual violence against children and bullying,Deaths,2021,2016,11890.3417483584,2039.72737123353,26777.0323548853
,Sexual violence against children and bullying,Deaths,2021,2017,11906.2326411852,2072.5747751126,26750.5188230155
,Sexual violence against children and bullying,Deaths,2021,2019,12059.4536793923,2159.37905971791,27169.7342310881
,Sexual violence against children and bullying,Deaths,2021,2021,12087.3183044787,2103.71436911361,27430.3907621685
,Air pollution,Deaths,2021,1990,7340635.81759191,6120948.59773349,8540005.56818736
,Air pollution,Deaths,2021,2005,8099053.2603924,6979220.52764644,9122664.88688117
,Air pollution,Deaths,2021,2006,7953970.67288558,6843782.93495149,9042044.61979588
,Air pollution,Deaths,2021,2007,7943449.78555472,6825257.66036388,8997525.48153956
,Air pollution,Deaths,2021,2010,8021933.4605085,6865644.5668434,9156951.86374108
,Air pollution,Deaths,2021,2013,8157127.4770446,6932515.1470835,9452136.35488974
,Air pollution,Deaths,2021,2015,8210058.72667748,6990549.82119251,9456672.61953061
,Air pollution,Deaths,2021,2016,8202792.72083173,6871195.96711967,9491343.60807794
,Air pollution,Deaths,2021,2017,8122881.53323922,6813141.6495357,9411542.7314334
,Air pollution,Deaths,2021,2019,7965676.52177875,6627478.62589431,9298878.99857771
,Air pollution,Deaths,2021,2021,8079995.35775399,6709212.88518237,9483055.07001379
,Ambient ozone pollution,Deaths,2021,1990,235336.155531619,52681.3510383172,415901.042876564
,Ambient ozone pollution,Deaths,2021,2005,359299.014807106,79040.551529793,620571.557365392
,Ambient ozone pollution,Deaths,2021,2006,370663.374824462,81189.0975525209,635995.339905372
,Ambient ozone pollution,Deaths,2021,2007,391333.568608816,86343.2609949324,675955.032878019
,Ambient ozone pollution,Deaths,2021,2010,390136.061114797,83649.5905403252,676369.108727834
,Ambient ozone pollution,Deaths,2021,2013,392525.235573056,85538.8817649263,683265.09087148
,Ambient ozone pollution,Deaths,2021,2015,410356.211667652,90032.5827050258,714745.806143847
,Ambient ozone pollution,Deaths,2021,2016,437777.646495798,95511.4087642881,755943.126356912
,Ambient ozone pollution,Deaths,2021,2017,459109.262582353,101657.933379006,797430.798156774
,Ambient ozone pollution,Deaths,2021,2019,469885.836875423,99918.8984380698,817983.330347593
,Ambient ozone pollution,Deaths,2021,2021,489518.844937223,107204.206865516,836979.31258845
,Iron deficiency,Deaths,2021,1990,59083.5335639247,28950.6129338763,77815.1674236548
,Iron deficiency,Deaths,2021,2005,50942.532195204,24417.576659113,68631.2943416568
,Iron deficiency,Deaths,2021,2006,49920.5813432099,23262.8608388614,67912.5506481701
,Iron deficiency,Deaths,2021,2007,48523.4245258961,22873.2263274451,66023.9715584153
,Iron deficiency,Deaths,2021,2010,44857.4873475695,22248.4600464878,61993.6823970421
,Iron deficiency,Deaths,2021,2013,41550.7923714005,19738.9206235487,57366.8823919934
,Iron deficiency,Deaths,2021,2015,38974.4254971928,18266.928038965,53970.5511914509
,Iron deficiency,Deaths,2021,2016,38308.632074211,17689.1915299055,52770.7308718179
,Iron deficiency,Deaths,2021,2017,37710.1438982539,17922.513657698,52074.9297656245
,Iron deficiency,Deaths,2021,2019,35503.9817568035,16605.1163591713,50256.1785073244
,Iron deficiency,Deaths,2021,2021,34291.7788151698,16601.2006052935,48547.6454900684
,Vitamin A deficiency,Deaths,2021,1990,188458.416483143,-510559.545784607,756085.568911317
,Vitamin A deficiency,Deaths,2021,2005,86766.6649055485,-251358.311528604,362496.519947671
,Vitamin A deficiency,Deaths,2021,2006,77784.9848748489,-227277.407091335,330310.278615603
,Vitamin A deficiency,Deaths,2021,2007,70941.0455875931,-208607.503165383,300802.771931181
,Vitamin A deficiency,Deaths,2021,2010,57028.725285464,-170211.29784601,241736.715846761
,Vitamin A deficiency,Deaths,2021,2013,42717.079316815,-122309.21841468,182288.087108814
,Vitamin A deficiency,Deaths,2021,2015,34236.4175729011,-96918.7306827984,146801.760132993
,Vitamin A deficiency,Deaths,2021,2016,30500.6232588098,-87545.8751016514,131762.377555175
,Vitamin A deficiency,Deaths,2021,2017,27776.4046099185,-81078.1773014086,122200.877993807
,Vitamin A deficiency,Deaths,2021,2019,23574.9676471902,-67982.2849291465,103722.723311504
,Vitamin A deficiency,Deaths,2021,2021,17374.4038679158,-56819.0186240427,75974.9278297115
,Zinc deficiency,Deaths,2021,1990,17396.28449893,-31361.4865381292,81000.0376991035
,Zinc deficiency,Deaths,2021,2005,8204.87812099904,-17132.3273488058,37300.3866708617
,Zinc deficiency,Deaths,2021,2006,7751.73538145444,-16266.9201773583,35834.0514011571
,Zinc deficiency,Deaths,2021,2007,7172.75729434787,-15211.0100351783,33443.0472400444
,Zinc deficiency,Deaths,2021,2010,5371.80533164382,-12331.4874524612,26759.0984886686
,Zinc deficiency,Deaths,2021,2013,3964.19226762873,-8414.95327600352,20674.8688245592
,Zinc deficiency,Deaths,2021,2015,3134.21702808866,-6649.65307453948,16930.9476860364
,Zinc deficiency,Deaths,2021,2016,2795.666751697,-6044.81134661595,15092.0838724282
,Zinc deficiency,Deaths,2021,2017,2501.37727591486,-5165.62087148774,13628.7896151596
,Zinc deficiency,Deaths,2021,2019,2017.85555549121,-4164.37581735516,10875.0754536294
,Zinc deficiency,Deaths,2021,2021,1611.57809572742,-3461.68439403147,8666.84993111028
,Second-hand smoke,Deaths,2021,1990,1162721.87500837,598582.264938246,1741475.14540998
,Second-hand smoke,Deaths,2021,2005,1220731.42674085,657507.692580332,1801805.12380213
,Second-hand smoke,Deaths,2021,2006,1193911.63476162,643163.690966633,1758851.58449367
,Second-hand smoke,Deaths,2021,2007,1192288.97277724,639047.061372955,1762561.18770929
,Second-hand smoke,Deaths,2021,2010,1214009.29978966,666193.581265165,1792313.37933015
,Second-hand smoke,Deaths,2021,2013,1225549.65204915,663168.599886797,1822250.0845859
,Second-hand smoke,Deaths,2021,2015,1234859.22658153,669594.840290363,1809675.79964668
,Second-hand smoke,Deaths,2021,2016,1244415.34301575,667787.137127318,1839605.74668555
,Second-hand smoke,Deaths,2021,2017,1252008.62555905,673500.580875277,1856349.32107649
,Second-hand smoke,Deaths,2021,2019,1286107.38167952,682392.622256239,1894118.16985722
,Second-hand smoke,Deaths,2021,2021,1292097.51849609,683120.078768174,1896164.50583565
,Metabolic risks,Deaths,2021,1990,10278657.862262,9232874.47821304,11289768.4231345
,Metabolic risks,Deaths,2021,2005,13735847.7722468,12275878.7963427,15009722.602085
,Metabolic risks,Deaths,2021,2006,13712599.2467838,12300740.4084837,15045475.5210119
,Metabolic risks,Deaths,2021,2007,13912186.6903866,12468898.4048257,15196993.2337966
,Metabolic risks,Deaths,2021,2010,14850417.8943624,13276365.0734746,16249622.5322328
,Metabolic risks,Deaths,2021,2013,15738315.1843575,14067424.1604847,17263378.3366318
,Metabolic risks,Deaths,2021,2015,16420186.2589885,14589474.1265506,17975726.2352787
,Metabolic risks,Deaths,2021,2016,16811789.742801,14968032.6688323,18469281.3207651
,Metabolic risks,Deaths,2021,2017,17129299.1500468,15156197.903087,18975165.0515477
,Metabolic risks,Deaths,2021,2019,17957072.5811028,15795155.4628973,19962360.7239382
,Metabolic risks,Deaths,2021,2021,18562545.8555138,16337592.7994539,20590813.1547929
,Diet low in fruits,Deaths,2021,2005,1351401.89116979,531739.332277174,2044438.75667403
,Diet low in fruits,Deaths,2021,2006,1342349.26170223,539211.567900302,2008772.40668598
,Diet low in fruits,Deaths,2021,2007,1354433.79958958,548331.173447252,2020832.15118552
,Diet low in fruits,Deaths,2021,2010,1410244.46431282,601928.286852071,2098211.32218079
,Diet low in fruits,Deaths,2021,2013,1476699.45580643,659155.467599064,2171598.32354999
,Diet low in fruits,Deaths,2021,2015,1527722.89112487,686947.250719366,2247424.41435791
,Diet low in fruits,Deaths,2021,2016,1559856.37894244,715362.632278714,2278472.0837775
,Diet low in fruits,Deaths,2021,2017,1585287.45259541,728355.250887107,2338124.56396717
,Diet low in fruits,Deaths,2021,2019,1651570.35473858,752014.395539979,2433182.48685504
,Diet low in fruits,Deaths,2021,2021,1683591.63772107,769757.726378262,2470250.4438557
,Diet low in vegetables,Deaths,2021,1990,686077.452987949,395488.295072195,963702.53767282
,Diet low in vegetables,Deaths,2021,2005,673881.922892974,398542.369439996,953683.921347332
,Diet low in vegetables,Deaths,2021,2006,672467.797443018,405636.767076392,944898.231992163
,Diet low in vegetables,Deaths,2021,2007,677472.061118824,406598.59227616,949287.595951
,Diet low in vegetables,Deaths,2021,2010,704117.742918902,433409.873312064,980839.576902475
,Diet low in vegetables,Deaths,2021,2013,741182.054043864,464453.513462416,1019395.03147913
,Diet low in vegetables,Deaths,2021,2015,774215.614002792,490258.592709335,1065575.63465922
,Diet low in vegetables,Deaths,2021,2016,791802.363973852,499377.575519668,1089113.54653935
,Diet low in vegetables,Deaths,2021,2017,807205.509372488,511551.558619422,1104849.98998681
,Diet low in vegetables,Deaths,2021,2019,841083.27315317,534866.606806522,1153615.91511161
,Diet low in vegetables,Deaths,2021,2021,861479.896570154,541278.444980827,1189503.36589418
,Diet high in red meat,Deaths,2021,1990,188232.883372874,-138.958565421653,244592.859840289
,Diet high in red meat,Deaths,2021,2005,220757.249215436,-132.470397754644,300060.323887432
,Diet high in red meat,Deaths,2021,2006,222942.86698435,-139.977797329721,301968.714300323
,Diet high in red meat,Deaths,2021,2007,227213.462709514,-137.870266157364,305732.000168492
,Diet high in red meat,Deaths,2021,2010,245491.663811683,-147.470332095561,329611.857720903
,Diet high in red meat,Deaths,2021,2013,269568.825905607,-158.345876667326,361007.530439602
,Diet high in red meat,Deaths,2021,2015,286421.190637621,-166.578171075192,381183.700811535
,Diet high in red meat,Deaths,2021,2016,295776.674341164,-158.567699556814,391651.14153677
,Diet high in red meat,Deaths,2021,2017,303807.14743383,-161.309817993043,401865.128374142
,Diet high in red meat,Deaths,2021,2019,321188.939434879,-160.859570442144,427759.762471091
,Diet high in red meat,Deaths,2021,2021,333872.014848432,-146.321385154267,444431.014967803
,Diet low in seafood omega-3 fatty acids,Deaths,2021,1990,500154.278977901,98926.6596356904,839562.730867919
,Diet low in seafood omega-3 fatty acids,Deaths,2021,2005,604073.090736423,117303.816585804,1013141.11284851
,Diet low in seafood omega-3 fatty acids,Deaths,2021,2006,595546.508847669,116035.614864398,1005349.13598964
,Diet low in seafood omega-3 fatty acids,Deaths,2021,2007,594254.487347759,116063.78349666,1000971.14269497
,Diet low in seafood omega-3 fatty acids,Deaths,2021,2010,597192.611859352,115808.850986549,1006031.28948728
,Diet low in seafood omega-3 fatty acids,Deaths,2021,2013,607289.556933921,116256.804579385,1041391.21002039
,Diet low in seafood omega-3 fatty acids,Deaths,2021,2015,609394.295088015,117188.252771748,1033207.87708855
,Diet low in seafood omega-3 fatty acids,Deaths,2021,2016,613076.151031551,116237.739875435,1046114.76487147
,Diet low in seafood omega-3 fatty acids,Deaths,2021,2017,609920.978951976,116725.264781548,1044263.29797196
,Diet low in seafood omega-3 fatty acids,Deaths,2021,2019,619188.917355959,118028.015633115,1060603.84093059
,Diet low in seafood omega-3 fatty acids,Deaths,2021,2021,627342.216564792,119537.66072445,1082744.96194442
,Low physical activity,Deaths,2021,1990,342760.535637213,146388.473457816,549085.967224578
,Low physical activity,Deaths,2021,2005,459846.94644593,194582.660810877,733287.508819546
,Low physical activity,Deaths,2021,2006,460927.301517888,195124.976672679,726240.048361071
,Low physical activity,Deaths,2021,2007,468697.215779985,198562.337908666,752023.568298627
,Low physical activity,Deaths,2021,2010,502989.499561809,210012.626297717,809592.165037961
,Low physical activity,Deaths,2021,2013,538254.102784216,223279.089464422,856919.897392562
,Low physical activity,Deaths,2021,2015,565645.337108667,235151.812876122,902323.7386746
,Low physical activity,Deaths,2021,2016,580901.977009674,242150.273607822,917006.948454761
,Low physical activity,Deaths,2021,2017,595073.464934208,246331.508378523,954447.618475606
,Low physical activity,Deaths,2021,2019,630329.257672612,262182.265975735,1012320.11123433
,Low physical activity,Deaths,2021,2021,657618.695734701,278741.786773928,1058456.23342328
,"Occupational particulate matter, gases, and fumes",Deaths,2021,1990,431217.99580786,363268.443769337,513066.215214258
,"Occupational particulate matter, gases, and fumes",Deaths,2021,2005,494126.106602187,412632.626553363,585421.337180254
,"Occupational particulate matter, gases, and fumes",Deaths,2021,2006,478916.053247343,393705.421036588,568517.124595438
,"Occupational particulate matter, gases, and fumes",Deaths,2021,2007,482529.012793542,398175.079871217,573522.883435081
,"Occupational particulate matter, gases, and fumes",Deaths,2021,2010,503307.030601727,408711.516907988,602065.832920307
,"Occupational particulate matter, gases, and fumes",Deaths,2021,2013,512773.542335138,420395.613129849,613743.725776436
,"Occupational particulate matter, gases, and fumes",Deaths,2021,2015,524331.284771769,426631.449971707,639901.729030378
,"Occupational particulate matter, gases, and fumes",Deaths,2021,2016,531828.895286227,432319.673024481,639969.274597478
,"Occupational particulate matter, gases, and fumes",Deaths,2021,2017,542613.354490622,441115.074998752,651503.328294637
,"Occupational particulate matter, gases, and fumes",Deaths,2021,2019,569949.600881066,456666.695472256,687454.039709413
,"Occupational particulate matter, gases, and fumes",Deaths,2021,2021,590226.361856306,474965.122496878,720314.423640855
,Intimate partner violence,Deaths,2021,1990,41555.8902713857,30065.653497706,55594.3804125839
,Intimate partner violence,Deaths,2021,2005,120885.96504339,80259.3809104069,164589.201229673
,Intimate partner violence,Deaths,2021,2006,114473.021948538,76835.5959972343,155672.776194218
,Intimate partner violence,Deaths,2021,2007,106930.5635336,71840.1140888872,145267.41348551
,Intimate partner violence,Deaths,2021,2010,90700.6187676228,61829.8849179348,121186.300117307
,Intimate partner violence,Deaths,2021,2013,76109.7141479212,52639.457507032,99978.1522067662
,Intimate partner violence,Deaths,2021,2015,70689.4218146902,49339.360095204,92581.8384152778
,Intimate partner violence,Deaths,2021,2016,69052.5382393399,48123.5781555634,90062.754381625
,Intimate partner violence,Deaths,2021,2017,67645.5768750387,47123.2567735181,88189.5625262596
,Intimate partner violence,Deaths,2021,2019,64495.6668908755,44850.0773885337,83661.1178752065
,Intimate partner violence,Deaths,2021,2021,61276.8597046213,43003.561486869,79134.9578673583
,Non-exclusive breastfeeding,Deaths,2021,1990,479410.642469515,359924.963442987,593548.972452909
,Non-exclusive breastfeeding,Deaths,2021,2005,272665.883702252,204367.802920866,341779.219464303
,Non-exclusive breastfeeding,Deaths,2021,2006,262982.96093172,198443.207741507,328429.382627082
,Non-exclusive breastfeeding,Deaths,2021,2007,252017.094914537,189730.646728856,316860.820419898
,Non-exclusive breastfeeding,Deaths,2021,2010,218299.846658871,163840.273577634,273905.684614157
,Non-exclusive breastfeeding,Deaths,2021,2013,186157.327761379,141457.887095127,232796.166285205
,Non-exclusive breastfeeding,Deaths,2021,2015,164378.755071566,125223.825788729,208171.739073565
,Non-exclusive breastfeeding,Deaths,2021,2016,154198.838468256,116815.985817632,194840.604592696
,Non-exclusive breastfeeding,Deaths,2021,2017,143755.606969123,107918.933279145,181971.465556217
,Non-exclusive breastfeeding,Deaths,2021,2019,123109.759436761,90904.2938007159,158761.949917528
,Non-exclusive breastfeeding,Deaths,2021,2021,92659.2449167391,67956.2978608753,121151.204179235
,Discontinued breastfeeding,Deaths,2021,1990,43272.600499407,15810.9459830811,76468.3327946483
,Discontinued breastfeeding,Deaths,2021,2005,20952.9161942884,7490.99674267921,36964.4025325557
,Discontinued breastfeeding,Deaths,2021,2006,20534.1506765294,7375.67436378496,36320.7799418977
,Discontinued breastfeeding,Deaths,2021,2007,19959.7129010644,7269.59587203101,34989.5380345861
,Discontinued breastfeeding,Deaths,2021,2010,18072.7080695956,6740.0093085748,32379.2192490619
,Discontinued breastfeeding,Deaths,2021,2013,15655.9985291294,5878.75359651158,28662.1334909364
,Discontinued breastfeeding,Deaths,2021,2015,13832.4555299811,5036.68508250624,25117.7383972735
,Discontinued breastfeeding,Deaths,2021,2016,13048.6222719042,4821.15188273948,23613.1991569226
,Discontinued breastfeeding,Deaths,2021,2017,12085.9684000337,4455.35767963246,21817.0784884769
,Discontinued breastfeeding,Deaths,2021,2019,10289.5812011899,3651.65363700195,18736.2928814294
,Discontinued breastfeeding,Deaths,2021,2021,8363.90306138285,2911.03992401239,14955.3602348986
,Diet low in calcium,Deaths,2021,1990,54866.2736924456,42591.8203870366,67037.8919307589
,Diet low in calcium,Deaths,2021,2005,66441.8500261544,53047.3429803194,79632.0729645715
,Diet low in calcium,Deaths,2021,2006,66230.6050717166,52791.3257145396,79105.9511332317
,Diet low in calcium,Deaths,2021,2007,66684.0234564573,53328.1461329521,80292.3464289553
,Diet low in calcium,Deaths,2021,2010,69514.844699455,55321.2962777991,84809.8558513459
,Diet low in calcium,Deaths,2021,2013,71695.8737121305,56419.8411871251,86162.6180270488
,Diet low in calcium,Deaths,2021,2015,74148.5377343709,58182.1455562645,89811.2177503758
,Diet low in calcium,Deaths,2021,2016,75752.0138645833,59599.3938927436,92078.180488354
,Diet low in calcium,Deaths,2021,2017,77146.6243462925,60358.9125181488,93597.2571895814
,Diet low in calcium,Deaths,2021,2019,80628.385457525,62481.7922255155,99034.1333464703
,Diet low in calcium,Deaths,2021,2021,83863.9916261323,64825.5282767432,102766.062574294
,Occupational exposure to beryllium,Deaths,2021,1990,135.04279988071,107.856864604644,167.449199245964
,Occupational exposure to beryllium,Deaths,2021,2005,204.929203855917,167.350169016032,242.438870965078
,Occupational exposure to beryllium,Deaths,2021,2006,206.813741150392,170.697876024041,244.879367733388
,Occupational exposure to beryllium,Deaths,2021,2007,211.098843177745,175.677461800981,251.739714601574
,Occupational exposure to beryllium,Deaths,2021,2010,228.50165230846,187.677073569158,270.56472781822
,Occupational exposure to beryllium,Deaths,2021,2013,245.512484023945,199.93952813476,293.004254572268
,Occupational exposure to beryllium,Deaths,2021,2015,254.859265904654,204.968169426822,308.529530272744
,Occupational exposure to beryllium,Deaths,2021,2016,262.98272388779,211.583850897272,317.870880661637
,Occupational exposure to beryllium,Deaths,2021,2017,269.858443763385,219.259950504474,323.305031830104
,Occupational exposure to beryllium,Deaths,2021,2019,287.17538998499,233.580220116142,350.252780343957
,Occupational exposure to beryllium,Deaths,2021,2021,308.337836337628,246.711390834654,376.814868201833
,Occupational exposure to diesel engine exhaust,Deaths,2021,1990,7896.04999402893,6827.2830518275,9174.6900542032
,Occupational exposure to diesel engine exhaust,Deaths,2021,2005,12753.5411007791,11143.8222450957,14378.2345508496
,Occupational exposure to diesel engine exhaust,Deaths,2021,2006,13003.6496529248,11486.4746115155,14740.6697162432
,Occupational exposure to diesel engine exhaust,Deaths,2021,2007,13409.3243569909,11846.5350632717,15229.5893291481
,Occupational exposure to diesel engine exhaust,Deaths,2021,2010,14941.6695306798,13090.6803795657,16984.4888912965
,Occupational exposure to diesel engine exhaust,Deaths,2021,2013,16483.6876581391,14317.7307721696,18857.5372072705
,Occupational exposure to diesel engine exhaust,Deaths,2021,2015,17336.8588475027,14958.1449575552,19850.0837936789
,Occupational exposure to diesel engine exhaust,Deaths,2021,2016,17952.4675789528,15572.64766252,20664.5580387955
,Occupational exposure to diesel engine exhaust,Deaths,2021,2017,18548.6204773599,15965.8197602415,21897.0292481832
,Occupational exposure to diesel engine exhaust,Deaths,2021,2019,20001.4380357611,17008.0934430147,23623.4981430077
,Occupational exposure to diesel engine exhaust,Deaths,2021,2021,21619.9036473816,18060.6751301823,25544.3441730954
,Occupational exposure to silica,Deaths,2021,1990,39871.8010874787,21700.374543281,58080.0086621139
,Occupational exposure to silica,Deaths,2021,2005,48889.9616410833,25696.1120494649,70180.9278009889
,Occupational exposure to silica,Deaths,2021,2006,48900.152055731,25275.9472733943,70180.7297919839
,Occupational exposure to silica,Deaths,2021,2007,49510.3352948927,25826.0736562354,72093.074643958
,Occupational exposure to silica,Deaths,2021,2010,52330.6375744844,27786.3012240036,74717.3448214362
,Occupational exposure to silica,Deaths,2021,2013,55101.4333132933,28510.6331807319,79324.5591850551
,Occupational exposure to silica,Deaths,2021,2015,56714.2015489904,29867.7334652718,82239.2909055609
,Occupational exposure to silica,Deaths,2021,2016,58016.1108232596,30119.1884898517,83754.5051036881
,Occupational exposure to silica,Deaths,2021,2017,58964.2185446262,30714.2503054973,87459.877607702
,Occupational exposure to silica,Deaths,2021,2019,61284.7302362359,30495.3831872785,90548.0502074435
,Occupational exposure to silica,Deaths,2021,2021,64176.4910521002,33570.3664389589,96016.5210244788
,Unsafe sex,Deaths,2021,1990,452919.313790945,384614.791108755,544092.737007828
,Unsafe sex,Deaths,2021,2005,1516542.6066521,1318371.06968309,1744562.54413952
,Unsafe sex,Deaths,2021,2006,1469420.6212086,1302940.53162125,1673108.52061367
,Unsafe sex,Deaths,2021,2007,1400357.92392687,1260068.394368,1585010.10669529
,Unsafe sex,Deaths,2021,2010,1216368.47630577,1112884.86573506,1368767.26841464
,Unsafe sex,Deaths,2021,2013,1060372.51681546,979582.625865363,1177814.2250762
,Unsafe sex,Deaths,2021,2015,1009931.13746329,936867.496461788,1111825.37566947
,Unsafe sex,Deaths,2021,2016,994772.402512926,922865.718815777,1096394.79598669
,Unsafe sex,Deaths,2021,2017,977063.493979736,910025.496389634,1068222.63848606
,Unsafe sex,Deaths,2021,2019,944057.468446454,884365.178973978,1022059.96259901
,Unsafe sex,Deaths,2021,2021,900652.055425061,851042.009971651,958885.835539198
,Behavioural risks,Deaths,2021,1990,17972959.0365476,15289667.1719225,20085404.5105876
,Behavioural risks,Deaths,2021,2005,19399722.9044331,16242201.7198602,22080105.7147026
,Behavioural risks,Deaths,2021,2006,19053547.3154376,15929723.8089281,21654371.3483448
,Behavioural risks,Deaths,2021,2007,18956565.9528735,15645879.5781588,21608558.0243481
,Behavioural risks,Deaths,2021,2010,19013598.8507068,15502884.9231817,21761037.2498946
,Behavioural risks,Deaths,2021,2013,18866126.7940983,15168111.7405556,21714218.3396072
,Behavioural risks,Deaths,2021,2015,18934234.4119626,15344551.8702515,21860748.1388814
,Behavioural risks,Deaths,2021,2016,18989828.6880699,15012169.5267231,21973206.0386873
,Behavioural risks,Deaths,2021,2017,18980968.3506269,14980863.0834001,22093843.9524064
,Behavioural risks,Deaths,2021,2019,19168692.4362556,15066554.0497703,22402610.3522641
,Behavioural risks,Deaths,2021,2021,19115962.7102921,14801075.5589213,22678617.425391
,Child growth failure,Deaths,2021,1990,3674704.17734272,2671739.29044685,4282590.6591666
,Child growth failure,Deaths,2021,2005,2221337.353469,1480087.59259451,2694938.17666637
,Child growth failure,Deaths,2021,2006,2123772.30599927,1398767.34975463,2585799.98160694
,Child growth failure,Deaths,2021,2007,2031482.81009081,1332315.07274903,2484138.00951078
,Child growth failure,Deaths,2021,2010,1819812.10219309,1174481.22579233,2272429.44340828
,Child growth failure,Deaths,2021,2013,1562637.0913364,999558.802651368,1972544.46873934
,Child growth failure,Deaths,2021,2015,1410918.20315012,923425.543682535,1780534.90945282
,Child growth failure,Deaths,2021,2016,1334963.86020283,857941.134324194,1692900.83092312
,Child growth failure,Deaths,2021,2017,1256839.9083527,793099.11647959,1591585.34193825
,Child growth failure,Deaths,2021,2019,1104362.07772863,689764.821802272,1429899.40416989
,Child growth failure,Deaths,2021,2021,888199.271619672,506400.451837161,1220920.36979001
,Chewing tobacco,Deaths,2021,1990,25163.3327877788,19534.1742782659,30081.6321975997
,Chewing tobacco,Deaths,2021,2005,37178.476031788,29941.4961876742,43914.7219460133
,Chewing tobacco,Deaths,2021,2006,37771.0717950752,29833.3973373845,44894.8127904104
,Chewing tobacco,Deaths,2021,2007,38761.615321846,31223.4942956953,46104.8816628264
,Chewing tobacco,Deaths,2021,2010,41219.6540040799,33678.0496363361,48617.7146354288
,Chewing tobacco,Deaths,2021,2013,44443.8280051899,35830.3393762402,53355.0008835502
,Chewing tobacco,Deaths,2021,2015,47344.2527243778,38091.6151969434,55996.2049062705
,Chewing tobacco,Deaths,2021,2016,48925.8174804002,39619.9209122946,58154.7745473684
,Chewing tobacco,Deaths,2021,2017,50833.9503532384,40525.4089873885,60605.7951380678
,Chewing tobacco,Deaths,2021,2019,54423.9502865229,43752.421223231,64897.0014449546
,Chewing tobacco,Deaths,2021,2021,56843.1722489173,45752.5726010323,68787.055180008
,High LDL cholesterol*,Deaths,2021,1990,2452010.84700462,1431737.35991256,3504934.39974612
,High LDL cholesterol*,Deaths,2021,2005,2984966.39368014,1725186.20233849,4314433.27214305
,High LDL cholesterol*,Deaths,2021,2006,2949109.90332662,1719760.13839757,4255722.26699613
,High LDL cholesterol*,Deaths,2021,2007,2968349.86418456,1731619.91210343,4289451.83054503
,High LDL cholesterol*,Deaths,2021,2010,3105372.62580146,1803261.85043233,4463551.87780077
,High LDL cholesterol*,Deaths,2021,2013,3230732.25988285,1900532.36228471,4719873.78532893
,High LDL cholesterol*,Deaths,2021,2015,3320977.92647004,1941915.01620659,4810520.36173495
,High LDL cholesterol*,Deaths,2021,2016,3377474.38143516,1983703.4395171,4902645.93348819
,High LDL cholesterol*,Deaths,2021,2017,3410577.49507831,1984083.26094471,4951323.15694519
,High LDL cholesterol*,Deaths,2021,2019,3541101.15603869,2039450.91461326,5170969.00667653
,High LDL cholesterol*,Deaths,2021,2021,3646004.20052523,2129327.02319597,5262170.27314629
,Drug use,Deaths,2021,2013,393433.230426503,345050.254439881,441467.681413952
,Drug use,Deaths,2021,2007,372830.946297968,325295.642054453,414342.29031889
,Drug use,Deaths,2021,2006,368434.188321474,320896.50676985,410806.547240996
,Drug use,Deaths,2021,2016,426287.224143657,375993.696312497,474586.595455389
,Drug use,Deaths,2021,2017,435867.667452013,386067.258093951,485056.051197584
,Unsafe sanitation,DALYs,2021,1990,121878846.885632,97318040.4931651,145083398.206191
,Unsafe sanitation,DALYs,2021,2005,74836297.2953032,60790291.9700167,88461689.4950036
,Unsafe sanitation,DALYs,2021,2006,73092636.4447246,59038779.7687341,87295970.6350187
,Unsafe sanitation,DALYs,2021,2007,70761550.2719145,57065259.7602514,84164638.6780901
,Unsafe sanitation,DALYs,2021,2010,62214225.7969591,49136303.1914066,74608222.5408265
,Unsafe sanitation,DALYs,2021,2013,52463008.7000998,41238039.5886853,64381589.9101292
,Unsafe sanitation,DALYs,2021,2015,46045823.2198837,36484927.9616341,56605458.123114
,Unsafe sanitation,DALYs,2021,2016,43554418.0151344,34268788.753043,53712609.6073221
,Unsafe sanitation,DALYs,2021,2017,41091305.4147207,32314916.8682335,51024594.4298552
,Unsafe sanitation,DALYs,2021,2019,36168381.9035459,28052535.5045662,45600837.5646669
,Unsafe sanitation,DALYs,2021,2021,31822783.2531799,24264596.8610158,41263871.7778652
,Other environmental risks,DALYs,2021,2013,33042443.0705711,1384381.72912989,62997812.4975355
,Other environmental risks,DALYs,2021,2015,33773887.4275287,1300353.93735043,64158155.8371826
,Other environmental risks,DALYs,2021,2016,34243900.5156732,1245573.60203382,65846195.8862571
,Other environmental risks,DALYs,2021,2017,34490233.6471097,1231739.70625928,66452853.188862
,Other environmental risks,DALYs,2021,2019,35361618.1967061,1188019.88783589,67929890.4999619
,Other environmental risks,DALYs,2021,2021,35788601.8116865,1172806.04458746,68990863.9092349
,Child and maternal malnutrition,DALYs,2021,1990,636351417.329119,560756569.943612,694952000.362876
,Child and maternal malnutrition,DALYs,2021,2005,462960101.054238,405148594.553068,513979181.154624
,Child and maternal malnutrition,DALYs,2021,2006,452254593.795451,397210431.521881,504106472.484533
,Child and maternal malnutrition,DALYs,2021,2007,441805834.951302,383289920.323257,495203583.780806
,Child and maternal malnutrition,DALYs,2021,2010,413111470.51362,358592716.658059,464166996.876546
,Child and maternal malnutrition,DALYs,2021,2013,380926179.151682,329900313.480794,428911014.466539
,Child and maternal malnutrition,DALYs,2021,2015,359106213.366965,312988378.435297,406453294.267504
,Child and maternal malnutrition,DALYs,2021,2016,346733093.380144,296940895.568799,398306771.937576
,Child and maternal malnutrition,DALYs,2021,2017,333346044.656987,283960581.906026,380536990.092699
,Child and maternal malnutrition,DALYs,2021,2019,305565627.276534,259605509.099648,354229037.395528
,Child and maternal malnutrition,DALYs,2021,2021,272036735.925782,229293694.144851,320551744.678561
,Smoking,DALYs,2021,1990,137534818.914528,115962110.377638,160429711.487768
,Smoking,DALYs,2021,2005,154022620.054881,128393692.081528,179091904.456026
,Smoking,DALYs,2021,2006,151959181.823078,127109367.596184,177634564.270856
,Smoking,DALYs,2021,2007,152426283.082148,127564957.350201,177171763.942894
,Smoking,DALYs,2021,2010,155880381.05195,130527099.390594,181346980.657492
,Smoking,DALYs,2021,2013,157245107.496602,130896791.677399,184138692.542468
,Smoking,DALYs,2021,2015,158214801.39018,133016792.513713,184699451.096831
,Smoking,DALYs,2021,2016,159566994.682807,133188193.981552,187094388.344798
,Smoking,DALYs,2021,2017,159813535.822817,132349832.055024,187115949.1003
,Smoking,DALYs,2021,2019,162853742.972047,133348895.604163,192288214.930297
,Smoking,DALYs,2021,2021,165080664.209595,135430162.197463,193938447.453166
,Drug use,DALYs,2021,1990,14498538.8070178,12138640.774508,16800777.0611738
,Drug use,DALYs,2021,2005,23123133.8518773,20009878.3473505,26062421.4953473
,Drug use,DALYs,2021,2010,23411416.7977851,20402771.7485972,26337741.1666012
,Drug use,DALYs,2021,2015,24994421.0325931,21758361.9699933,28060976.1670484
,Drug use,DALYs,2021,2019,27130626.9340356,23756442.71468,30341395.5834022
,Drug use,DALYs,2021,2021,27666344.3249277,24217536.7666958,30956951.4030088
,Dietary risks,DALYs,2021,1990,121052104.526195,35656900.7823653,173664688.301066
,Dietary risks,DALYs,2021,2005,145915519.781676,41662677.94324,210874312.12594
,Dietary risks,DALYs,2021,2006,144892522.983789,41406048.0458631,209184237.672951
,Dietary risks,DALYs,2021,2007,145755296.164482,41468222.3918368,211012427.1304
,Dietary risks,DALYs,2021,2010,151230374.014805,42828962.8556233,221037567.350876
,Dietary risks,DALYs,2021,2013,157271783.634626,44047773.9745063,228694581.872984
,Dietary risks,DALYs,2021,2015,161799471.95997,44461756.4170289,232988721.42984
,Dietary risks,DALYs,2021,2016,164981472.828099,45687365.5937766,240689766.908134
,Dietary risks,DALYs,2021,2017,166927990.301063,46613602.533873,242645637.711276
,Dietary risks,DALYs,2021,2019,172981032.688211,47189587.1115092,255592467.254882
,Dietary risks,DALYs,2021,2021,178258702.99262,49769060.8430206,260914616.255784
,Diet low in nuts and seeds,DALYs,2021,1990,13400760.8494081,4078746.69556925,21169200.5708635
,Diet low in nuts and seeds,DALYs,2021,2005,15287399.4466762,4641476.79780125,24173834.7914095
,Diet low in nuts and seeds,DALYs,2021,2006,15058909.4181546,4557285.50664868,23760678.8461721
,Diet low in nuts and seeds,DALYs,2021,2007,15083544.7224266,4630103.22633944,24057051.320381
,Diet low in nuts and seeds,DALYs,2021,2010,15280107.3860029,4597064.25334388,24082462.9461547
,Diet low in nuts and seeds,DALYs,2021,2013,15568973.3409837,4720394.02738329,24761913.6580885
,Diet low in nuts and seeds,DALYs,2021,2015,15568631.3331203,4677701.42992796,24803039.3207008
,Diet low in nuts and seeds,DALYs,2021,2016,15716823.3663107,4752669.99135553,25040113.4180042
,Diet low in nuts and seeds,DALYs,2021,2017,15624534.7602231,4624527.77872224,24856502.3548307
,Diet low in nuts and seeds,DALYs,2021,2019,15933500.1035903,4758159.32583333,25675084.5480267
,Diet low in nuts and seeds,DALYs,2021,2021,16261043.0992492,4808156.27374184,26189581.65747
,Diet high in sugar sweetened beverages,DALYs,2021,1990,988550.712383266,429794.009239551,1543491.16818811
,Diet high in sugar sweetened beverages,DALYs,2021,2005,1815300.33325708,831924.020283543,2806141.34200556
,Diet high in sugar sweetened beverages,DALYs,2021,2006,1879005.10406971,863078.633877577,2897058.93642405
,Diet high in sugar sweetened beverages,DALYs,2021,2007,1952834.04444524,900395.020990906,3019213.31852501
,Diet high in sugar sweetened beverages,DALYs,2021,2010,2211999.06175346,1025945.6048078,3440795.00500903
,Diet high in sugar sweetened beverages,DALYs,2021,2013,2521082.55158395,1173923.67715842,3917256.84248073
,Diet high in sugar sweetened beverages,DALYs,2021,2015,2781548.47913924,1301226.6286949,4298987.58335071
,Diet high in sugar sweetened beverages,DALYs,2021,2016,2921758.39756984,1366852.25301945,4527208.92599543
,Diet high in sugar sweetened beverages,DALYs,2021,2017,3052276.55943787,1427345.37046278,4716023.17132695
,Diet high in sugar sweetened beverages,DALYs,2021,2019,3354755.6635787,1567076.33378515,5184660.04991898
,Diet high in sugar sweetened beverages,DALYs,2021,2021,3607896.69797593,1703480.5472624,5566159.87043159
,Diet high in trans fatty acids,DALYs,2021,1990,3289971.09835666,333972.605292479,6182535.73415617
,Diet high in trans fatty acids,DALYs,2021,2005,3430445.78276661,336898.576736788,6342045.96098971
,Diet high in trans fatty acids,DALYs,2021,2006,3314535.8173497,328334.521545164,6121143.65086572
,Diet high in trans fatty acids,DALYs,2021,2007,3178766.05268717,314243.803437675,5889022.8097611
,Diet high in trans fatty acids,DALYs,2021,2010,2812708.7494609,278869.607265007,5279229.09827285
,Diet high in trans fatty acids,DALYs,2021,2013,2806932.0461899,292325.612696687,5333590.226934
,Diet high in trans fatty acids,DALYs,2021,2015,2931306.62038057,305288.945109918,5542353.62664634
,Diet high in trans fatty acids,DALYs,2021,2016,2994880.51180577,315403.210904142,5726122.20166706
,Diet high in trans fatty acids,DALYs,2021,2017,3015805.95637381,318228.026405799,5604856.74339573
,Diet high in trans fatty acids,DALYs,2021,2019,2410925.36633178,250603.197440463,4596234.6381735
,Diet high in trans fatty acids,DALYs,2021,2021,2491995.345688,241561.977884194,4781960.75832411
,Occupational carcinogens,DALYs,2021,1990,5010085.696635,4055376.10576188,6046412.85304649
,Occupational carcinogens,DALYs,2021,2005,6067022.41571095,4876429.98441881,7359356.2780357
,Occupational carcinogens,DALYs,2021,2006,6120193.15097353,4944695.03377051,7453177.17112412
,Occupational carcinogens,DALYs,2021,2007,6226049.33133107,5062960.73816115,7567570.51683752
,Occupational carcinogens,DALYs,2021,2010,6621542.41139632,5366364.36308924,8033612.64399493
,Occupational carcinogens,DALYs,2021,2013,6958357.61039421,5639941.3400144,8428469.92456278
,Occupational carcinogens,DALYs,2021,2015,7024890.59221727,5609577.67770742,8392175.5551355
,Occupational carcinogens,DALYs,2021,2016,7108964.90056732,5702377.81893421,8567161.25503587
,Occupational carcinogens,DALYs,2021,2017,7132956.95662855,5807602.6951811,8553390.58705677
,Occupational carcinogens,DALYs,2021,2019,7231291.56222068,5807726.09310901,8766708.62652798
,Occupational carcinogens,DALYs,2021,2021,7457983.12053075,6008319.18389244,9146671.86605898
,"Unsafe water, sanitation, and handwashing",DALYs,2021,1990,210249438.176942,144386549.259003,273114861.072737
,"Unsafe water, sanitation, and handwashing",DALYs,2021,2005,134857315.700222,90516037.774932,177738186.57793
,"Unsafe water, sanitation, and handwashing",DALYs,2021,2006,131889229.692361,88045482.0769688,172247707.552322
,"Unsafe water, sanitation, and handwashing",DALYs,2021,2007,128083885.96649,85760082.6012055,167449196.125416
,"Unsafe water, sanitation, and handwashing",DALYs,2021,2010,114250939.669399,77769749.7736523,149062847.897502
,"Unsafe water, sanitation, and handwashing",DALYs,2021,2013,99257213.0871388,65457194.9135245,131285607.747833
,"Unsafe water, sanitation, and handwashing",DALYs,2021,2015,89162094.8861891,56458125.5992981,118601612.818917
,"Unsafe water, sanitation, and handwashing",DALYs,2021,2016,84992972.7069243,53216109.1341706,113382383.337229
,"Unsafe water, sanitation, and handwashing",DALYs,2021,2017,80749878.3286129,49769879.1282053,108382496.828845
,"Unsafe water, sanitation, and handwashing",DALYs,2021,2019,72210752.3340536,44105852.6913455,98788308.045651
,"Unsafe water, sanitation, and handwashing",DALYs,2021,2021,62840745.2722943,39558846.2433956,85040998.2021051
,Occupational injuries,DALYs,2021,1990,41742880.3532448,38715452.9301017,45335205.1247566
,Occupational injuries,DALYs,2021,2005,41059362.5728246,38182212.6614165,44072665.1112906
,Occupational injuries,DALYs,2021,2006,40787830.842343,37988764.8144714,43911083.362673
,Occupational injuries,DALYs,2021,2007,40475192.0064555,37664188.24224,43461404.7479
,Occupational injuries,DALYs,2021,2010,39076005.4364977,36398221.3711494,42144374.6185084
,Occupational injuries,DALYs,2021,2013,36879788.9772918,34428242.7183332,39615614.058714
,Occupational injuries,DALYs,2021,2015,34793374.5359897,32207622.9284041,37585634.7960473
,Occupational injuries,DALYs,2021,2016,34179615.893972,31657736.9588697,37046971.1574255
,Occupational injuries,DALYs,2021,2017,33657880.917222,31144815.175465,36541833.4311889
,Occupational injuries,DALYs,2021,2019,32353789.9621214,29867682.9537818,35162022.0927484
,Occupational injuries,DALYs,2021,2021,31859651.3640435,29105520.4460847,34891501.724888
,Non-exclusive breastfeeding,DALYs,2021,1990,43218767.5164291,32487355.4343855,53499257.6355157
,Non-exclusive breastfeeding,DALYs,2021,2005,24608327.8966367,18463120.8693236,30802259.716944
,Non-exclusive breastfeeding,DALYs,2021,2006,23736546.7225043,17904014.8518145,29624744.8585277
,Non-exclusive breastfeeding,DALYs,2021,2007,22749218.6208805,17128861.4733833,28557657.3642264
,Non-exclusive breastfeeding,DALYs,2021,2010,19712245.1251587,14809042.8191517,24719539.6604654
,Non-exclusive breastfeeding,DALYs,2021,2013,16811988.8895873,12786289.3219114,20997398.3488935
,Non-exclusive breastfeeding,DALYs,2021,2015,14846015.8612902,11316345.598148,18776708.4691507
,Non-exclusive breastfeeding,DALYs,2021,2016,13926697.0040648,10552983.6611968,17602571.2686314
,Non-exclusive breastfeeding,DALYs,2021,2017,12983160.4212422,9759573.37232927,16399748.5546834
,Non-exclusive breastfeeding,DALYs,2021,2019,11120178.396864,8226075.90692013,14318646.7380844
,Non-exclusive breastfeeding,DALYs,2021,2021,8379634.87725109,6162914.45070459,10935246.5899059
,Discontinued breastfeeding,DALYs,2021,1990,3916789.42063705,1428606.77801805,6899787.68739253
,Discontinued breastfeeding,DALYs,2021,2005,1906589.16992859,678746.035370121,3377361.8129774
,Discontinued breastfeeding,DALYs,2021,2006,1868333.74061849,670039.289445398,3293709.75754544
,Discontinued breastfeeding,DALYs,2021,2007,1816308.34070439,663474.134179668,3173166.4128741
,Discontinued breastfeeding,DALYs,2021,2010,1646001.68948206,615341.897394454,2941904.89090238
,Discontinued breastfeeding,DALYs,2021,2013,1425769.46999941,536530.114671154,2613660.60641129
,Discontinued breastfeeding,DALYs,2021,2015,1259049.89683786,458595.730205994,2288929.71130733
,Discontinued breastfeeding,DALYs,2021,2016,1186898.21528002,438427.575950119,2147662.15124744
,Discontinued breastfeeding,DALYs,2021,2017,1098463.03825773,404288.734132381,1978120.78919012
,Discontinued breastfeeding,DALYs,2021,2019,933993.221679404,331507.498064615,1705869.07288038
,Discontinued breastfeeding,DALYs,2021,2021,760114.479538649,266457.30032797,1362625.66116551
,Household air pollution from solid fuels,DALYs,2021,1990,211860686.865983,154596435.412944,265090267.094539
,Household air pollution from solid fuels,DALYs,2021,2005,180879270.314624,133899120.93426,228154120.676105
,Household air pollution from solid fuels,DALYs,2021,2006,176495952.426264,129585813.165381,225568252.466507
,Household air pollution from solid fuels,DALYs,2021,2007,172979348.123725,126682887.075908,220057876.919667
,Household air pollution from solid fuels,DALYs,2021,2010,161195507.807092,114737025.671409,210529805.322552
,Household air pollution from solid fuels,DALYs,2021,2013,142765877.455828,99880673.2416146,195230159.133343
,Household air pollution from solid fuels,DALYs,2021,2015,130573405.713059,88380847.1227227,186761421.910746
,Household air pollution from solid fuels,DALYs,2021,2016,126507474.621618,84990336.4632694,182745899.66837
,Household air pollution from solid fuels,DALYs,2021,2017,122500571.580739,82130028.8021624,176212949.36521
,Household air pollution from solid fuels,DALYs,2021,2019,116030731.21392,77316291.5273355,168337208.803285
,Household air pollution from solid fuels,DALYs,2021,2021,111462958.29322,75085852.4460746,163710710.533819
,Occupational exposure to asbestos,DALYs,2021,1990,3081809.61464846,2285787.06060238,3903778.10472463
,Occupational exposure to asbestos,DALYs,2021,2005,3593924.24413391,2659664.93923158,4509447.05657794
,Occupational exposure to asbestos,DALYs,2021,2006,3630002.60681048,2685106.89127975,4547553.9081583
,Occupational exposure to asbestos,DALYs,2021,2007,3694398.3778388,2734287.44944585,4633295.1000519
,Occupational exposure to asbestos,DALYs,2021,2010,3941150.34195716,2920859.15359471,4972106.79146875
,Occupational exposure to asbestos,DALYs,2021,2013,4128900.5373278,3098488.18459291,5151292.10199159
,Occupational exposure to asbestos,DALYs,2021,2015,4113869.64835316,3080926.25472296,5171088.97828096
,Occupational exposure to asbestos,DALYs,2021,2016,4131168.11297289,3092338.63088329,5159910.97770315
,Occupational exposure to asbestos,DALYs,2021,2017,4101894.6700179,3089109.74644094,5110892.57845643
,Occupational exposure to asbestos,DALYs,2021,2019,4073950.71448082,3026835.35108889,5073354.10791112
,Occupational exposure to asbestos,DALYs,2021,2021,4155210.39579122,3113251.99588133,5230366.19885437
,Occupational exposure to beryllium,DALYs,2021,1990,4301.85543021274,3464.74893988665,5319.24626278598
,Occupational exposure to beryllium,DALYs,2021,2005,6332.60995773021,5202.22879968644,7444.58336134505
,Occupational exposure to beryllium,DALYs,2021,2006,6400.88560673059,5256.62769244722,7643.56405077535
,Occupational exposure to beryllium,DALYs,2021,2007,6528.95791699496,5380.18151141064,7791.00339157374
,Occupational exposure to beryllium,DALYs,2021,2010,6971.62000449075,5677.29575886896,8277.7016416136
,Occupational exposure to beryllium,DALYs,2021,2013,7424.32716713603,6009.73251996018,8913.30825016859
,Occupational exposure to beryllium,DALYs,2021,2015,7661.68550810147,6179.396153663,9253.10230205311
,Occupational exposure to beryllium,DALYs,2021,2016,7874.15705801182,6380.6926019169,9614.96680292836
,Occupational exposure to beryllium,DALYs,2021,2017,8046.43985558322,6536.2390229664,9605.36182887195
,Occupational exposure to beryllium,DALYs,2021,2019,8466.40900952917,6911.02573136239,10303.1899924295
,Occupational exposure to beryllium,DALYs,2021,2021,8987.90949296105,7210.11749980413,11082.0601867138
,Residential radon,DALYs,2021,1990,1298471.22288429,-627033.232675375,3301308.72044453
,Residential radon,DALYs,2021,2005,1569875.730833,-739564.49880385,4008066.70724194
,Residential radon,DALYs,2021,2006,1569027.10845432,-744506.569861096,4023338.46833511
,Residential radon,DALYs,2021,2007,1585955.75657859,-766214.014806321,4032270.85826981
,Residential radon,DALYs,2021,2010,1660579.8362999,-785195.833820348,4200374.16266616
,Residential radon,DALYs,2021,2013,1727350.35395161,-829131.601487712,4365679.8675885
,Residential radon,DALYs,2021,2015,1762103.87708974,-863900.104043577,4515330.37385803
,Residential radon,DALYs,2021,2016,1792330.56296609,-875759.098462171,4552647.01272146
,Residential radon,DALYs,2021,2017,1801672.67053756,-865026.281976146,4673163.02332013
,Residential radon,DALYs,2021,2019,1847399.13889693,-884512.857163971,4649795.92234428
,Residential radon,DALYs,2021,2021,1898050.99522681,-968773.93434685,4852213.59710701
,Occupational exposure to formaldehyde,DALYs,2021,1990,42465.7175061666,32700.8177289402,53839.2578357197
,Occupational exposure to formaldehyde,DALYs,2021,2005,50131.9031137999,39772.7645509722,61368.6818628746
,Occupational exposure to formaldehyde,DALYs,2021,2006,49737.099205011,39462.2511911132,60515.1486669296
,Occupational exposure to formaldehyde,DALYs,2021,2007,50020.0741732091,39708.6121914959,60269.0462355011
,Occupational exposure to formaldehyde,DALYs,2021,2010,51202.8783760505,40635.7407166723,62584.7408281882
,Occupational exposure to formaldehyde,DALYs,2021,2013,51341.1270523398,40074.8641352464,63525.6817201574
,Occupational exposure to formaldehyde,DALYs,2021,2015,52061.2643049202,41539.1739656288,64442.3483654868
,Occupational exposure to formaldehyde,DALYs,2021,2016,52855.7964673323,41027.4426891682,65510.0381748971
,Occupational exposure to formaldehyde,DALYs,2021,2017,53638.8959084197,42127.6012427227,66228.3693572651
,Occupational exposure to formaldehyde,DALYs,2021,2019,54801.5779603816,42895.2208123233,67805.2737263169
,Occupational exposure to formaldehyde,DALYs,2021,2021,55680.5842003482,43862.5901636743,69887.8840962849
,Suboptimal breastfeeding,DALYs,2021,1990,47135556.9370661,35446468.1176393,58122503.1593932
,Suboptimal breastfeeding,DALYs,2021,2005,26514917.0665653,19599149.5139484,33066532.7774525
,Suboptimal breastfeeding,DALYs,2021,2006,25604880.4631228,19132097.7877562,31738536.6515629
,Suboptimal breastfeeding,DALYs,2021,2007,24565526.9615848,18452813.7848324,30443367.0571952
,Suboptimal breastfeeding,DALYs,2021,2010,21358246.8146408,16182760.5056075,26528452.2178544
,Suboptimal breastfeeding,DALYs,2021,2013,18237758.3595868,13804527.0564009,22605242.1880855
,Suboptimal breastfeeding,DALYs,2021,2015,16105065.7581281,12229764.1252267,20019237.8044117
,Suboptimal breastfeeding,DALYs,2021,2016,15113595.2193448,11301347.5626937,19018763.967924
,Suboptimal breastfeeding,DALYs,2021,2017,14081623.4594999,10544661.7556196,17737376.7834532
,Suboptimal breastfeeding,DALYs,2021,2019,12054171.6185434,8877993.8295337,15421521.1377107
,Suboptimal breastfeeding,DALYs,2021,2021,9139749.35678972,6771468.48814183,11828671.5536876
,Occupational exposure to silica,DALYs,2021,1990,1196184.13226143,635672.445734789,1754452.94120519
,Occupational exposure to silica,DALYs,2021,2005,1426196.49348187,732369.311803035,2048294.1513203
,Occupational exposure to silica,DALYs,2021,2006,1430040.55268087,714827.586629863,2053458.220695
,Occupational exposure to silica,DALYs,2021,2007,1448302.72974612,741666.653760772,2111257.80347583
,Occupational exposure to silica,DALYs,2021,2010,1518320.25049104,793232.442349883,2177731.84524084
,Occupational exposure to silica,DALYs,2021,2013,1590132.28149994,822488.514419847,2291465.36376771
,Occupational exposure to silica,DALYs,2021,2015,1627295.62584285,850763.422414547,2376133.10660574
,Occupational exposure to silica,DALYs,2021,2016,1659049.5524887,854032.692879532,2398018.4267297
,Occupational exposure to silica,DALYs,2021,2017,1680458.34631036,871573.990236407,2510609.22288491
,Occupational exposure to silica,DALYs,2021,2019,1732847.39077515,854850.000419129,2567166.62117209
,Occupational exposure to silica,DALYs,2021,2021,1799300.72704815,940790.501402295,2703119.98676482
,Vitamin A deficiency,DALYs,2021,1990,18794772.3130744,-43428353.6192384,69158948.1295645
,Vitamin A deficiency,DALYs,2021,2005,9444155.7408938,-20963061.5122099,34045231.2155652
,Vitamin A deficiency,DALYs,2021,2006,8612807.23736729,-18900673.4385663,31198562.6358643
,Vitamin A deficiency,DALYs,2021,2007,7964992.52212874,-17314998.3954128,28598068.4995689
,Vitamin A deficiency,DALYs,2021,2010,6607678.48368884,-13888127.9574669,23427078.6768421
,Vitamin A deficiency,DALYs,2021,2013,5188539.47781559,-9845043.72820602,17695694.5078966
,Vitamin A deficiency,DALYs,2021,2015,4340506.39674252,-7579661.9601953,14480028.8062918
,Vitamin A deficiency,DALYs,2021,2016,3971278.8280798,-6819389.60190251,13054858.2983262
,Vitamin A deficiency,DALYs,2021,2017,3695240.84287813,-6143548.02007055,12176244.1229081
,Vitamin A deficiency,DALYs,2021,2019,3259129.57197459,-4972474.2133165,10440855.6952867
,Vitamin A deficiency,DALYs,2021,2021,2663755.6691142,-3931015.04822064,8118159.57172166
,Second-hand smoke,DALYs,2021,1990,46260090.739545,21049935.3342162,71958948.3893222
,Second-hand smoke,DALYs,2021,2005,39436780.6718084,19616272.0452248,59969500.3077233
,Second-hand smoke,DALYs,2021,2006,38479999.9168618,19252714.4225425,58297784.6648395
,Second-hand smoke,DALYs,2021,2007,37994769.4797414,18850650.5999983,57397207.0473492
,Second-hand smoke,DALYs,2021,2010,37104179.0647687,18895689.1336515,55662073.1505266
,Second-hand smoke,DALYs,2021,2013,36390973.1766284,18468691.1083538,54862270.9936997
,Second-hand smoke,DALYs,2021,2015,35957638.7103072,18323945.5099811,54190359.4198482
,Second-hand smoke,DALYs,2021,2016,35892848.3844941,18328994.8728696,54052630.9036746
,Second-hand smoke,DALYs,2021,2017,35714013.0993793,18353985.4447514,53605030.0067566
,Second-hand smoke,DALYs,2021,2019,35852419.6722735,18528759.423773,54207800.5900465
,Second-hand smoke,DALYs,2021,2021,34897107.5158903,17950481.2679276,52207785.7894374
,Unsafe water source,DALYs,2021,1990,142377712.186727,83952630.6341321,188159938.204981
,Unsafe water source,DALYs,2021,2005,90091696.8788618,51508907.2421303,117207956.962798
,Unsafe water source,DALYs,2021,2006,88257130.7954343,50745859.7054724,115262656.432273
,Unsafe water source,DALYs,2021,2007,85761570.9920725,49259328.0227178,112107861.405061
,Unsafe water source,DALYs,2021,2010,76398611.4850756,43471173.6277035,99621113.8959387
,Unsafe water source,DALYs,2021,2013,65424962.6864952,35595692.5020857,86528062.2353018
,Unsafe water source,DALYs,2021,2015,58135376.9293431,30887456.3630124,77782022.0106166
,Unsafe water source,DALYs,2021,2016,55292466.1967861,29440696.4758435,74645471.4074643
,Unsafe water source,DALYs,2021,2017,52493778.0171002,27485754.906563,71172706.7299915
,Unsafe water source,DALYs,2021,2019,46875997.8258098,24044260.0674951,64044655.9734656
,Unsafe water source,DALYs,2021,2021,41718708.1055388,21351085.1297616,57788563.7292982
,No access to handwashing facility,DALYs,2021,1990,77995229.944781,-16346131.4057118,163818419.592701
,No access to handwashing facility,DALYs,2021,2005,52610304.9698374,-12096608.4831035,109988794.297811
,No access to handwashing facility,DALYs,2021,2006,51394925.7436164,-11949723.7331971,106147378.577412
,No access to handwashing facility,DALYs,2021,2007,49906424.8726587,-11559634.5940969,102998287.835251
,No access to handwashing facility,DALYs,2021,2010,44564715.6131555,-10743850.9843737,92400398.0749792
,No access to handwashing facility,DALYs,2021,2013,39271663.9522722,-10549830.1714514,81954805.0206286
,No access to handwashing facility,DALYs,2021,2015,35633270.2485001,-10193355.9570656,74560664.7997694
,No access to handwashing facility,DALYs,2021,2016,33994798.8732314,-9748433.48627525,71665142.6622804
,No access to handwashing facility,DALYs,2021,2017,32216611.6266611,-9247982.29984396,68076143.8669623
,No access to handwashing facility,DALYs,2021,2019,28680685.4383403,-8517178.86043068,60885830.6491362
,No access to handwashing facility,DALYs,2021,2021,23944950.6964289,-6436097.55290267,51394330.7775115
,Child stunting,DALYs,2021,1990,142105430.746197,117023233.27366,165393800.176417
,Child stunting,DALYs,2021,2005,82995069.1845296,64269078.9064011,98009560.5722951
,Child stunting,DALYs,2021,2006,78675218.652158,59890358.5330526,93288619.2786057
,Child stunting,DALYs,2021,2007,74722529.4947395,56783441.4803903,89031072.7844732
,Child stunting,DALYs,2021,2010,64616413.1730007,47909454.8361024,77896078.777181
,Child stunting,DALYs,2021,2013,55121646.3465568,41364259.6913075,66033445.805217
,Child stunting,DALYs,2021,2015,48668317.0644151,37580234.7785622,58089090.4629917
,Child stunting,DALYs,2021,2016,45307119.0161496,34141231.5400539,54627441.6941209
,Child stunting,DALYs,2021,2017,42054111.1721187,31386877.564529,51067874.8090036
,Child stunting,DALYs,2021,2019,35917729.2849816,26613499.1636204,44389144.9922919
,Child stunting,DALYs,2021,2021,27518043.4135013,17920740.3998707,37994329.5132368
,High systolic blood pressure,DALYs,2021,1990,142423604.247079,118466647.003544,163721316.086286
,High systolic blood pressure,DALYs,2021,2005,181235633.638619,151436427.177068,207561328.940887
,High systolic blood pressure,DALYs,2021,2006,180133804.409649,150266907.815164,205332976.738288
,High systolic blood pressure,DALYs,2021,2007,181715237.944904,151126593.395208,207949993.158992
,High systolic blood pressure,DALYs,2021,2010,190648036.703848,159894906.30238,217350105.776447
,High systolic blood pressure,DALYs,2021,2013,198201406.767837,165894784.148102,225739046.403217
,High systolic blood pressure,DALYs,2021,2015,204109206.41377,171243330.275648,232326746.630144
,High systolic blood pressure,DALYs,2021,2016,208060475.892427,174380317.006844,236692953.026984
,High systolic blood pressure,DALYs,2021,2017,210752897.401633,177034200.84839,241874622.962768
,High systolic blood pressure,DALYs,2021,2019,219053473.220632,182452856.097552,250379265.643214
,High systolic blood pressure,DALYs,2021,2021,225532967.038305,190383347.735117,258919806.587612
,Ambient particulate matter pollution,DALYs,2021,1990,77459727.9584548,55118401.9648362,102684107.200757
,Ambient particulate matter pollution,DALYs,2021,2005,91747034.2788658,67466204.1128781,118207651.005429
,Ambient particulate matter pollution,DALYs,2021,2006,91588834.7057802,66697401.3201887,116898832.393737
,Ambient particulate matter pollution,DALYs,2021,2007,92666593.0997608,67045902.332272,118046047.2265
,Ambient particulate matter pollution,DALYs,2021,2010,98438942.9418797,71087716.7732641,123787291.036855
,Ambient particulate matter pollution,DALYs,2021,2013,115475828.15425,82720268.0817202,144921292.623343
,Ambient particulate matter pollution,DALYs,2021,2015,124168943.246192,89880678.6991393,155332636.805703
,Ambient particulate matter pollution,DALYs,2021,2016,124443408.262682,89186412.1804059,156671158.774817
,Ambient particulate matter pollution,DALYs,2021,2017,122880504.208282,87411646.7219972,153282579.693302
,Ambient particulate matter pollution,DALYs,2021,2019,120210087.510116,86884598.4493436,149999290.594799
,Ambient particulate matter pollution,DALYs,2021,2021,120004672.011679,86560331.2160647,149810185.344907
,Diet low in fruits,DALYs,2021,1990,31960779.5973093,11570708.2907993,48758343.6504961
,Diet low in fruits,DALYs,2021,2005,36869514.9891062,13391305.690053,56067280.2572345
,Diet low in fruits,DALYs,2021,2006,36635240.9442996,13490826.3071141,55319930.3649561
,Diet low in fruits,DALYs,2021,2007,36828911.6346205,13683475.3159393,55745736.9015358
,Diet low in fruits,DALYs,2021,2010,37808847.9091256,14476254.9483586,57158385.2592338
,Diet low in fruits,DALYs,2021,2013,39091606.8827844,15487261.2746129,58462672.2511192
,Diet low in fruits,DALYs,2021,2015,40119877.0645716,15950951.8784711,60461954.5626817
,Diet low in fruits,DALYs,2021,2016,40893740.5311547,16506919.3454702,60694113.2232787
,Diet low in fruits,DALYs,2021,2017,41393276.2029536,16608844.9894479,61800106.543496
,Diet low in fruits,DALYs,2021,2019,42850740.3724298,17227146.5829921,64441716.9121816
,Diet low in fruits,DALYs,2021,2021,43766703.1514532,17669818.0522956,65157800.464563
,Other environmental risks,DALYs,2021,1990,23143665.1163221,1649645.89118933,43887253.8072946
,Other environmental risks,DALYs,2021,2005,30011697.4298095,1457558.6484783,57676204.6136287
,Other environmental risks,DALYs,2021,2006,29995290.785976,1495072.55435054,57584103.4261534
,Other environmental risks,DALYs,2021,2007,30316268.6600736,1488323.55624919,57690339.9058208
,Other environmental risks,DALYs,2021,2010,31779646.1677103,1389813.86090483,61169159.1877952
,Diet low in legumes,DALYs,2021,1990,7632410.84706267,-6645116.72525246,19024659.1298732
,Diet low in legumes,DALYs,2021,2005,8260890.60524775,-7063094.56414198,20531850.6643203
,Diet low in legumes,DALYs,2021,2006,8125939.35589215,-6979347.66061603,20078042.0883779
,Diet low in legumes,DALYs,2021,2007,8113642.36742434,-6999938.35903335,20158335.0437648
,Diet low in legumes,DALYs,2021,2010,8228782.78037668,-7016126.38219746,20407631.9612809
,Diet low in legumes,DALYs,2021,2013,8450021.10135339,-7182384.2694414,21098032.8343709
,Diet low in legumes,DALYs,2021,2015,8597009.5183434,-7242187.3256361,21522425.9565728
,Diet low in legumes,DALYs,2021,2016,8707382.7290759,-7448652.92897678,21558269.9383585
,Diet low in legumes,DALYs,2021,2017,8713380.92018235,-7314404.26882857,21852444.6873695
,Diet low in legumes,DALYs,2021,2019,8940475.61768971,-7432019.80195704,22422121.8662649
,Diet low in legumes,DALYs,2021,2021,9162566.76677788,-7635024.71790058,22951528.2628056
,Diet low in milk,DALYs,2021,1990,1990054.51421575,632505.335877308,3150305.91569394
,Diet low in milk,DALYs,2021,2005,2461834.04560309,805883.843735904,3822000.98803778
,Diet low in milk,DALYs,2021,2006,2472440.64195262,831916.738836611,3885196.21989944
,Diet low in milk,DALYs,2021,2007,2511021.26839829,838059.500246758,3929655.76489383
,Diet low in milk,DALYs,2021,2010,2691889.55702466,908571.735615746,4213712.99738784
,Diet low in milk,DALYs,2021,2013,2870593.27266047,978885.678916977,4534406.12040186
,Diet low in milk,DALYs,2021,2015,3013809.79760539,1004043.20836934,4767346.31502411
,Diet low in milk,DALYs,2021,2016,3104287.2195731,1044258.06573125,4790169.39827513
,Diet low in milk,DALYs,2021,2017,3184323.55801311,1068191.53057806,4960078.913608
,Diet low in milk,DALYs,2021,2019,3360873.03506172,1104166.51347941,5296345.49414963
,Diet low in milk,DALYs,2021,2021,3492706.30713802,1198014.74936925,5497563.17593175
,Diet low in fiber,DALYs,2021,1990,14787437.2654934,4539978.88254228,24101803.8043385
,Diet low in fiber,DALYs,2021,2005,17281294.9491386,5668844.60137179,27693768.7253266
,Diet low in fiber,DALYs,2021,2006,17000356.0298018,5541576.77593149,27110107.4071327
,Diet low in fiber,DALYs,2021,2007,16846217.4574631,5547437.3385461,26790023.7608108
,Diet low in fiber,DALYs,2021,2010,16602014.8435276,5574539.76230501,26209483.5962713
,Diet low in fiber,DALYs,2021,2013,16395679.4578767,5674449.29255101,25695471.4862901
,Diet low in fiber,DALYs,2021,2015,16293996.924529,5584564.51539156,25651823.5934986
,Diet low in fiber,DALYs,2021,2016,16372957.0791904,5653396.53879673,25553772.2001046
,Diet low in fiber,DALYs,2021,2017,16271931.1695895,5585676.11631865,25631916.845473
,Diet low in fiber,DALYs,2021,2019,16356769.7912261,5697007.73310718,25843084.4559329
,Diet low in fiber,DALYs,2021,2021,16696607.4770706,5749429.09678298,26277841.6631708
,Iron deficiency,DALYs,2021,1990,32159227.2159444,22599044.1045725,44262458.6178633
,Iron deficiency,DALYs,2021,2005,34449983.6772251,24000322.2313255,47648853.4483241
,Iron deficiency,DALYs,2021,2006,34480893.9330105,23881122.6777824,47735862.8739399
,Iron deficiency,DALYs,2021,2007,34384988.5733343,23828391.9873636,47631015.2806509
,Iron deficiency,DALYs,2021,2010,34185347.9282188,23534498.8752435,47548440.8312435
,Iron deficiency,DALYs,2021,2013,34400883.2072589,23574081.5525979,47945732.5160052
,Iron deficiency,DALYs,2021,2015,34507565.4648684,23670552.8290695,48227760.6622992
,Iron deficiency,DALYs,2021,2016,34566997.4524836,23732399.4549993,48374592.3315903
,Iron deficiency,DALYs,2021,2017,34575655.2577689,23707671.6017106,48464326.6742946
,Iron deficiency,DALYs,2021,2019,34540568.8382881,23660456.8860298,48594529.948608
,Iron deficiency,DALYs,2021,2021,34519623.004517,23607706.0568101,48762323.1381318
,High temperature,DALYs,2021,1990,12966284.4156842,8610605.47739454,17630362.2126025
,High temperature,DALYs,2021,2005,16412983.835848,11561351.3380799,21367306.0721236
,High temperature,DALYs,2021,2006,14513793.4872574,10115937.8552566,19168241.3998695
,High temperature,DALYs,2021,2007,14661337.9562222,10127390.8679955,19201603.4892684
,High temperature,DALYs,2021,2010,21215632.3714697,14718160.4299429,27247552.9942653
,High temperature,DALYs,2021,2013,14817292.5978173,10376959.0496711,19280509.0558909
,High temperature,DALYs,2021,2015,16129012.1564897,11178137.7417726,21066129.263904
,High temperature,DALYs,2021,2016,17645675.4570338,12155494.2803909,23109415.7940919
,High temperature,DALYs,2021,2017,16641414.294532,11579393.6610834,21652770.2088073
,High temperature,DALYs,2021,2019,17288301.2963805,12008928.9191196,22690407.7291552
,High temperature,DALYs,2021,2021,14087717.4086942,9846440.8224112,18449130.5829077
,Diet high in sodium,DALYs,2021,1990,29378002.2223197,8128904.85778257,63898036.7029271
,Diet high in sodium,DALYs,2021,2005,34549388.5200797,8466268.95061245,76689844.278587
,Diet high in sodium,DALYs,2021,2006,34036778.7014338,8422830.7046639,75028705.1668702
,Diet high in sodium,DALYs,2021,2007,34139123.5982665,8458673.31897522,75836278.8013695
,Diet high in sodium,DALYs,2021,2010,35748792.9613101,8637541.75037786,78868269.2458204
,Diet high in sodium,DALYs,2021,2013,36781685.6468496,8450950.89855018,82056493.6777047
,Diet high in sodium,DALYs,2021,2015,37539379.0562687,8950082.83395873,83106134.8685088
,Diet high in sodium,DALYs,2021,2016,38267399.221955,8953329.63988553,84464649.1656352
,Diet high in sodium,DALYs,2021,2017,38716328.4660372,9207546.96008808,86863781.2376739
,Diet high in sodium,DALYs,2021,2019,40073221.24263,8914086.52472883,89251056.5502475
,Diet high in sodium,DALYs,2021,2021,41275914.0878416,9297839.44774784,91456678.4755488
,Tobacco,DALYs,2021,1990,178364236.269146,134781811.653747,221016920.646051
,Tobacco,DALYs,2021,2005,187673428.586784,145819088.861054,228848072.347726
,Tobacco,DALYs,2021,2006,184806396.898748,144916283.028433,224415928.376752
,Tobacco,DALYs,2021,2007,184817427.091177,144252312.03389,224774180.875199
,Tobacco,DALYs,2021,2010,187362557.790676,147623458.709924,227570826.311942
,Tobacco,DALYs,2021,2013,188136402.005925,148168333.096362,227920409.165053
,Tobacco,DALYs,2021,2015,188785276.250575,149833285.188015,230318854.499512
,Tobacco,DALYs,2021,2016,190093728.144571,150465598.332873,231822812.574515
,Tobacco,DALYs,2021,2017,190226552.417764,149196070.147727,230923599.672567
,Tobacco,DALYs,2021,2019,193384735.653506,150681300.805013,237052157.276705
,Tobacco,DALYs,2021,2021,194652812.737937,152072311.982487,233417374.155054
,High alcohol use,DALYs,2021,1990,54598714.4071721,42668414.7780646,72289114.6488236
,High alcohol use,DALYs,2021,2005,71529420.6763013,58007782.8407296,89391105.0001407
,High alcohol use,DALYs,2021,2006,70889816.8898446,57867221.650592,88890785.2123916
,High alcohol use,DALYs,2021,2007,70920249.4753101,57691911.5858293,88662749.0933059
,High alcohol use,DALYs,2021,2010,71371665.9621713,58095105.0574363,88900423.3090704
,High alcohol use,DALYs,2021,2013,70013687.8918488,56890263.2862222,87916586.511368
,High alcohol use,DALYs,2021,2015,70332852.7836742,57741257.6061877,86804464.0787332
,High alcohol use,DALYs,2021,2016,70748739.8846564,58154395.5061317,87294356.3772104
,High alcohol use,DALYs,2021,2017,70741633.5687558,57952706.1782847,87414406.4959872
,High alcohol use,DALYs,2021,2019,71550784.0536228,58609000.5777981,89569453.2163287
,High alcohol use,DALYs,2021,2021,72254239.1492198,58930606.0669836,89116484.5300719
,Particulate matter pollution,DALYs,2021,1990,289354268.77024,222295153.045713,350589635.433792
,Particulate matter pollution,DALYs,2021,2005,272654838.220223,225729775.943047,319575379.956719
,Particulate matter pollution,DALYs,2021,2006,268165092.118803,223310167.372107,312399044.720203
,Particulate matter pollution,DALYs,2021,2007,265548822.779498,222330906.310763,309185313.359413
,Particulate matter pollution,DALYs,2021,2010,259668199.034806,218220652.799991,303145916.502045
,Particulate matter pollution,DALYs,2021,2013,257598496.12151,216141327.087659,302328310.764075
,Particulate matter pollution,DALYs,2021,2015,254785759.183768,214241630.722384,298484337.148328
,Particulate matter pollution,DALYs,2021,2016,251976871.634301,210255424.158366,294364009.840527
,Particulate matter pollution,DALYs,2021,2017,246669034.721683,204805589.721623,287696316.314578
,Particulate matter pollution,DALYs,2021,2019,236285875.22031,196102845.965419,277857948.483989
,Particulate matter pollution,DALYs,2021,2021,231511232.938127,194538892.195336,270855451.370096
,Occupational asthmagens,DALYs,2021,1990,1776608.0169689,1407369.29167235,2261228.97599803
,Occupational asthmagens,DALYs,2021,2005,1788377.7824739,1412842.21583227,2259111.50681624
,Occupational asthmagens,DALYs,2021,2006,1787294.83728704,1421607.98474859,2246298.96908083
,Occupational asthmagens,DALYs,2021,2007,1798111.71138653,1431574.31320238,2268664.2895085
,Occupational asthmagens,DALYs,2021,2010,1794944.76537539,1438018.45597757,2294496.23970277
,Occupational asthmagens,DALYs,2021,2013,1744513.50357509,1389260.41674042,2298152.23646032
,Occupational asthmagens,DALYs,2021,2015,1721104.31111548,1380385.84114141,2251055.19984147
,Occupational asthmagens,DALYs,2021,2016,1720765.59444634,1391057.86121978,2241449.21708636
,Occupational asthmagens,DALYs,2021,2017,1723292.96235285,1395952.71211972,2213437.19867841
,Occupational asthmagens,DALYs,2021,2019,1736430.77700556,1405999.96089693,2254160.24268655
,Occupational asthmagens,DALYs,2021,2021,1761565.75625969,1420292.85490279,2248897.84624425
,Nitrogen dioxide pollution,DALYs,2021,1990,292258.297789452,-260878.561104801,1079994.63502993
,Nitrogen dioxide pollution,DALYs,2021,2005,207809.435838985,-176259.286720736,774400.167835329
,Nitrogen dioxide pollution,DALYs,2021,2006,208601.217387399,-179958.628100996,781710.79628146
,Nitrogen dioxide pollution,DALYs,2021,2007,212538.888301916,-185683.331079004,802761.659705599
,Nitrogen dioxide pollution,DALYs,2021,2010,222626.070421191,-197449.336996163,866330.269417767
,Nitrogen dioxide pollution,DALYs,2021,2013,210172.58458301,-189731.295237803,829726.221201435
,Nitrogen dioxide pollution,DALYs,2021,2015,199833.222844269,-180909.486981167,795704.1814919
,Nitrogen dioxide pollution,DALYs,2021,2016,194874.244382423,-178917.565202134,781488.372265049
,Nitrogen dioxide pollution,DALYs,2021,2017,188594.13309015,-175087.137970158,763721.005646008
,Nitrogen dioxide pollution,DALYs,2021,2019,175474.63071855,-161405.101616904,725428.364261308
,Nitrogen dioxide pollution,DALYs,2021,2021,176734.196586191,-160463.95845218,734857.137585335
,Occupational ergonomic factors,DALYs,2021,1990,10852089.6986336,7600730.67607115,14543668.8183171
,Occupational ergonomic factors,DALYs,2021,2005,13357260.5394085,9486140.79768204,17861900.0483493
,Occupational ergonomic factors,DALYs,2021,2006,13544851.0796702,9627909.67973172,18146193.6507679
,Occupational ergonomic factors,DALYs,2021,2007,13717303.7369044,9749530.49030287,18369894.4290943
,Occupational ergonomic factors,DALYs,2021,2010,14125227.8623378,10040184.2662691,18891475.0226327
,Occupational ergonomic factors,DALYs,2021,2013,14570942.8753056,10320576.1735747,19579866.9230443
,Occupational ergonomic factors,DALYs,2021,2015,14854903.1814738,10477997.1405215,20039822.9373211
,Occupational ergonomic factors,DALYs,2021,2016,14975555.7076466,10536026.5341893,20199662.1165832
,Occupational ergonomic factors,DALYs,2021,2017,15046514.185157,10598368.6830827,20272033.9747089
,Occupational ergonomic factors,DALYs,2021,2019,15227914.1876656,10765804.6457172,20483821.7297797
,Occupational ergonomic factors,DALYs,2021,2021,15569218.8180893,11025996.3123713,20908968.3780462
,High fasting plasma glucose,DALYs,2021,1990,60347140.3495288,52206837.8172539,68712420.7063835
,High fasting plasma glucose,DALYs,2021,2005,95739932.5801625,82499997.6382868,109455809.105945
,High fasting plasma glucose,DALYs,2021,2006,97535349.7239879,84316441.3314722,111479419.176479
,High fasting plasma glucose,DALYs,2021,2007,100205247.998701,86184156.9590312,115119532.237737
,High fasting plasma glucose,DALYs,2021,2010,109954585.281019,94629902.6264794,126429995.533033
,High fasting plasma glucose,DALYs,2021,2013,120652441.918664,103676373.076518,138654070.492837
,High fasting plasma glucose,DALYs,2021,2015,128942699.627765,110317146.967232,148675183.786936
,High fasting plasma glucose,DALYs,2021,2016,133505555.874196,114397130.097203,152811702.601377
,High fasting plasma glucose,DALYs,2021,2017,137797561.74933,117841588.003863,158111099.162244
,High fasting plasma glucose,DALYs,2021,2019,147508942.724442,124999094.613329,170348564.304438
,High fasting plasma glucose,DALYs,2021,2021,155682246.405254,131991637.205986,179659612.238925
,Low bone mineral density,DALYs,2021,1990,9087697.7395114,7523812.21670765,10621387.9545289
,Low bone mineral density,DALYs,2021,2005,12620541.7449404,10495129.2775524,14810398.8357351
,Low bone mineral density,DALYs,2021,2006,12859112.4511902,10751273.6200226,15128331.6744157
,Low bone mineral density,DALYs,2021,2007,13174942.2908962,10966816.351488,15510829.8102991
,Low bone mineral density,DALYs,2021,2010,13932411.0955739,11550513.1969519,16327220.1853219
,Low bone mineral density,DALYs,2021,2013,14773871.0475418,12229657.7710641,17445427.9074515
,Low bone mineral density,DALYs,2021,2015,15326459.4055499,12772300.3318099,18095068.5572041
,Low bone mineral density,DALYs,2021,2016,15641730.4135219,12975212.5766808,18457574.1863773
,Low bone mineral density,DALYs,2021,2017,15977775.1596484,13217039.8253859,18833261.2125885
,Low bone mineral density,DALYs,2021,2019,16698263.4565355,13742441.461342,19881123.7977937
,Low bone mineral density,DALYs,2021,2021,17310084.5728666,14294591.6067596,20511120.4085969
,Diet low in whole grains,DALYs,2021,1990,26040480.460582,11368823.5062837,38788013.7447361
,Diet low in whole grains,DALYs,2021,2005,33449817.4938329,14525345.8786854,49870821.1601785
,Diet low in whole grains,DALYs,2021,2006,33179471.4859728,14362239.7688285,49162983.327991
,Diet low in whole grains,DALYs,2021,2007,33392237.1242867,14529699.3771026,49501405.0839182
,Diet low in whole grains,DALYs,2021,2010,34609998.2892171,15209982.8823579,51406609.1690687
,Diet low in whole grains,DALYs,2021,2013,36025744.832141,15904581.1829253,54158693.293463
,Diet low in whole grains,DALYs,2021,2015,36976153.3569167,16084176.2604414,55418309.4881638
,Diet low in whole grains,DALYs,2021,2016,37581222.2637872,16327204.1157695,55722621.5605646
,Diet low in whole grains,DALYs,2021,2017,37893162.9024695,16350657.070541,56687002.3354886
,Diet low in whole grains,DALYs,2021,2019,39247386.4663789,16878869.1387694,59575532.3748888
,Diet low in whole grains,DALYs,2021,2021,40414150.1864352,16951268.4172593,60948336.8058418
,Diet high in processed meat,DALYs,2021,1990,6807596.85671181,1744339.24602176,11294868.7284707
,Diet high in processed meat,DALYs,2021,2005,9304197.85427721,2378364.67670595,15538507.1523275
,Diet high in processed meat,DALYs,2021,2006,9038088.76072582,2262993.56744179,15152437.1373583
,Diet high in processed meat,DALYs,2021,2007,8899496.26136641,2184269.61409076,14969958.180497
,Diet high in processed meat,DALYs,2021,2010,8816445.76957049,2059164.93495712,14912231.1906544
,Diet high in processed meat,DALYs,2021,2013,8913932.48710196,2007408.98454341,15172229.2922708
,Diet high in processed meat,DALYs,2021,2015,9244216.67101337,2059282.21077746,15877457.2700057
,Diet high in processed meat,DALYs,2021,2016,9444597.51407597,2094975.65314889,16219854.6422703
,Diet high in processed meat,DALYs,2021,2017,9597216.34409546,2125871.9295888,16546796.0161387
,Diet high in processed meat,DALYs,2021,2019,9988049.84206989,2200482.31928479,17253616.2525563
,Diet high in processed meat,DALYs,2021,2021,10357090.9912955,2261201.53985669,17731835.6468282
,Occupational exposure to cadmium,DALYs,2021,1990,10035.4389587415,8097.90568617032,11995.2160412628
,Occupational exposure to cadmium,DALYs,2021,2005,15686.5149743931,13208.5464242759,18363.6785631594
,Occupational exposure to cadmium,DALYs,2021,2006,15954.5972258165,13374.3376451137,18607.8620437079
,Occupational exposure to cadmium,DALYs,2021,2007,16372.1415716494,13848.4369875607,19338.5492141336
,Occupational exposure to cadmium,DALYs,2021,2010,17744.7178861835,14830.3819650109,20842.4546414942
,Occupational exposure to cadmium,DALYs,2021,2013,19132.8809345152,15975.600060883,22954.1245711175
,Occupational exposure to cadmium,DALYs,2021,2015,19830.7791060678,16121.2777965713,23554.108938724
,Occupational exposure to cadmium,DALYs,2021,2016,20401.4456849844,16846.9768714469,24456.1329893831
,Occupational exposure to cadmium,DALYs,2021,2017,20925.8550274428,17056.726520743,25307.3814509733
,Occupational exposure to cadmium,DALYs,2021,2019,22113.3042341874,17843.7349447264,27150.4201039057
,Occupational exposure to cadmium,DALYs,2021,2021,23503.1075586391,18404.9811620039,29232.6565901688
,Diet low in polyunsaturated fatty acids,DALYs,2021,1990,11394660.9701842,-37434183.6174166,42146675.3499107
,Diet low in polyunsaturated fatty acids,DALYs,2021,2005,14573184.3524665,-47505128.1766948,54180144.0928025
,Diet low in polyunsaturated fatty acids,DALYs,2021,2006,14503630.9086179,-46919431.5424945,53493000.7183494
,Diet low in polyunsaturated fatty acids,DALYs,2021,2007,14664627.1332861,-48050079.7832095,53736528.7814827
,Diet low in polyunsaturated fatty acids,DALYs,2021,2010,15354385.2831973,-49496574.490209,56417716.9680457
,Diet low in polyunsaturated fatty acids,DALYs,2021,2013,16093504.7946929,-51824575.6870309,59016346.8586819
,Diet low in polyunsaturated fatty acids,DALYs,2021,2015,16464514.7565648,-52128692.9107656,60280446.8896113
,Diet low in polyunsaturated fatty acids,DALYs,2021,2016,16718337.6670489,-53147549.7805126,61385476.9501136
,Diet low in polyunsaturated fatty acids,DALYs,2021,2017,16789102.5753817,-52726267.2183598,61229541.2948517
,Diet low in polyunsaturated fatty acids,DALYs,2021,2019,17399502.9826473,-54058645.5798794,64273906.8956608
,Diet low in polyunsaturated fatty acids,DALYs,2021,2021,17869860.5395481,-56003352.1985371,65962498.5239818
,Occupational exposure to nickel,DALYs,2021,1990,160856.716897973,-10587.181303934,455919.529337913
,Occupational risks,DALYs,2021,1990,73016239.4252324,65504137.3235355,80860246.4976606
,Occupational risks,DALYs,2021,2005,78549540.9892258,69646528.2640738,87589243.4058537
,Occupational risks,DALYs,2021,2006,78390509.4175998,69815001.9507707,87183665.3381374
,Occupational risks,DALYs,2021,2007,78558856.993595,70085189.9844718,87778691.0539013
,Occupational risks,DALYs,2021,2010,78737092.3121852,69832242.3722254,88010916.6225416
,Occupational risks,DALYs,2021,2013,77884801.0757546,68964220.90134,87714835.4563055
,Occupational risks,DALYs,2021,2015,76682374.1435926,67399832.7279025,86762001.756176
,Occupational risks,DALYs,2021,2016,76617795.0354213,67523129.4373783,86331934.3963662
,Occupational risks,DALYs,2021,2017,76583949.0609023,67363358.4213926,86948011.3628748
,Occupational risks,DALYs,2021,2019,76447995.1398211,66803826.8195805,86794703.2689313
,Occupational risks,DALYs,2021,2021,77215527.6298096,67764341.4942123,88152101.6572744
,Occupational exposure to nickel,DALYs,2021,2005,211377.75426953,3523.57516605929,553715.142508586
,Occupational exposure to nickel,DALYs,2021,2006,213469.833528066,3981.06917220192,554659.425519511
,Occupational exposure to nickel,DALYs,2021,2007,217214.607106709,4759.4320197036,558582.813594562
,Occupational exposure to nickel,DALYs,2021,2010,229481.651742106,9339.31041627309,588956.516758274
,Occupational exposure to nickel,DALYs,2021,2013,242713.042867069,13249.2258741859,614757.10466852
,Occupational exposure to nickel,DALYs,2021,2015,248733.831867227,15511.193775844,630725.082277482
,Occupational exposure to nickel,DALYs,2021,2016,254395.064420503,16577.6803451754,649338.945012171
,Occupational exposure to nickel,DALYs,2021,2017,259037.467533691,16613.2231210753,637826.388807464
,Occupational exposure to nickel,DALYs,2021,2019,269009.794634719,18233.638274125,670194.641003549
,Occupational exposure to nickel,DALYs,2021,2021,281742.93282905,25560.5140229065,729557.158852789
,Occupational exposure to sulphuric acid,DALYs,2021,1990,87433.1422062768,34862.0385255175,160459.152641307
,Occupational exposure to sulphuric acid,DALYs,2021,2005,95162.7003768491,38107.2786059612,169392.586577792
,Occupational exposure to sulphuric acid,DALYs,2021,2006,95313.5736933263,38986.8300582819,170489.32696808
,Occupational exposure to sulphuric acid,DALYs,2021,2007,96171.4406620449,39292.5162621899,171423.304307764
,Occupational exposure to sulphuric acid,DALYs,2021,2010,99589.705050154,40403.6159367575,178474.10995031
,Occupational exposure to sulphuric acid,DALYs,2021,2013,102429.956485901,41919.9215678442,185290.986718568
,Occupational exposure to sulphuric acid,DALYs,2021,2015,104158.965352286,43537.1835154284,187847.27840763
,Occupational exposure to sulphuric acid,DALYs,2021,2016,106048.499948661,43558.9268814858,190753.899837813
,Occupational exposure to sulphuric acid,DALYs,2021,2017,107214.935252661,44188.516139195,192744.272497902
,Occupational exposure to sulphuric acid,DALYs,2021,2019,110983.879714779,46195.5062927263,199518.944372426
,Occupational exposure to sulphuric acid,DALYs,2021,2021,114496.398543187,47877.4746439148,205719.57697942
,Occupational noise,DALYs,2021,1990,3838055.30950317,2630898.71109286,5373293.45900308
,Occupational noise,DALYs,2021,2005,5472456.00846017,3720064.10398398,7627802.23396491
,Occupational noise,DALYs,2021,2006,5597701.32666146,3803774.46555351,7795830.30602833
,Occupational noise,DALYs,2021,2007,5726276.43653091,3889745.84740979,7979293.97679293
,Occupational noise,DALYs,2021,2010,6136268.57199618,4172220.86010564,8554829.27844813
,Occupational noise,DALYs,2021,2013,6589115.38106364,4481214.98527048,9195143.10854387
,Occupational noise,DALYs,2021,2015,6905738.82416294,4691470.36757983,9662121.24757228
,Occupational noise,DALYs,2021,2016,7068728.23517886,4804097.3448914,9893588.11796092
,Occupational noise,DALYs,2021,2017,7239551.29537596,4923596.27705865,10141807.4490975
,Occupational noise,DALYs,2021,2019,7568019.41034604,5139449.16430399,10614598.1592721
,Occupational noise,DALYs,2021,2021,7847444.58733201,5313648.0970199,10980789.3436425
,Unsafe sex,DALYs,2021,1990,21560883.9480657,18064909.6011455,26419631.0824502
,Unsafe sex,DALYs,2021,2005,76353072.9070094,65723389.5387744,88636739.4053178
,Unsafe sex,DALYs,2021,2006,74042000.9475261,65061614.5862545,85146905.4276206
,Unsafe sex,DALYs,2021,2007,70623462.276237,63110598.027588,80876376.7385968
,Unsafe sex,DALYs,2021,2010,61516506.4016012,55596160.0272259,70008277.9134992
,Unsafe sex,DALYs,2021,2013,53330644.262527,48536170.3609936,60199566.0080852
,Unsafe sex,DALYs,2021,2015,50401663.753351,46141118.8700989,56489921.0585102
,Unsafe sex,DALYs,2021,2016,49411939.1977583,45330911.4651979,55341298.6025418
,Unsafe sex,DALYs,2021,2017,48274962.783112,44340195.7425253,53640566.0299476
,Unsafe sex,DALYs,2021,2019,46284723.9366047,42955404.9539961,50977302.7772662
,Unsafe sex,DALYs,2021,2021,43975284.5674187,41135193.011935,47562331.4953286
,Intimate partner violence,DALYs,2021,1990,4599639.64438814,2730456.86986117,6793918.35644151
,Intimate partner violence,DALYs,2021,2005,9306396.81113016,5964868.1029868,12908375.0273437
,Intimate partner violence,DALYs,2021,2006,8994981.88039234,5789870.61642617,12434654.62322
,Intimate partner violence,DALYs,2021,2007,8602567.36024391,5559981.68674563,11918215.1719167
,Intimate partner violence,DALYs,2021,2010,7767367.52452082,4915646.64121848,10887864.13166
,Intimate partner violence,DALYs,2021,2013,7111749.84830133,4392399.16254074,10215394.6124774
,Intimate partner violence,DALYs,2021,2015,6885162.0279552,4147090.83538221,9915111.26874531
,Intimate partner violence,DALYs,2021,2016,6825911.10807895,4085725.57934025,9861972.22588085
,Intimate partner violence,DALYs,2021,2017,6776864.62571219,4081006.87026497,9814084.61150948
,Intimate partner violence,DALYs,2021,2019,6661075.82204724,3932624.18293117,9709076.02010839
,Intimate partner violence,DALYs,2021,2021,6975403.50147947,3737386.67441753,10453070.9359885
,Behavioural risks,DALYs,2021,1990,983322811.022883,888682336.228112,1070137477.13273
,Behavioural risks,DALYs,2021,2005,931119800.590748,830112577.622553,1023967666.59161
,Behavioural risks,DALYs,2021,2006,913717923.698912,809279622.627695,1006207482.39026
,Behavioural risks,DALYs,2021,2007,901463406.961385,799860060.319702,993799683.474568
,Behavioural risks,DALYs,2021,2010,874938510.592289,772229461.973825,967988667.421796
,Behavioural risks,DALYs,2021,2013,841273531.067158,739975297.223791,932333742.962514
,Behavioural risks,DALYs,2021,2015,825599797.583058,722104648.624914,922471568.614028
,Behavioural risks,DALYs,2021,2016,816919046.954063,708468371.197463,910872053.621462
,Behavioural risks,DALYs,2021,2017,805888093.899115,692848741.198091,909159223.811512
,Behavioural risks,DALYs,2021,2019,789282445.301314,674877901.386407,890146782.291953
,Behavioural risks,DALYs,2021,2021,763258561.843508,649014978.895996,865224121.841111
,Child growth failure,DALYs,2021,1990,323812609.066259,233285832.122923,378222086.65619
,Child growth failure,DALYs,2021,2005,195252359.826019,128617610.877308,237362662.99463
,Child growth failure,DALYs,2021,2006,186714585.102559,121608547.65897,227937820.474818
,Child growth failure,DALYs,2021,2007,178538066.728608,115162051.172212,219803849.484101
,Child growth failure,DALYs,2021,2010,158934228.66686,100386536.882612,199571164.051519
,Child growth failure,DALYs,2021,2013,136317450.741509,85341842.7551694,172736689.163197
,Child growth failure,DALYs,2021,2015,122397415.008347,78179954.4206799,155430685.361694
,Child growth failure,DALYs,2021,2016,115229037.790135,72038613.7432369,146746332.475652
,Child growth failure,DALYs,2021,2017,107801890.314605,65782924.4815635,137288680.944623
,Child growth failure,DALYs,2021,2019,93373722.19374,55785673.276822,122336496.819288
,Child growth failure,DALYs,2021,2021,74061457.0982676,39980364.3388687,103085997.509864
,Diet low in calcium,DALYs,2021,1990,1464345.39663863,1130282.03438506,1797771.64549479
,Diet low in calcium,DALYs,2021,2005,1688825.88406167,1333933.10292622,2044066.47540304
,Diet low in calcium,DALYs,2021,2006,1678974.90496451,1313149.79476345,2015849.52305843
,Diet low in calcium,DALYs,2021,2007,1683049.70024567,1334407.48927081,2030179.40102512
,Diet low in calcium,DALYs,2021,2010,1731498.49349567,1358521.97543449,2117262.694954
,Diet low in calcium,DALYs,2021,2013,1769235.31064718,1376207.23713094,2136153.40942328
,Diet low in calcium,DALYs,2021,2015,1820350.18429103,1410368.88087886,2215357.54234004
,Diet low in calcium,DALYs,2021,2016,1854475.92846148,1442291.62483358,2271042.12558009
,Diet low in calcium,DALYs,2021,2017,1884474.31778685,1448142.70589102,2293769.41192097
,Diet low in calcium,DALYs,2021,2019,1958262.6022419,1526231.61778465,2390749.83060977
,Diet low in calcium,DALYs,2021,2021,2031477.99867649,1558142.83386293,2498107.98164951
,Occupational exposure to benzene,DALYs,2021,1990,59041.067219969,17450.017561355,94845.5932217262
,Occupational exposure to benzene,DALYs,2021,2005,76475.2508821811,22458.2815079819,124057.52587369
,Occupational exposure to benzene,DALYs,2021,2006,76570.3703849908,22148.6503146688,123680.870639306
,Occupational exposure to benzene,DALYs,2021,2007,77257.7053657379,22845.7942568883,125290.614844362
,Occupational exposure to benzene,DALYs,2021,2010,80041.3281893157,23701.7211167813,131183.427255486
,Occupational exposure to benzene,DALYs,2021,2013,80695.3430235373,24012.384720979,130999.368567785
,Occupational exposure to benzene,DALYs,2021,2015,81690.7813931491,24786.4434404967,133863.105313152
,Occupational exposure to benzene,DALYs,2021,2016,82901.7965485125,24583.5157110513,136372.337970955
,Occupational exposure to benzene,DALYs,2021,2017,83775.9212283125,24622.829077236,137357.633689857
,Occupational exposure to benzene,DALYs,2021,2019,85420.909659354,24983.8816343982,141774.117326352
,Occupational exposure to benzene,DALYs,2021,2021,86269.1538104964,25110.7047565821,141919.528169984
,Occupational exposure to diesel engine exhaust,DALYs,2021,1990,249939.488849292,216263.73162838,288715.592262921
,Occupational exposure to diesel engine exhaust,DALYs,2021,2005,392408.852473938,344489.513520049,442395.686790212
,Occupational exposure to diesel engine exhaust,DALYs,2021,2006,400656.248615323,353685.248175019,452482.853173317
,Occupational exposure to diesel engine exhaust,DALYs,2021,2007,412930.416333306,364858.670632608,467336.997040165
,Occupational exposure to diesel engine exhaust,DALYs,2021,2010,454814.13724824,401857.712922753,518571.816676346
,Occupational exposure to diesel engine exhaust,DALYs,2021,2013,497532.757982322,432745.65733098,568388.328699524
,Occupational exposure to diesel engine exhaust,DALYs,2021,2015,520281.510002252,448713.359729286,599527.527671056
,Occupational exposure to diesel engine exhaust,DALYs,2021,2016,536621.857523396,465618.374178308,618488.911517591
,Occupational exposure to diesel engine exhaust,DALYs,2021,2017,552189.334748808,473220.925321998,648337.037612443
,Occupational exposure to diesel engine exhaust,DALYs,2021,2019,589192.824290061,499232.824208579,694675.298119236
,Occupational exposure to diesel engine exhaust,DALYs,2021,2021,630161.145225531,526089.795668687,740423.185450434
,Non-optimal temperature,DALYs,2021,1990,35381543.3642818,29180168.3135968,43361366.1724033
,Non-optimal temperature,DALYs,2021,2005,39003368.1720165,32232860.2005759,46611657.016363
,Non-optimal temperature,DALYs,2021,2006,35658056.16304,29799854.2873698,42496576.9971126
,Non-optimal temperature,DALYs,2021,2007,36499647.056895,30321674.8077797,43360720.9424749
,Non-optimal temperature,DALYs,2021,2010,43700682.4574234,35491444.8426666,51456842.2209958
,Non-optimal temperature,DALYs,2021,2013,38517260.1418323,32131703.27593,45932436.5126978
,Non-optimal temperature,DALYs,2021,2015,39441201.2059597,32584432.3913017,46607503.0261537
,Non-optimal temperature,DALYs,2021,2016,40602665.4381621,34013761.1398731,48243479.7824567
,Non-optimal temperature,DALYs,2021,2017,40330326.1238087,33790482.151591,47397063.9626572
,Non-optimal temperature,DALYs,2021,2019,42325871.1839524,35454353.7714076,49956371.4582876
,Non-optimal temperature,DALYs,2021,2021,38959507.9884166,32894663.4714176,46168380.3492188
,Short gestation,DALYs,2021,1990,182407513.833659,170294189.960667,196729880.349631
,Short gestation,DALYs,2021,2005,155958880.207196,143309051.042125,169942287.054155
,Short gestation,DALYs,2021,2006,155030120.265072,142628051.095996,168289942.86503
,Short gestation,DALYs,2021,2007,154010887.305762,141008020.92539,167804108.329535
,Short gestation,DALYs,2021,2010,148357542.514848,134492919.997228,161534797.126753
,Short gestation,DALYs,2021,2013,142577138.690398,128377950.788909,157091145.29287
,Short gestation,DALYs,2021,2015,137827557.020102,122912952.040567,152584588.549245
,Short gestation,DALYs,2021,2016,134492424.968529,118808218.932021,150336447.250712
,Short gestation,DALYs,2021,2017,130726507.397619,115319054.034311,146838457.163627
,Short gestation,DALYs,2021,2019,122103260.010288,106955152.241608,138511444.902461
,Short gestation,DALYs,2021,2021,113036188.263278,97865349.5304491,129678709.498614
,All risk factors,DALYs,2021,1990,1296519595.78241,1223058391.2183,1384871884.09255
,All risk factors,DALYs,2021,2005,1295895268.57301,1218226813.0548,1391788214.08554
,All risk factors,DALYs,2021,2006,1277949904.01186,1208138742.01658,1367360943.57887
,All risk factors,DALYs,2021,2007,1268653602.86113,1191993644.43328,1371022852.39274
,All risk factors,DALYs,2021,2010,1258039857.81406,1184012695.5957,1352483284.45947
,All risk factors,DALYs,2021,2013,1231812399.90988,1155963810.70103,1330372846.21677
,All risk factors,DALYs,2021,2015,1225266595.92105,1144018186.79309,1328962513.49437
,All risk factors,DALYs,2021,2016,1222724418.45155,1140048554.402,1320599841.09086
,All risk factors,DALYs,2021,2017,1216059716.25145,1129173705.73974,1322922932.57053
,All risk factors,DALYs,2021,2019,1210512051.85048,1113740253.8269,1324078134.18175
,All risk factors,DALYs,2021,2021,1194160305.99788,1098926339.22844,1310811109.34507
,Environmental/occupational risks,DALYs,2021,1990,584019105.654228,509467750.722083,651898679.790924
,Environmental/occupational risks,DALYs,2021,2005,513341619.190968,459527916.331452,569815669.966556
,Environmental/occupational risks,DALYs,2021,2006,504559241.815581,452148000.821133,557350563.130181
,Environmental/occupational risks,DALYs,2021,2007,499718036.660804,447583551.267989,549502925.090654
,Environmental/occupational risks,DALYs,2021,2010,489171311.153725,435729395.42255,543130751.955815
,Environmental/occupational risks,DALYs,2021,2013,469428002.706365,415596052.039047,523729697.190118
,Environmental/occupational risks,DALYs,2021,2015,457874526.077141,406208414.601162,511482853.556416
,Environmental/occupational risks,DALYs,2021,2016,453077744.847648,398902146.934385,507256690.579701
,Environmental/occupational risks,DALYs,2021,2017,444667962.214808,390702054.709223,495587501.855087
,Environmental/occupational risks,DALYs,2021,2019,429923263.668384,377124226.578363,480519673.005585
,Environmental/occupational risks,DALYs,2021,2021,416369698.591555,363819533.065228,468501713.147278
,Child wasting,DALYs,2021,1990,188088459.506267,107998810.980402,234709377.269729
,Child wasting,DALYs,2021,2005,111078382.648315,62238529.5088269,138527946.007832
,Child wasting,DALYs,2021,2006,106585236.473111,58605693.2068775,132685063.171613
,Child wasting,DALYs,2021,2007,101888870.110717,55655920.1672435,126445637.349722
,Child wasting,DALYs,2021,2010,90202471.5791718,51126592.1885157,112882489.150451
,Child wasting,DALYs,2021,2013,75928328.5169405,44015320.0174922,94447958.4136611
,Child wasting,DALYs,2021,2015,67323406.4406412,40867350.4968113,83919389.9456411
,Child wasting,DALYs,2021,2016,63128238.7090444,38497514.3134051,79210203.7060838
,Child wasting,DALYs,2021,2017,58725518.2106821,36006947.1883029,73848127.0001287
,Child wasting,DALYs,2021,2019,49852936.6799471,30550221.4586292,64549751.3132005
,Child wasting,DALYs,2021,2021,38937039.0449178,22368736.2229639,52060794.3839453
,Kidney dysfunction*,DALYs,2021,1990,48192827.5971014,43122046.1275769,54206687.9264073
,Kidney dysfunction*,DALYs,2021,2005,64121156.3936479,57508387.721774,71472031.766712
,Kidney dysfunction*,DALYs,2021,2006,64342644.8600906,57807343.0308044,71944351.2051321
,Kidney dysfunction*,DALYs,2021,2007,65244267.1054846,58611181.7338322,72776033.3980367
,Kidney dysfunction*,DALYs,2021,2010,69035425.8779317,61762621.0675232,76916000.9463894
,Kidney dysfunction*,DALYs,2021,2013,73471308.1686471,65751167.5524917,82139324.2804592
,Kidney dysfunction*,DALYs,2021,2015,76703506.030698,68541951.628903,86120897.7716385
,Kidney dysfunction*,DALYs,2021,2016,78459813.2339699,69937481.7574773,87920982.6543118
,Kidney dysfunction*,DALYs,2021,2017,79513372.8717096,70894383.1109971,88957020.3114234
,Kidney dysfunction*,DALYs,2021,2019,82761675.6138749,74117241.8085089,92672816.9347644
,Kidney dysfunction*,DALYs,2021,2021,86228294.6416617,76655165.3071977,96710408.2492948
,Chewing tobacco,DALYs,2021,1990,752587.284577542,586355.158646954,906821.709842286
,Chewing tobacco,DALYs,2021,2005,1073698.40133934,863908.361025997,1276111.30846219
,Chewing tobacco,DALYs,2021,2006,1088529.97257479,861614.769907679,1295729.15062766
,Chewing tobacco,DALYs,2021,2007,1113536.7618922,893889.336990442,1326048.67374461
,Chewing tobacco,DALYs,2021,2010,1178836.8031024,957355.886630076,1399593.49403305
,Chewing tobacco,DALYs,2021,2013,1260072.00818759,1007525.0243391,1522914.20370957
,Chewing tobacco,DALYs,2021,2015,1334223.16094865,1062503.85098825,1582469.21165019
,Chewing tobacco,DALYs,2021,2016,1377627.81903298,1104587.05920177,1647290.87416516
,Chewing tobacco,DALYs,2021,2017,1426641.34032277,1135289.1520134,1725913.14086422
,Chewing tobacco,DALYs,2021,2019,1515495.42532377,1205325.66352733,1810242.66949079
,Chewing tobacco,DALYs,2021,2021,1581851.09594031,1264075.77540865,1916877.75394772
,Low birth weight,DALYs,2021,2005,214158086.565083,199436635.203125,229695984.431137
,Low birth weight,DALYs,2021,2006,212410116.951567,197478663.714454,228012884.192264
,Low birth weight,DALYs,2021,2007,210678929.847772,194919732.230467,226333161.2822
,Low birth weight,DALYs,2021,2010,203131793.581998,186690858.718011,220893746.953922
,Low birth weight,DALYs,2021,2013,194724902.600513,177519080.907406,212455044.311995
,Low birth weight,DALYs,2021,2015,187663037.076214,169766386.726597,207218061.824609
,Low birth weight,DALYs,2021,2016,182909401.624851,163810874.131282,204097007.597355
,Low birth weight,DALYs,2021,2017,177479373.933623,157371238.185594,197710553.461738
,Low birth weight,DALYs,2021,2019,165222372.191012,145816481.015303,187317539.393359
,Low birth weight,DALYs,2021,2021,152387206.74426,132515505.405425,175031975.494687
,Sexual violence against children and bullying,DALYs,2021,1990,5640576.05956479,3003272.82011534,9646720.52324213
,Sexual violence against children and bullying,DALYs,2021,2005,7632924.18916916,4116171.19521762,12864612.6829585
,Sexual violence against children and bullying,DALYs,2021,2006,7678795.57284274,4145950.43157939,12988512.8779621
,Sexual violence against children and bullying,DALYs,2021,2007,7688398.11047135,4148656.49735229,13033232.4951494
,Sexual violence against children and bullying,DALYs,2021,2010,7755912.26950501,4197231.3101625,13197832.5532611
,Sexual violence against children and bullying,DALYs,2021,2013,8012104.63115194,4349730.54655758,13630074.8677493
,Sexual violence against children and bullying,DALYs,2021,2015,8223031.61332846,4478162.11114957,13989997.701603
,Sexual violence against children and bullying,DALYs,2021,2016,8328675.06341227,4551669.57693192,14176595.9352572
,Sexual violence against children and bullying,DALYs,2021,2017,8427345.87780823,4612518.23690973,14379853.6968388
,Sexual violence against children and bullying,DALYs,2021,2019,8636430.896573,4742689.72264139,14663885.7316659
,Sexual violence against children and bullying,DALYs,2021,2021,8881456.88417882,4889986.71497966,15079399.4637512
,Low birth weight and short gestation,DALYs,2021,1990,267766627.782783,252661127.393338,282966609.088206
,Low birth weight and short gestation,DALYs,2021,2005,225830840.621797,209482388.872295,242518304.548545
,Low birth weight and short gestation,DALYs,2021,2006,223937036.887495,208538493.013552,240591560.144847
,Low birth weight and short gestation,DALYs,2021,2007,222032697.251905,205160900.678595,238126495.427207
,Low birth weight and short gestation,DALYs,2021,2010,213803561.541717,196016331.006277,233251718.433858
,Low birth weight and short gestation,DALYs,2021,2013,204797607.185081,187222856.448343,223371724.396388
,Low birth weight and short gestation,DALYs,2021,2015,197311858.002196,178385345.019312,218232447.347968
,Low birth weight and short gestation,DALYs,2021,2016,192279745.951096,172243254.517982,213947525.892948
,Low birth weight and short gestation,DALYs,2021,2017,186542740.497246,165307848.911213,207737992.323323
,Low birth weight and short gestation,DALYs,2021,2019,173641776.869683,152638405.873968,197001399.902156
,Low birth weight and short gestation,DALYs,2021,2021,160094703.919094,138485238.404195,183637818.274851
,High LDL cholesterol*,DALYs,2021,1990,60200285.894813,37767940.0148551,82094423.316082
,High LDL cholesterol*,DALYs,2021,2005,73892029.1717179,46794465.8871011,101280535.813564
,High LDL cholesterol*,DALYs,2021,2006,73128415.7254097,46624896.8311786,100669877.686562
,High LDL cholesterol*,DALYs,2021,2007,73494515.5663011,46594115.0176172,100677921.365949
,High LDL cholesterol*,DALYs,2021,2010,76249369.9505541,48209708.6639359,104531120.282995
,High LDL cholesterol*,DALYs,2021,2013,78977355.4277038,50442200.0812903,108494649.677292
,High LDL cholesterol*,DALYs,2021,2015,80827201.8525295,50726211.7568066,110819374.34236
,High LDL cholesterol*,DALYs,2021,2016,82104290.43091,52613877.0467535,113277334.746037
,High LDL cholesterol*,DALYs,2021,2017,82624061.9489337,51948492.3669342,114466964.959812
,High LDL cholesterol*,DALYs,2021,2019,85396717.0594472,54125280.9270525,118322532.640388
,High LDL cholesterol*,DALYs,2021,2021,87726112.6987591,55136537.9587892,121279116.332083
,Air pollution,DALYs,2021,1990,291423301.668042,224243025.854164,352523282.720926
,Air pollution,DALYs,2021,2005,275526208.029446,228224371.292442,322357879.724893
,Air pollution,DALYs,2021,2006,271145005.969158,226238822.505773,315567014.622064
,Air pollution,DALYs,2021,2007,268698866.090018,225502936.699458,311232840.94513
,Air pollution,DALYs,2021,2010,262925045.635104,221238957.168524,306137811.996654
,Air pollution,DALYs,2021,2013,260910149.009108,220355714.799423,305802739.009284
,Air pollution,DALYs,2021,2015,258243266.520183,217780699.108341,301811228.829855
,Air pollution,DALYs,2021,2016,255697431.837531,214153989.991295,297743036.674496
,Air pollution,DALYs,2021,2017,250624541.036437,210186110.8507,291722203.166463
,Air pollution,DALYs,2021,2019,240580972.75312,200213056.054865,282095937.994718
,Air pollution,DALYs,2021,2021,235965143.683742,199343273.212088,275203958.05871
,Ambient ozone pollution,DALYs,2021,1990,4716657.76773853,1042423.54755384,8284857.62409299
,Ambient ozone pollution,DALYs,2021,2005,6611940.32506294,1442999.35939077,11402810.6973064
,Ambient ozone pollution,DALYs,2021,2006,6807128.92995933,1486103.47944987,11720438.8269535
,Ambient ozone pollution,DALYs,2021,2007,7157383.67304986,1572076.73701093,12367272.1755379
,Ambient ozone pollution,DALYs,2021,2010,7012656.03781333,1493714.01616808,12150595.6872538
,Ambient ozone pollution,DALYs,2021,2013,7020785.36072909,1520866.74799124,12176368.0878748
,Ambient ozone pollution,DALYs,2021,2015,7297500.69182856,1580178.95938611,12693977.4410983
,Ambient ozone pollution,DALYs,2021,2016,7788576.77134255,1676901.78311136,13459279.2325126
,Ambient ozone pollution,DALYs,2021,2017,8162069.90458577,1790123.76355937,14118757.7828645
,Ambient ozone pollution,DALYs,2021,2019,8425495.42133173,1773684.11591743,14767429.2372104
,Ambient ozone pollution,DALYs,2021,2021,8773024.48152813,1911013.78480162,14966066.7350882
,Lead exposure,DALYs,2021,1990,21845193.8934378,-111565.983094299,42986013.7365948
,Lead exposure,DALYs,2021,2005,28441821.6989765,-660639.545936607,57337554.6673677
,Lead exposure,DALYs,2021,2006,28426263.6775217,-663301.588650778,56312201.1840183
,Lead exposure,DALYs,2021,2007,28730312.9034949,-743681.370735407,57078393.3959223
,Lead exposure,DALYs,2021,2010,30119066.3314104,-893044.388719268,60122122.3717489
,Lead exposure,DALYs,2021,2013,31315092.7166195,-1014388.2781017,62281377.658657
,Lead exposure,DALYs,2021,2015,32011783.550439,-1044451.11521013,63356603.5054888
,Lead exposure,DALYs,2021,2016,32451569.9527071,-1171083.25152656,65265558.9991062
,Lead exposure,DALYs,2021,2017,32688560.9765722,-1255319.09569756,65101723.6321133
,Lead exposure,DALYs,2021,2019,33514219.0578092,-1389365.89055059,66425193.3383387
,Lead exposure,DALYs,2021,2021,33890550.8164597,-1428397.70599419,67829855.3369699
,Child underweight,DALYs,2021,1990,219953838.736665,125168633.220591,268588298.62539
,Child underweight,DALYs,2021,2005,131874238.27033,65857839.6263833,169245399.820845
,Child underweight,DALYs,2021,2006,126072558.616636,61806517.1904874,162289174.569283
,Child underweight,DALYs,2021,2007,120498762.774574,57763017.3152837,155427199.682946
,Child underweight,DALYs,2021,2010,107559697.961041,50901531.7633424,140778913.666439
,Child underweight,DALYs,2021,2013,91911539.1869593,41973925.8525285,124344298.984546
,Child underweight,DALYs,2021,2015,82939862.437655,35818377.6547706,110837577.798419
,Child underweight,DALYs,2021,2016,78204894.7308969,33176604.4452538,105983003.849395
,Child underweight,DALYs,2021,2017,73204361.8300819,30633094.5306278,99560097.9060908
,Child underweight,DALYs,2021,2019,63412056.838347,25551744.2138759,88487501.0896346
,Child underweight,DALYs,2021,2021,50575120.8918049,20216162.7121583,72240976.6455488
,Zinc deficiency,DALYs,2021,1990,1569777.23631364,-2817387.40362583,7301033.89892942
,Zinc deficiency,DALYs,2021,2005,750902.410469298,-1565964.43207706,3419025.33671657
,Zinc deficiency,DALYs,2021,2006,710388.330913823,-1501575.83974438,3275612.0578584
,Zinc deficiency,DALYs,2021,2007,658464.559587264,-1409838.98962583,3056579.37058251
,Zinc deficiency,DALYs,2021,2010,496607.237921138,-1148195.76477459,2446382.71372574
,Zinc deficiency,DALYs,2021,2013,367678.239815258,-785727.891757094,1903574.66766181
,Zinc deficiency,DALYs,2021,2015,290956.406465166,-614083.475547689,1559924.85225163
,Zinc deficiency,DALYs,2021,2016,259396.927553721,-557611.898565076,1391192.284292
,Zinc deficiency,DALYs,2021,2017,231539.823863736,-472244.892136936,1242342.14997078
,Zinc deficiency,DALYs,2021,2019,185925.740103611,-384022.238242407,1004027.16827739
,Zinc deficiency,DALYs,2021,2021,148446.989347308,-319235.459620344,805739.309590016
,Metabolic risks,DALYs,2021,1990,262046321.413631,232254254.758104,292037946.201788
,Metabolic risks,DALYs,2021,2005,351158849.489818,308909689.609348,390557215.584249
,Metabolic risks,DALYs,2021,2006,352214272.852726,311179700.597646,394314615.43046
,Metabolic risks,DALYs,2021,2007,357362978.729132,314891127.229529,399184428.528477
,Metabolic risks,DALYs,2021,2010,379407070.075213,332054631.850838,425080283.341375
,Metabolic risks,DALYs,2021,2013,401615874.425866,353331211.575318,449933827.891333
,Metabolic risks,DALYs,2021,2015,418670326.688304,364708472.260608,473510304.571676
,Metabolic risks,DALYs,2021,2016,428799520.18962,377001681.010922,485999730.361295
,Metabolic risks,DALYs,2021,2017,436843856.181611,381371834.331401,492769240.973261
,Metabolic risks,DALYs,2021,2019,457935468.433518,400576855.336368,520877762.576817
,Metabolic risks,DALYs,2021,2021,476078739.990901,412470868.224027,541393380.178398
,High body-mass index,DALYs,2021,1990,48042109.3440436,21178404.275514,77317173.1872
,High body-mass index,DALYs,2021,2005,76739354.488665,33510960.4876636,121110145.885257
,High body-mass index,DALYs,2021,2006,78333823.7019661,34391529.3778492,123865522.118019
,High body-mass index,DALYs,2021,2007,80552717.074517,35251735.6050906,128040902.55481
,High body-mass index,DALYs,2021,2010,88891312.364393,39024762.4455342,140765734.103169
,High body-mass index,DALYs,2021,2013,97931009.7291766,42947350.1461278,154556047.418283
,High body-mass index,DALYs,2021,2015,105269990.836551,46207647.1306833,165625657.848291
,High body-mass index,DALYs,2021,2016,109148497.077004,47311264.9004154,171143308.599453
,High body-mass index,DALYs,2021,2017,112618348.898975,49070196.937811,176980052.101804
,High body-mass index,DALYs,2021,2019,120699645.508391,51902696.1943708,189195776.587832
,High body-mass index,DALYs,2021,2021,128520083.084906,55989249.2542725,202388461.822296
,Diet low in vegetables,DALYs,2021,1990,17756189.1430835,9735692.57761641,25084218.5089321
,Diet low in vegetables,DALYs,2021,2005,16805733.5459642,9771620.23171992,23867851.9964906
,Diet low in vegetables,DALYs,2021,2006,16739086.5929393,9810587.61749278,23869498.2502134
,Diet low in vegetables,DALYs,2021,2007,16786343.3010393,9837501.29666327,23654951.0695228
,Diet low in vegetables,DALYs,2021,2010,17218039.7273742,10221440.3611122,24231489.7239406
,Diet low in vegetables,DALYs,2021,2013,17909147.0621818,10709798.048722,24927804.0127034
,Diet low in vegetables,DALYs,2021,2015,18586024.8477,11285448.8493448,26004766.1824092
,Diet low in vegetables,DALYs,2021,2016,19001306.1857606,11441464.5629541,26604209.7337652
,Diet low in vegetables,DALYs,2021,2017,19307325.2373888,11631355.2422793,26644148.4011613
,Diet low in vegetables,DALYs,2021,2019,20057143.1566679,12181787.3271474,28004589.7988046
,Diet low in vegetables,DALYs,2021,2021,20655690.6324031,12448914.0161153,28673801.9395984
,Diet high in red meat,DALYs,2021,1990,4603378.72051315,-4405.40675752445,6528372.88228833
,Diet high in red meat,DALYs,2021,2005,5833209.47697411,-4983.94647781459,8418633.25432579
,Diet high in red meat,DALYs,2021,2006,5923912.00963917,-4784.25700772714,8413635.78947285
,Diet high in red meat,DALYs,2021,2007,6066490.64234849,-4867.58126848143,8579466.91192693
,Diet high in red meat,DALYs,2021,2010,6671649.02075722,-4794.18995155781,9220656.6061492
,Diet high in red meat,DALYs,2021,2013,7464537.13453441,-5219.67934496284,10004473.5203889
,Diet high in red meat,DALYs,2021,2015,7991466.80257126,-5467.46409745595,10647531.6443572
,Diet high in red meat,DALYs,2021,2016,8286702.35775184,-5026.41253434427,11037130.0730423
,Diet high in red meat,DALYs,2021,2017,8569608.08739623,-5228.6989708882,11531654.7863673
,Diet high in red meat,DALYs,2021,2019,9163349.13534618,-5278.71780739806,12397451.4877892
,Diet high in red meat,DALYs,2021,2021,9633539.10667224,-4908.53200528372,13030228.3851559
,Diet low in seafood omega-3 fatty acids,DALYs,2021,1990,13048431.9383628,2692892.74865711,21367228.9034781
,Diet low in seafood omega-3 fatty acids,DALYs,2021,2005,15454441.8538915,3120879.73172025,25320325.844151
,Diet low in seafood omega-3 fatty acids,DALYs,2021,2006,15243988.0759752,3087100.959285,25113344.6824175
,Diet low in seafood omega-3 fatty acids,DALYs,2021,2007,15173586.0289006,3082581.73771345,24746973.3128931
,Diet low in seafood omega-3 fatty acids,DALYs,2021,2010,15083959.6448092,3047110.65067368,24829759.37537
,Diet low in seafood omega-3 fatty acids,DALYs,2021,2013,15190755.7006779,3048715.61423936,25284492.6268187
,Diet low in seafood omega-3 fatty acids,DALYs,2021,2015,15153770.1061067,3035577.60274813,25080727.7661426
,Diet low in seafood omega-3 fatty acids,DALYs,2021,2016,15256141.4134018,3024709.9119151,25349247.9401663
,Diet low in seafood omega-3 fatty acids,DALYs,2021,2017,15130754.6568848,3043324.10457255,25006363.9467002
,Diet low in seafood omega-3 fatty acids,DALYs,2021,2019,15288962.4594956,3062145.32010843,25356247.506022
,Diet low in seafood omega-3 fatty acids,DALYs,2021,2021,15511021.3514307,3098824.39583993,25946111.2991226
,Low physical activity,DALYs,2021,1990,7785617.39629841,3512412.2727608,12161764.5728853
,Low physical activity,DALYs,2021,2005,10460718.3887475,4740704.12929661,16054585.3066499
,Low physical activity,DALYs,2021,2006,10532079.9280606,4827237.54076445,16204973.163934
,Low physical activity,DALYs,2021,2007,10714060.4999185,4894735.47247779,16287503.3854098
,Low physical activity,DALYs,2021,2010,11507423.0333601,5238302.72054154,17668682.4220719
,Low physical activity,DALYs,2021,2013,12379150.3533854,5608982.80049043,19141218.711157
,Low physical activity,DALYs,2021,2015,13092287.8606393,5991298.55781414,20152043.795138
,Low physical activity,DALYs,2021,2016,13510191.7282222,6261335.78759755,20720012.8786003
,Low physical activity,DALYs,2021,2017,13910739.24684,6533319.69178198,21485109.4187419
,Low physical activity,DALYs,2021,2019,14862138.2769707,6871641.64657357,23361765.2262918
,Low physical activity,DALYs,2021,2021,15704960.4328681,7334697.50741822,24379666.2799438
,"Occupational particulate matter, gases, and fumes",DALYs,2021,1990,9796520.35024691,8352748.73187347,11384716.979153
,"Occupational particulate matter, gases, and fumes",DALYs,2021,2005,10805061.6703476,9244773.08569647,12540741.183931
,"Occupational particulate matter, gases, and fumes",DALYs,2021,2006,10552638.1806644,8993151.1528913,12253502.6964064
,"Occupational particulate matter, gases, and fumes",DALYs,2021,2007,10615923.7709864,9042606.16365737,12263176.0458264
,"Occupational particulate matter, gases, and fumes",DALYs,2021,2010,10983103.2645816,9345188.94407546,12801312.0883284
,"Occupational particulate matter, gases, and fumes",DALYs,2021,2013,11142082.7281241,9488554.89549866,12994644.7795376
,"Occupational particulate matter, gases, and fumes",DALYs,2021,2015,11382362.6986333,9647105.62491128,13378211.6112681
,"Occupational particulate matter, gases, and fumes",DALYs,2021,2016,11564164.7036099,9845905.53340858,13449511.9714528
,"Occupational particulate matter, gases, and fumes",DALYs,2021,2017,11783752.7441659,10006137.6617884,13682898.1106462
,"Occupational particulate matter, gases, and fumes",DALYs,2021,2019,12330549.2404617,10346380.7997406,14398300.2230475
,"Occupational particulate matter, gases, and fumes",DALYs,2021,2021,12719663.9835543,10681317.6681059,15091314.5385971
,Sexual violence against children,DALYs,2021,1990,1949158.05287547,855690.984999615,3534376.66190143
,Sexual violence against children,DALYs,2021,2005,2617034.29872655,1148794.62201236,4733415.7272642
,Sexual violence against children,DALYs,2021,2006,2599790.20600584,1143505.02964816,4697153.94005882
,Sexual violence against children,DALYs,2021,2007,2571653.30424447,1128093.22526277,4629184.1205731
,Sexual violence against children,DALYs,2021,2010,2531099.07387642,1110973.74254157,4574730.46001231
,Sexual violence against children,DALYs,2021,2013,2582986.94971835,1146252.68937632,4634954.71058591
,Sexual violence against children,DALYs,2021,2015,2648992.11398883,1183634.6859803,4742636.704721
,Sexual violence against children,DALYs,2021,2016,2679814.2391855,1205750.47185388,4791525.17203752
,Sexual violence against children,DALYs,2021,2017,2704934.13527922,1227303.07725487,4823512.63582492
,Sexual violence against children,DALYs,2021,2019,2764252.61664156,1268576.01798661,4887202.05310462
,Sexual violence against children,DALYs,2021,2021,2827906.93351076,1303018.75509315,4958377.84012047
,Occupational exposure to arsenic,DALYs,2021,1990,169579.765320616,9027.27420972133,318712.662610667
,Occupational exposure to arsenic,DALYs,2021,2005,224891.510704418,36041.9064674996,403982.903846636
,Occupational exposure to arsenic,DALYs,2021,2006,227330.022660037,34451.826936052,415475.535932464
,Occupational exposure to arsenic,DALYs,2021,2007,231494.208059562,34949.926279413,422241.005570755
,Occupational exposure to arsenic,DALYs,2021,2010,244323.583427969,41705.3326577376,440106.561189008
,Occupational exposure to arsenic,DALYs,2021,2013,258429.968401663,48950.8405716224,459323.099833997
,Occupational exposure to arsenic,DALYs,2021,2015,264477.16247105,48961.369587463,466164.307061698
,Occupational exposure to arsenic,DALYs,2021,2016,270133.084534972,52558.8943031785,475758.280590771
,Occupational exposure to arsenic,DALYs,2021,2017,274628.257270167,52329.6594756111,475474.168916036
,Occupational exposure to arsenic,DALYs,2021,2019,285072.091573178,60094.3239949316,494861.949150886
,Occupational exposure to arsenic,DALYs,2021,2021,298657.356071862,62603.4703260975,523213.542978445
,Occupational exposure to chromium,DALYs,2021,1990,20295.1595917557,17602.6931499143,23199.3021130644
,Occupational exposure to chromium,DALYs,2021,2005,32676.1819844764,28770.4521331523,36574.0155160656
,Occupational exposure to chromium,DALYs,2021,2006,33339.9645798446,29727.2050735155,37731.1787416886
,Occupational exposure to chromium,DALYs,2021,2007,34329.516948128,30037.2669684481,38722.1997911451
,Occupational exposure to chromium,DALYs,2021,2010,37538.4704970678,33241.6830773069,42091.046163874
,Occupational exposure to chromium,DALYs,2021,2013,40778.8741082614,35702.4273504375,46451.0013535018
,Occupational exposure to chromium,DALYs,2021,2015,42432.6434756928,36831.3690136528,48723.0445426866
,Occupational exposure to chromium,DALYs,2021,2016,43700.2386031759,37533.7454303185,50763.3340703904
,Occupational exposure to chromium,DALYs,2021,2017,44924.8957088865,38628.3874402545,51917.7997480868
,Occupational exposure to chromium,DALYs,2021,2019,47701.1841850865,39957.1602124442,56195.7957542004
,Occupational exposure to chromium,DALYs,2021,2021,50876.6036021694,42474.126586018,60452.137003983
,Occupational exposure to polycyclic aromatic hydrocarbons,DALYs,2021,1990,70793.3809505693,58749.09451774,83808.8599701064
,Occupational exposure to polycyclic aromatic hydrocarbons,DALYs,2021,2005,113121.25601558,96723.6905471257,131030.055268289
,Occupational exposure to polycyclic aromatic hydrocarbons,DALYs,2021,2006,115437.188701658,97492.0864028635,133616.041911222
,Occupational exposure to polycyclic aromatic hydrocarbons,DALYs,2021,2007,118828.717900849,100908.771158323,137354.360601886
,Occupational exposure to polycyclic aromatic hydrocarbons,DALYs,2021,2010,130036.497633877,111315.59998646,152092.871605063
,Occupational exposure to polycyclic aromatic hydrocarbons,DALYs,2021,2013,141235.545655818,118976.94654099,165361.67444931
,Occupational exposure to polycyclic aromatic hydrocarbons,DALYs,2021,2015,146991.48269482,122292.791394338,172338.644728923
,Occupational exposure to polycyclic aromatic hydrocarbons,DALYs,2021,2016,151381.690278487,125937.241255417,181971.971799542
,Occupational exposure to polycyclic aromatic hydrocarbons,DALYs,2021,2017,155606.389528016,130292.910341654,185894.001320694
,Occupational exposure to polycyclic aromatic hydrocarbons,DALYs,2021,2019,165171.605407397,135338.607555688,196174.586934085
,Occupational exposure to polycyclic aromatic hydrocarbons,DALYs,2021,2021,176013.134949515,144212.831220984,212938.13608397
,Occupational exposure to trichloroethylene,DALYs,2021,1990,849.841027856037,191.150982155826,1551.86104240517
,Occupational exposure to trichloroethylene,DALYs,2021,2005,1491.21898275176,330.786895204977,2721.70363093524
,Occupational exposure to trichloroethylene,DALYs,2021,2006,1541.49055343042,341.109361194581,2822.81153588634
,Occupational exposure to trichloroethylene,DALYs,2021,2007,1590.31257120879,355.178211858843,2880.39022634882
,Occupational exposure to trichloroethylene,DALYs,2021,2010,1779.33564881981,393.887501154985,3275.30790533089
,Occupational exposure to trichloroethylene,DALYs,2021,2013,1958.02063785743,437.642836633641,3573.92715141339
,Occupational exposure to trichloroethylene,DALYs,2021,2015,2061.23012618162,460.348851795588,3775.8648917887
,Occupational exposure to trichloroethylene,DALYs,2021,2016,2135.06245533038,471.093539548931,3950.4863094385
,Occupational exposure to trichloroethylene,DALYs,2021,2017,2205.16915127937,499.254825494127,4040.79245228856
,Occupational exposure to trichloroethylene,DALYs,2021,2019,2365.69292595262,529.880186289868,4352.53013832399
,Occupational exposure to trichloroethylene,DALYs,2021,2021,2509.29311593792,551.134769294,4607.88873319567
,Low birth weight,DALYs,2021,1990,253983950.576295,240205002.417094,269053898.262124
,Low temperature,DALYs,2021,1990,22617512.9584785,19683597.6622948,26633372.3269813
,Low temperature,DALYs,2021,2005,22904243.8372318,20444397.7697555,26148474.9915963
,Low temperature,DALYs,2021,2006,21416674.7253818,19064971.0188452,24358017.1626611
,Low temperature,DALYs,2021,2007,22165254.866839,19714762.4895819,25327854.1402041
,Low temperature,DALYs,2021,2010,22896443.6336354,20363761.8344957,26013122.273623
,Low temperature,DALYs,2021,2013,24084069.779827,21341354.3930928,27422289.7778419
,Low temperature,DALYs,2021,2015,23734015.1514699,21031982.8533065,26784792.7606854
,Low temperature,DALYs,2021,2016,23350147.8076714,20926075.1731853,26343585.6545224
,Low temperature,DALYs,2021,2017,24119651.69706,21632704.4288548,27195431.9636135
,Low temperature,DALYs,2021,2019,25574380.4699989,22847428.1705042,29005103.6499126
,Low temperature,DALYs,2021,2021,25228777.8970858,22515710.9607114,28540097.071027
,Bullying victimization,DALYs,2021,1990,3773893.98359441,1569014.474557,7477287.74026767
,Bullying victimization,DALYs,2021,2005,5131205.4662751,2196923.82477682,9972490.26088658
,Bullying victimization,DALYs,2021,2006,5195308.6182559,2223750.84485046,10110802.8201158
,Bullying victimization,DALYs,2021,2007,5232389.46385429,2251896.69057467,10191183.4941847
,Bullying victimization,DALYs,2021,2010,5338777.45887888,2319209.83793453,10417171.5499196
,Bullying victimization,DALYs,2021,2013,5548794.1419069,2416947.57728462,10781454.0374707
,Bullying victimization,DALYs,2021,2015,5698050.52337829,2484537.53991565,11044105.7704557
,Bullying victimization,DALYs,2021,2016,5775178.86316122,2514020.23188431,11176934.375588
,Bullying victimization,DALYs,2021,2017,5851060.7362781,2547573.10069745,11309297.3176681
,Bullying victimization,DALYs,2021,2019,6005520.9978794,2614828.12497039,11601176.8603537
,Bullying victimization,DALYs,2021,2021,6166228.49058006,2690931.17211694,11884818.9700357
,Drug use,DALYs,2021,2007,23361271.402929,20334836.8744019,26329649.6610779
,Drug use,DALYs,2021,2013,24001655.0669172,21053261.9763373,26996766.8486942
,Drug use,DALYs,2021,2006,23269371.0115218,20192552.1606762,26273707.7492938
,Drug use,DALYs,2021,2017,26256265.4958864,23017350.1873229,29352099.7890244
,Drug use,DALYs,2021,2016,25676607.7530685,22495314.6744346,28761724.7664303
,Unsafe water source,Deaths,2023,1990,2450585.28959022,1320737.28026112,3366047.98925862
,Unsafe water source,Deaths,2023,2005,1482692.06548141,770104.214684176,2096060.67115969
,Unsafe water source,Deaths,2023,2006,1456624.12701436,758176.178169708,2065479.49329624
,Unsafe water source,Deaths,2023,2010,1275203.20245237,638541.063579861,1818858.883286
,Unsafe water source,Deaths,2023,2013,1107266.55712915,541632.508381644,1553907.51671903
,Unsafe water source,Deaths,2023,2015,1017120.89593384,499902.66277664,1419020.44887413
,Unsafe water source,Deaths,2023,2016,981551.140566585,494922.707557297,1379622.87264743
,Unsafe water source,Deaths,2023,2017,952253.595025239,484582.777684067,1329867.95139215
,Unsafe water source,Deaths,2023,2019,873466.585603117,449820.557414261,1204361.01293733
,Unsafe water source,Deaths,2023,2021,798243.741069961,412366.07196251,1117723.2133631
,Unsafe water source,Deaths,2023,2023,755220.161080266,383701.263837565,1069750.97614955
,"Unsafe water, sanitation, and handwashing",Deaths,2023,1990,3485191.74336317,2483482.63025678,4532974.77455738
,"Unsafe water, sanitation, and handwashing",Deaths,2023,2005,2169000.56745818,1435436.46577871,3033389.04612111
,"Unsafe water, sanitation, and handwashing",Deaths,2023,2006,2129390.04718404,1396896.35013917,2979905.93043806
,"Unsafe water, sanitation, and handwashing",Deaths,2023,2010,1874279.49085264,1232040.35658,2591873.02448229
,"Unsafe water, sanitation, and handwashing",Deaths,2023,2013,1652868.12016039,1029129.87619062,2280757.6731427
,"Unsafe water, sanitation, and handwashing",Deaths,2023,2015,1533030.80225866,923925.838415272,2119395.224651
,"Unsafe water, sanitation, and handwashing",Deaths,2023,2016,1482969.75780576,896791.900642174,2053024.76704709
,"Unsafe water, sanitation, and handwashing",Deaths,2023,2017,1440426.69531538,891107.045578582,1991316.96481618
,"Unsafe water, sanitation, and handwashing",Deaths,2023,2019,1325521.32105122,821146.80984341,1836578.54113792
,"Unsafe water, sanitation, and handwashing",Deaths,2023,2021,1179780.4630259,736123.222432002,1654668.18317538
,"Unsafe water, sanitation, and handwashing",Deaths,2023,2023,1157587.45566095,686458.021724852,1707291.18030043
,Unsafe sanitation,Deaths,2023,1990,2098245.61061623,1666682.49562934,2642354.41292723
,Unsafe sanitation,Deaths,2023,2005,1229238.10901717,962635.421864752,1698760.36882088
,Unsafe sanitation,Deaths,2023,2006,1202325.1490001199,943667.449569219,1653990.15260844
,Unsafe sanitation,Deaths,2023,2010,1027826.02349919,786610.788281088,1386024.68063182
,Unsafe sanitation,Deaths,2023,2013,872839.692604111,663264.331230322,1162908.92413913
,Unsafe sanitation,Deaths,2023,2015,786680.302706903,586761.702306991,1040794.39298825
,Unsafe sanitation,Deaths,2023,2016,750823.748330505,565330.090326807,1000604.96986808
,Unsafe sanitation,Deaths,2023,2017,719812.297295628,541494.973754772,976949.743504938
,Unsafe sanitation,Deaths,2023,2019,642779.963412181,484098.684946076,889832.483959823
,Unsafe sanitation,Deaths,2023,2021,576219.807421043,435799.595884407,794743.185251923
,Unsafe sanitation,Deaths,2023,2023,533827.941599874,385973.809950107,747346.28170458
,Ambient ozone pollution,Deaths,2023,1990,172676.159329376,41877.9780278712,310867.845041548
,Ambient ozone pollution,Deaths,2023,2005,327938.226680629,79134.0817450987,580284.472404132
,Ambient ozone pollution,Deaths,2023,2006,344450.765522562,83127.4547659551,601776.472514502
,Ambient ozone pollution,Deaths,2023,2010,350288.234187743,84007.9454854329,599834.00424304
,Ambient ozone pollution,Deaths,2023,2013,348737.397667177,79993.4025561005,589251.217004102
,Ambient ozone pollution,Deaths,2023,2015,360118.769014,82874.3125078657,609810.089189869
,Ambient ozone pollution,Deaths,2023,2016,384606.469585492,89063.2547990874,650012.632070849
,Ambient ozone pollution,Deaths,2023,2017,399952.310263873,93890.844774162,677930.784533334
,Ambient ozone pollution,Deaths,2023,2019,404051.906104883,94367.0482753776,691869.915728387
,Ambient ozone pollution,Deaths,2023,2021,381485.234576359,92415.1656154683,661866.008120569
,Ambient ozone pollution,Deaths,2023,2023,469855.555332451,108062.398083746,800843.843483191
,Air pollution,Deaths,2023,1990,7106609.62568991,5796406.27287916,8231214.91629467
,Air pollution,Deaths,2023,2005,7663870.29132923,6373261.62350789,8805767.08946742
,Air pollution,Deaths,2023,2006,7662583.08885774,6404189.14053675,8719998.15277118
,Air pollution,Deaths,2023,2010,7670123.51973499,6373606.80189406,8808107.53061132
,Air pollution,Deaths,2023,2013,7789771.24311028,6472907.26815936,9034100.16810986
,Air pollution,Deaths,2023,2015,7914134.74215554,6538810.82331263,9171324.29669122
,Air pollution,Deaths,2023,2016,8023307.40304573,6625083.89502539,9305627.08910521
,Air pollution,Deaths,2023,2017,8017193.88132011,6612613.14225807,9346146.09845157
,Air pollution,Deaths,2023,2019,7617101.38106354,6210188.19710624,8982187.88129418
,Air pollution,Deaths,2023,2021,7565408.98094388,6170674.53177792,9018219.47199837
,Air pollution,Deaths,2023,2023,7914669.01702861,6421789.15751179,9367993.08866592
,Other environmental risks,Deaths,2023,1990,1891386.49285593,1404185.68013886,2413852.71251407
,Other environmental risks,Deaths,2023,2005,2535672.93146692,1871921.57275018,3163252.35545445
,Other environmental risks,Deaths,2023,2006,2586112.98129989,1921534.76060371,3218975.17775334
,Other environmental risks,Deaths,2023,2010,2790370.40324505,2086748.30630519,3455500.35498704
,Other environmental risks,Deaths,2023,2013,3029961.66591806,2265321.70579206,3713785.32301812
,Other environmental risks,Deaths,2023,2015,3174547.07360949,2401471.36317669,3891136.70729324
,Other environmental risks,Deaths,2023,2016,3274332.95038417,2482349.75151652,4013098.66481004
,Other environmental risks,Deaths,2023,2017,3335180.20283326,2508616.89003532,4103748.81436955
,Other environmental risks,Deaths,2023,2019,3243534.46804419,2431501.95076653,4029808.55986371
,Other environmental risks,Deaths,2023,2021,3471994.72620048,2620689.57469803,4324468.7082114
,Other environmental risks,Deaths,2023,2023,3560080.41692846,2701908.5910285,4437095.43331357
,Residential radon,Deaths,2023,1990,49708.8145006405,-21698.7223791517,124535.659573613
,Residential radon,Deaths,2023,2005,61513.8912686692,-27556.3121742584,155940.756915182
,Residential radon,Deaths,2023,2006,62557.8492854065,-28147.2264336712,158467.164720886
,Residential radon,Deaths,2023,2010,66038.4810527813,-29730.4515350814,163870.914873672
,Residential radon,Deaths,2023,2013,69038.010395982,-31167.9256827492,169012.29021447
,Residential radon,Deaths,2023,2015,71713.8015410029,-32113.4131467785,174830.045590167
,Residential radon,Deaths,2023,2016,73658.4110673719,-32873.4120295454,179840.72842577
,Residential radon,Deaths,2023,2017,75440.4022051146,-33681.4752751996,185244.206790945
,Residential radon,Deaths,2023,2019,74803.0252628557,-33080.3399107133,185727.910488916
,Residential radon,Deaths,2023,2021,78810.8962680097,-34870.900489241,196851.914385795
,Residential radon,Deaths,2023,2023,83076.7327877761,-38038.8460914515,208130.093961517
,Child and maternal malnutrition,Deaths,2023,1990,7331634.19386289,6337772.52756695,7990152.3329579
,Child and maternal malnutrition,Deaths,2023,2005,4540861.88413354,3893903.10342055,4991165.6341789
,Child and maternal malnutrition,Deaths,2023,2006,4390544.29902842,3796271.06048877,4845702.11132488
,Child and maternal malnutrition,Deaths,2023,2010,3944401.33311598,3432054.94661466,4325790.52533638
,Child and maternal malnutrition,Deaths,2023,2013,3551197.55001373,3081637.58966475,3874664.35580518
,Child and maternal malnutrition,Deaths,2023,2015,3364736.66661391,2897471.77181698,3687415.0843734
,Child and maternal malnutrition,Deaths,2023,2016,3259644.32064697,2811375.17777613,3563915.73629086
,Child and maternal malnutrition,Deaths,2023,2017,3154674.86092795,2728746.69079486,3474599.19145822
,Child and maternal malnutrition,Deaths,2023,2019,2910677.98070586,2503826.2782411,3243561.94951556
,Child and maternal malnutrition,Deaths,2023,2021,2582482.181143,2187431.60178642,2896294.20870764
,Child and maternal malnutrition,Deaths,2023,2023,2568316.2087934,2176463.98134166,2893792.01580288
,Suboptimal breastfeeding,Deaths,2023,1990,548682.979199587,429921.531724743,689590.321024271
,Suboptimal breastfeeding,Deaths,2023,2005,270501.329265086,194956.923264759,341062.643566066
,Suboptimal breastfeeding,Deaths,2023,2006,258639.6637433,186580.703029294,328703.671720944
,Suboptimal breastfeeding,Deaths,2023,2010,214333.526849699,158559.507699684,272750.803410315
,Suboptimal breastfeeding,Deaths,2023,2013,184575.82154764,139848.983876955,237681.093814245
,Suboptimal breastfeeding,Deaths,2023,2015,168646.659714842,129760.355099072,209994.190615397
,Suboptimal breastfeeding,Deaths,2023,2016,161209.188150832,123863.643903571,199224.501200942
,Suboptimal breastfeeding,Deaths,2023,2017,152923.338747116,116687.317108675,189434.942681066
,Suboptimal breastfeeding,Deaths,2023,2019,133559.226239838,98775.0800318472,170035.490892591
,Suboptimal breastfeeding,Deaths,2023,2021,106963.938137242,78060.1090017062,139735.654063992
,Suboptimal breastfeeding,Deaths,2023,2023,105441.105770925,73089.0101319161,136438.708356855
,Smoking,Deaths,2023,1990,4713766.65023861,3889431.63383276,5490230.19041365
,Smoking,Deaths,2023,2005,5360148.29602806,4410948.37825238,6280599.25736095
,Smoking,Deaths,2023,2006,5350470.67610233,4408230.10674481,6325440.86563343
,Smoking,Deaths,2023,2010,5416259.80169189,4493506.78269758,6358027.07712353
,Smoking,Deaths,2023,2013,5418611.15418155,4504616.14587232,6368920.40374908
,Smoking,Deaths,2023,2015,5485660.11187999,4596062.59677251,6592319.98295548
,Smoking,Deaths,2023,2016,5580147.67344904,4654931.20934314,6630383.58645711
,Smoking,Deaths,2023,2017,5625921.46511627,4674608.2665517,6670210.02580845
,Smoking,Deaths,2023,2019,5457312.60196093,4446010.35048442,6561968.41142797
,Smoking,Deaths,2023,2021,5547471.25487631,4589539.98572762,6557224.6232245
,Smoking,Deaths,2023,2023,5819058.53513677,4835299.57738087,6991370.66667046
,Lead exposure,Deaths,2023,1990,1841677.67835529,1355790.67231967,2373267.45611238
,Lead exposure,Deaths,2023,2005,2474159.04019825,1839309.30211707,3076913.77904036
,Lead exposure,Deaths,2023,2006,2523555.13201449,1874834.33253769,3134809.27452147
,Lead exposure,Deaths,2023,2010,2724331.92219227,2027891.25991324,3380199.7949779
,Lead exposure,Deaths,2023,2013,2960923.65552207,2243702.80990366,3605017.59739826
,Lead exposure,Deaths,2023,2015,3102833.27206848,2342570.99995363,3800733.51639823
,Lead exposure,Deaths,2023,2016,3200674.53931679,2411548.20105908,3931656.50118643
,Lead exposure,Deaths,2023,2017,3259739.80062814,2434648.92192836,4034283.40765737
,Lead exposure,Deaths,2023,2019,3168731.44278134,2347400.52096422,3932109.41794714
,Lead exposure,Deaths,2023,2021,3393183.82993247,2515618.77601251,4240682.6817193
,Lead exposure,Deaths,2023,2023,3477003.68414069,2579310.0346376,4360538.38363421
,Tobacco,Deaths,2023,1990,5908990.90138188,5082440.49121971,6716586.57154815
,Tobacco,Deaths,2023,2005,6623864.38774445,5686953.60191319,7552357.7203638
,Tobacco,Deaths,2023,2006,6620803.78839392,5728402.95368166,7536456.06862819
,Tobacco,Deaths,2023,2010,6725333.74049568,5835215.70905551,7683086.55849151
,Tobacco,Deaths,2023,2013,6772295.03851186,5826763.05325783,7743441.48362218
,Tobacco,Deaths,2023,2015,6875517.49831203,5859516.78102022,7897292.75937413
,Tobacco,Deaths,2023,2016,7001987.56214992,5933752.89796176,8034594.38141756
,Tobacco,Deaths,2023,2017,7068313.98977959,6007835.53458392,8069620.02088135
,Tobacco,Deaths,2023,2019,6884504.73784236,5939402.9259401,7886913.64290097
,Tobacco,Deaths,2023,2021,7002337.851644,6104394.80022293,7879691.12315162
,Tobacco,Deaths,2023,2023,7372775.5179761,6358707.99906356,8510163.47448004
,Vitamin A deficiency,Deaths,2023,1990,218321.502855882,-497748.660580681,838319.352666899
,Vitamin A deficiency,Deaths,2023,2005,90647.7818632601,-198258.149453339,358347.311813606
,Vitamin A deficiency,Deaths,2023,2006,79557.6387403682,-172030.036367574,311425.768131356
,Vitamin A deficiency,Deaths,2023,2010,56769.4005985604,-111815.795677718,234630.692145157
,Vitamin A deficiency,Deaths,2023,2013,42289.8210223176,-79382.0304962258,182074.557755724
,Vitamin A deficiency,Deaths,2023,2015,33941.1671195967,-63374.6623578345,148801.333594244
,Vitamin A deficiency,Deaths,2023,2016,30107.9551380061,-55083.2278837086,133711.455228649
,Vitamin A deficiency,Deaths,2023,2017,27932.7694277096,-49181.4648364086,124021.539419488
,Vitamin A deficiency,Deaths,2023,2019,24371.3327098881,-44034.1053808138,109959.221088127
,Vitamin A deficiency,Deaths,2023,2021,18458.2517711251,-35154.8703565741,84180.5282164243
,Vitamin A deficiency,Deaths,2023,2023,20559.0819787646,-35747.2532278874,96199.5744999406
,Zinc deficiency,Deaths,2023,1990,42106.3316596039,-124592.675475126,183900.130180921
,Zinc deficiency,Deaths,2023,2005,20584.399204821,-77255.1254781788,93232.6324286942
,Zinc deficiency,Deaths,2023,2006,20192.5975447546,-72790.9302730906,89476.8512424451
,Zinc deficiency,Deaths,2023,2010,16099.2018721221,-55512.0523145818,69989.5634711614
,Zinc deficiency,Deaths,2023,2013,12776.6991740541,-46178.5357742383,58855.0955431214
,Zinc deficiency,Deaths,2023,2015,11167.6694331717,-40301.1965272598,49266.6380913548
,Zinc deficiency,Deaths,2023,2016,10453.6954406149,-38578.5999650765,45081.7568993253
,Zinc deficiency,Deaths,2023,2017,9647.79476663053,-35408.1325550093,42774.9657390025
,Zinc deficiency,Deaths,2023,2019,8084.51263568758,-30646.0806428526,37931.2694302313
,Zinc deficiency,Deaths,2023,2021,7308.98395813482,-28229.038785047,34951.9356902569
,Zinc deficiency,Deaths,2023,2023,5955.2711249736,-22372.3491682354,27287.724233876
,High fasting plasma glucose,Deaths,2023,1990,2258566.52278338,1876926.51929518,2818091.48837871
,High fasting plasma glucose,Deaths,2023,2005,3129630.89865009,2712387.93506027,3707564.35124961
,High fasting plasma glucose,Deaths,2023,2006,3191830.47314114,2781829.33308162,3799889.31355897
,High fasting plasma glucose,Deaths,2023,2010,3550230.90014733,3090805.58516545,4181093.40234883
,High fasting plasma glucose,Deaths,2023,2013,3868468.7458453,3377527.04645846,4518897.66090359
,High fasting plasma glucose,Deaths,2023,2015,4168671.55358322,3659663.82449871,4854699.89664362
,High fasting plasma glucose,Deaths,2023,2016,4325868.94745567,3800387.14183521,5040224.18704623
,High fasting plasma glucose,Deaths,2023,2017,4492036.67462855,3975004.67779434,5206756.78011952
,High fasting plasma glucose,Deaths,2023,2019,4677739.99846306,4168904.59700404,5404707.60569742
,High fasting plasma glucose,Deaths,2023,2021,5049704.8445462,4498167.95181865,5840605.7075621
,High fasting plasma glucose,Deaths,2023,2023,5342839.37968247,4734354.67455619,6148577.28682261
,Iron deficiency,Deaths,2023,1990,67300.3365165609,35474.9948082033,93321.9285089652
,Iron deficiency,Deaths,2023,2005,58666.1940921692,30748.2090577274,77232.7158045606
,Iron deficiency,Deaths,2023,2006,57431.9539706151,30213.2300685186,76283.1437634652
,Iron deficiency,Deaths,2023,2010,52794.83935439,26959.0722756728,69276.4199884749
,Iron deficiency,Deaths,2023,2013,49566.9190884133,25205.7962068386,66446.2316907451
,Iron deficiency,Deaths,2023,2015,47341.1418187073,24288.9273725964,63597.0473208041
,Iron deficiency,Deaths,2023,2016,46526.6664907923,23823.2815717018,62741.5205739275
,Iron deficiency,Deaths,2023,2017,45931.9527236249,23875.4016871434,62688.6645474143
,Iron deficiency,Deaths,2023,2019,44080.4080259369,23073.7455193198,61177.6623297104
,Iron deficiency,Deaths,2023,2021,42848.0596004738,21927.6158009447,60212.4532229356
,Iron deficiency,Deaths,2023,2023,41371.0123562904,21007.5263401606,57527.315417257
,Second-hand smoke,Deaths,2023,1990,1376233.00028427,1055666.39402059,1715955.62619525
,Second-hand smoke,Deaths,2023,2005,1451833.50350145,1132899.82443181,1754850.19865944
,Second-hand smoke,Deaths,2023,2006,1450863.39694058,1135488.68841528,1748431.94371742
,Second-hand smoke,Deaths,2023,2010,1473612.88267362,1171406.79656466,1791431.80505575
,Second-hand smoke,Deaths,2023,2013,1501234.73575813,1197332.36857986,1830284.14827609
,Second-hand smoke,Deaths,2023,2015,1525661.92219323,1212376.74207871,1861298.99371755
,Second-hand smoke,Deaths,2023,2016,1551103.59351806,1240946.31020886,1909232.13854423
,Second-hand smoke,Deaths,2023,2017,1565229.65701887,1250067.49129242,1930685.08399759
,Second-hand smoke,Deaths,2023,2019,1535083.79544318,1212953.31289596,1886325.33712853
,Second-hand smoke,Deaths,2023,2021,1544819.93509065,1213515.19884593,1896562.58811855
,Second-hand smoke,Deaths,2023,2023,1661777.76637902,1334056.17393464,2070201.65732746
,Drug use,Deaths,2023,1990,191484.756755222,160219.639940093,222669.510562049
,Drug use,Deaths,2023,2005,353097.041733228,310900.949156613,401927.641223906
,Drug use,Deaths,2023,2006,356811.676530933,311328.173849849,405062.98037214
,Drug use,Deaths,2023,2010,370292.81582763,320450.541968075,418300.885864968
,Drug use,Deaths,2023,2013,381909.733007128,334306.485821418,430517.106749486
,Drug use,Deaths,2023,2015,402938.815130484,355325.194788563,452990.253200208
,Drug use,Deaths,2023,2016,415837.178877257,367376.923789674,467567.354758666
,Drug use,Deaths,2023,2017,426048.309767308,376661.621347595,477429.065910341
,Drug use,Deaths,2023,2019,440432.699038226,390221.27104439,490935.747231514
,Drug use,Deaths,2023,2021,477357.529403095,427327.585039463,528895.838625821
,Drug use,Deaths,2023,2023,492069.134911438,439901.878936228,548897.017818627
,Low bone mineral density,Deaths,2023,1990,209838.209603461,177004.932038785,235671.832562788
,Low bone mineral density,Deaths,2023,2005,297002.928686299,254603.115299433,339056.396530388
,Low bone mineral density,Deaths,2023,2006,304452.789796303,261724.764551709,349245.654803626
,Low bone mineral density,Deaths,2023,2010,332160.909723537,283392.481766878,376879.144848038
,Low bone mineral density,Deaths,2023,2013,350442.669866628,300008.678888328,401337.91835386
,Low bone mineral density,Deaths,2023,2015,375514.684595894,318823.046130991,434777.334916592
,Low bone mineral density,Deaths,2023,2016,389801.228793122,330004.89373474,450905.724268954
,Low bone mineral density,Deaths,2023,2017,405575.767318187,342083.374718742,467618.26802913
,Low bone mineral density,Deaths,2023,2019,417686.97678426,349216.533980741,484166.62824126
,Low bone mineral density,Deaths,2023,2021,452689.499586308,378387.946118986,526070.052914624
,Low bone mineral density,Deaths,2023,2023,483039.426889991,397763.408225362,574015.600077475
,High alcohol use,Deaths,2023,1990,1010971.64179941,748636.600865512,1403617.86368889
,High alcohol use,Deaths,2023,2005,1313517.8981212,1050281.46947763,1736964.83667018
,High alcohol use,Deaths,2023,2006,1305227.1366382,1041736.78180015,1735508.26021543
,High alcohol use,Deaths,2023,2010,1288913.46152667,1028828.15599215,1715098.97270773
,High alcohol use,Deaths,2023,2013,1224614.41005931,968058.490731454,1644140.45234433
,High alcohol use,Deaths,2023,2015,1238478.65932676,972744.432169197,1673107.11263101
,High alcohol use,Deaths,2023,2016,1249103.31150146,977917.987836718,1692737.71263264
,High alcohol use,Deaths,2023,2017,1252378.94657892,978173.904868156,1702010.74048645
,High alcohol use,Deaths,2023,2019,1234358.45799869,965310.294670683,1677122.53390148
,High alcohol use,Deaths,2023,2021,1272151.49522358,981252.608305706,1724537.05459092
,High alcohol use,Deaths,2023,2023,1294688.96302228,995352.258653639,1764679.74609118
,Metabolic risks,Deaths,2023,1990,11079387.8196152,9909379.96249079,12210267.1163599
,Metabolic risks,Deaths,2023,2005,13413246.91259,12335513.2593955,14555466.009357
,Metabolic risks,Deaths,2023,2006,13572357.5693714,12463089.5357367,14731924.2092703
,Metabolic risks,Deaths,2023,2010,14509742.669579,13235023.2530363,15703916.8995561
,Metabolic risks,Deaths,2023,2013,15413654.8462655,14101238.4494887,16627020.1457826
,Metabolic risks,Deaths,2023,2015,16240230.8485634,14909784.0495701,17494057.7201206
,Metabolic risks,Deaths,2023,2016,16720898.6897409,15348903.7606604,17997255.8297275
,Metabolic risks,Deaths,2023,2017,17134993.6763805,15776250.1427718,18348187.4826105
,Metabolic risks,Deaths,2023,2019,17151123.7551068,15788211.6885196,18389882.2297941
,Metabolic risks,Deaths,2023,2021,18315130.5351789,16821023.5830963,19747525.3990408
,Metabolic risks,Deaths,2023,2023,19020776.6890038,17278812.2171171,20554778.8859258
,High systolic blood pressure,Deaths,2023,1990,7221885.71686223,5647618.63228414,8737729.56477249
,High systolic blood pressure,Deaths,2023,2005,8311587.38747656,6728917.70173614,9742098.66699229
,High systolic blood pressure,Deaths,2023,2006,8393725.21255698,6764206.75014377,9847682.8069405
,High systolic blood pressure,Deaths,2023,2010,8864176.35519808,7407754.41393721,10200408.522325
,High systolic blood pressure,Deaths,2023,2013,9311551.44304847,7753296.25038844,10661644.7628242
,High systolic blood pressure,Deaths,2023,2015,9724656.49069728,8052975.26580935,11139249.9702609
,High systolic blood pressure,Deaths,2023,2016,9986210.46980844,8309793.03505184,11432158.3158084
,High systolic blood pressure,Deaths,2023,2017,10187968.579347,8491027.50383033,11604023.9544523
,High systolic blood pressure,Deaths,2023,2019,10010947.6947849,8325504.52707772,11402815.0102145
,High systolic blood pressure,Deaths,2023,2021,10651053.0935043,8770827.86120141,12217676.125034
,High systolic blood pressure,Deaths,2023,2023,10998071.5713035,8975774.32681606,12811685.094701
,Diet low in whole grains,Deaths,2023,1990,761703.727910283,315097.8832092,1227415.21402624
,Diet low in whole grains,Deaths,2023,2005,910471.876155499,390088.536922989,1539716.37855774
,Diet low in whole grains,Deaths,2023,2006,916662.324491804,398494.493664283,1528870.0057954
,Diet low in whole grains,Deaths,2023,2010,958355.89346618,418150.558776737,1588374.67994694
,Diet low in whole grains,Deaths,2023,2013,1021368.82100203,451237.500169233,1679441.07935836
,Diet low in whole grains,Deaths,2023,2015,1058557.43137578,467308.842329745,1726137.55931824
,Diet low in whole grains,Deaths,2023,2016,1085139.51748019,476988.446784119,1768420.13995178
,Diet low in whole grains,Deaths,2023,2017,1101472.04454006,481205.170458016,1801994.68514341
,Diet low in whole grains,Deaths,2023,2019,1082876.79647171,473420.847269496,1728729.007289
,Diet low in whole grains,Deaths,2023,2021,1156802.35798196,508858.520914789,1835818.11262995
,Diet low in whole grains,Deaths,2023,2023,1189943.1134646,536199.821215898,1870071.77165641
,High body-mass index,Deaths,2023,1990,1416790.36133955,729467.152963293,2131657.11936756
,High body-mass index,Deaths,2023,2005,2129832.56747313,1098497.82867217,3115381.71181732
,High body-mass index,Deaths,2023,2006,2169835.26357456,1128684.07456654,3197491.8264099
,High body-mass index,Deaths,2023,2010,2429678.59120616,1276181.23895666,3546277.05312971
,High body-mass index,Deaths,2023,2013,2652144.84059324,1382012.10079193,3884677.2018948
,High body-mass index,Deaths,2023,2015,2861077.14974511,1486827.89686138,4148471.14377361
,High body-mass index,Deaths,2023,2016,2955329.99251397,1551349.63387731,4246617.38062927
,High body-mass index,Deaths,2023,2017,3056562.84032193,1613862.36731621,4368723.81292107
,High body-mass index,Deaths,2023,2019,3200478.42653105,1702388.63692512,4561539.58786542
,High body-mass index,Deaths,2023,2021,3460121.63014026,1868500.40471535,4977053.36992864
,High body-mass index,Deaths,2023,2023,3679554.79366409,2002301.04492138,5222850.83369131
,Diet low in fruits,Deaths,2023,1990,1151688.53508389,424854.491614555,1830758.10296392
,Diet low in fruits,Deaths,2023,2005,1297114.07041054,521827.07050055,1996804.81772822
,Diet low in fruits,Deaths,2023,2006,1315913.97946378,524767.923776532,2031561.81201009
,Diet low in fruits,Deaths,2023,2010,1393109.78797844,544285.784078719,2160986.27828379
,Diet low in fruits,Deaths,2023,2013,1489250.68828675,579016.311411125,2277370.99901448
,Diet low in fruits,Deaths,2023,2015,1555114.52545664,609767.740373595,2394509.87324422
,Diet low in fruits,Deaths,2023,2016,1605597.45701619,630911.928940087,2486743.5914534
,Diet low in fruits,Deaths,2023,2017,1635286.63198543,642266.380133151,2558725.16083648
,Diet low in fruits,Deaths,2023,2019,1607015.48194635,649477.084525185,2491405.30894703
,Diet low in fruits,Deaths,2023,2021,1737330.74879548,736214.588786968,2679562.96602271
,Diet low in fruits,Deaths,2023,2023,1763968.3985265,739975.650245814,2790818.169569
,Dietary risks,Deaths,2023,1990,5035041.31376714,1979483.00449405,7071118.89238405
,Dietary risks,Deaths,2023,2005,5658322.18475264,2250888.1335173,7989035.2667207
,Dietary risks,Deaths,2023,2006,5701866.09430037,2234731.59902186,8108677.62375612
,Dietary risks,Deaths,2023,2010,5957257.1885142,2322221.31810889,8404263.24094889
,Dietary risks,Deaths,2023,2013,6294556.23908971,2561525.10314557,8827398.87867534
,Dietary risks,Deaths,2023,2015,6547181.30596036,2805756.68056893,9291486.9790779
,Dietary risks,Deaths,2023,2016,6722899.81118542,2896981.0835863,9548830.5034735
,Dietary risks,Deaths,2023,2017,6844329.66020335,2973717.42060145,9801780.63517944
,Dietary risks,Deaths,2023,2019,6711823.22805313,2895459.47221818,9578370.60765987
,Dietary risks,Deaths,2023,2021,7191079.07438282,3069329.58263996,10320916.9865842
,Dietary risks,Deaths,2023,2023,7346822.09868387,3099026.57219441,10674756.0052549
,Diet high in processed meat,Deaths,2023,1990,217546.226076415,34129.8906696526,390427.242618924
,Diet high in processed meat,Deaths,2023,2005,241329.356538869,70269.4674362284,412839.300017391
,Diet high in processed meat,Deaths,2023,2006,238122.355415247,71975.8620129575,410105.659968901
,Diet high in processed meat,Deaths,2023,2010,239662.823601788,86101.9846199738,397470.620542533
,Diet high in processed meat,Deaths,2023,2013,243863.084752992,96366.6273109633,395339.464893398
,Diet high in processed meat,Deaths,2023,2015,254712.66161669,98528.6613549856,398878.948225581
,Diet high in processed meat,Deaths,2023,2016,258703.469976794,102354.380891911,407677.929327932
,Diet high in processed meat,Deaths,2023,2017,265224.142703693,108570.324175438,420782.894163066
,Diet high in processed meat,Deaths,2023,2019,274159.646133656,116785.778058929,437246.739609567
,Diet high in processed meat,Deaths,2023,2021,290006.523393307,126645.507123041,463714.005612778
,Diet high in processed meat,Deaths,2023,2023,307069.291638428,139351.597416982,509075.273577998
,Diet low in milk,Deaths,2023,1990,78084.591797121,26162.7664770277,126807.776886047
,Diet low in milk,Deaths,2023,2005,104922.718910315,38374.5185256411,163086.64767877
,Diet low in milk,Deaths,2023,2006,106834.168013539,39016.1761969532,166769.657229557
,Diet low in milk,Deaths,2023,2010,116299.233639665,41837.4836941016,183080.422755014
,Diet low in milk,Deaths,2023,2013,121094.761190946,43505.139033959,188375.56837498
,Diet low in milk,Deaths,2023,2015,127507.302930491,45074.734663356,199436.272187693
,Diet low in milk,Deaths,2023,2016,131337.108000183,45857.4940529212,206286.152794906
,Diet low in milk,Deaths,2023,2017,134987.19130199,47054.3017325235,212673.136643475
,Diet low in milk,Deaths,2023,2019,136734.816064908,48493.7399667206,215443.326795026
,Diet low in milk,Deaths,2023,2021,145828.191767371,52346.937514468,231586.025202458
,Diet low in milk,Deaths,2023,2023,156795.0148798,56315.9100405512,248691.739537916
,Diet low in nuts and seeds,Deaths,2023,1990,709771.004321062,200496.430841957,1166219.97566416
,Diet low in nuts and seeds,Deaths,2023,2005,766877.324592357,224619.86815115,1277809.58589611
,Diet low in nuts and seeds,Deaths,2023,2006,768997.870734775,224167.343565548,1271456.29813558
,Diet low in nuts and seeds,Deaths,2023,2010,780593.829636901,217831.307915652,1300066.61428918
,Diet low in nuts and seeds,Deaths,2023,2013,821027.014812851,228028.215846192,1361871.11670165
,Diet low in nuts and seeds,Deaths,2023,2015,833020.803207265,228022.007093924,1395568.72099587
,Diet low in nuts and seeds,Deaths,2023,2016,845711.402003448,231743.480603776,1423242.17496616
,Diet low in nuts and seeds,Deaths,2023,2017,845698.218018701,232709.674737304,1423926.87457236
,Diet low in nuts and seeds,Deaths,2023,2019,818430.351081545,229041.78530647,1376160.54449416
,Diet low in nuts and seeds,Deaths,2023,2021,876495.266671717,247397.091796377,1474707.69047542
,Diet low in nuts and seeds,Deaths,2023,2023,884737.73530599,253652.387073351,1531622.40805804
,Diet low in vegetables,Deaths,2023,1990,620753.09974861,294687.073112521,987772.815032814
,Diet low in vegetables,Deaths,2023,2005,694310.433962012,356249.736132604,1062706.43570897
,Diet low in vegetables,Deaths,2023,2006,703976.829625787,361743.437412256,1066526.98544481
,Diet low in vegetables,Deaths,2023,2010,742024.046634152,406841.246842265,1119397.64264179
,Diet low in vegetables,Deaths,2023,2013,776522.301435844,429810.251192304,1140606.3090876
,Diet low in vegetables,Deaths,2023,2015,806537.068425737,451423.479458274,1186887.43695791
,Diet low in vegetables,Deaths,2023,2016,821747.650306033,463866.368822201,1212511.12996815
,Diet low in vegetables,Deaths,2023,2017,834859.65188979,474530.09911048,1231890.1696519
,Diet low in vegetables,Deaths,2023,2019,841099.925996927,478820.863567973,1230493.49393038
,Diet low in vegetables,Deaths,2023,2021,902577.053431622,511705.444240334,1349711.9806334
,Diet low in vegetables,Deaths,2023,2023,933564.222646574,532011.362423504,1365700.10979821
,Diet low in polyunsaturated fatty acids,Deaths,2023,1990,391817.088569759,-1192915.86922543,1491216.15540957
,Diet low in polyunsaturated fatty acids,Deaths,2023,2005,452468.414246482,-1269271.2958177,1727304.79824943
,Diet low in polyunsaturated fatty acids,Deaths,2023,2006,455819.42358102,-1274049.39468597,1739983.00612537
,Diet low in polyunsaturated fatty acids,Deaths,2023,2010,465540.927563229,-1240232.77316493,1818097.22479106
,Diet low in polyunsaturated fatty acids,Deaths,2023,2013,493311.984910497,-1297685.70716586,1932996.0241792
,Diet low in polyunsaturated fatty acids,Deaths,2023,2015,502515.576598653,-1314166.3786997,1987034.06047365
,Diet low in polyunsaturated fatty acids,Deaths,2023,2016,509443.433779324,-1339150.37601618,1996754.90476047
,Diet low in polyunsaturated fatty acids,Deaths,2023,2017,508536.802586992,-1329801.92126228,1995366.01859053
,Diet low in polyunsaturated fatty acids,Deaths,2023,2019,491045.784572282,-1267377.64880669,1896188.92919642
,Diet low in polyunsaturated fatty acids,Deaths,2023,2021,525224.112158484,-1387854.55025857,2042933.96899512
,Diet low in polyunsaturated fatty acids,Deaths,2023,2023,523415.426020975,-1431021.66099378,2047611.97861958
,Diet low in fiber,Deaths,2023,1990,406964.216527462,119332.902966432,878835.675829808
,Diet low in fiber,Deaths,2023,2005,430864.680334822,132744.197211101,835895.305510399
,Diet low in fiber,Deaths,2023,2006,429352.568284386,129288.816233291,809734.897382479
,Diet low in fiber,Deaths,2023,2010,422498.093893512,120849.765116585,816640.381358156
,Diet low in fiber,Deaths,2023,2013,434758.252530063,129302.166996348,900164.525042164
,Diet low in fiber,Deaths,2023,2015,437828.040373627,133662.448822135,933350.598557546
,Diet low in fiber,Deaths,2023,2016,443250.555864297,132723.962089953,957070.750646814
,Diet low in fiber,Deaths,2023,2017,441155.816147678,130941.053814694,955463.981127717
,Diet low in fiber,Deaths,2023,2019,423552.324123842,119653.088060117,909025.875488601
,Diet low in fiber,Deaths,2023,2021,451207.578861854,122530.10271593,1020897.97314484
,Diet low in fiber,Deaths,2023,2023,453169.00922195,126935.827029265,986025.498418398
,Diet high in sugar sweetened beverages,Deaths,2023,1990,59967.6803001649,20728.0390958019,127510.814259599
,Diet high in sugar sweetened beverages,Deaths,2023,2005,88795.8168508569,45932.1000647755,137387.722782977
,Diet high in sugar sweetened beverages,Deaths,2023,2006,90185.9572074945,47326.2667861085,135671.193586428
,Diet high in sugar sweetened beverages,Deaths,2023,2010,100244.515532229,56084.2799751311,151764.142159114
,Diet high in sugar sweetened beverages,Deaths,2023,2013,109966.285049157,62387.4612913661,165855.538623219
,Diet high in sugar sweetened beverages,Deaths,2023,2015,119856.880535633,66930.7735262234,176536.597394737
,Diet high in sugar sweetened beverages,Deaths,2023,2016,124829.767559172,70498.1853906469,182621.412527106
,Diet high in sugar sweetened beverages,Deaths,2023,2017,129960.354803728,72204.0497971522,191416.792265634
,Diet high in sugar sweetened beverages,Deaths,2023,2019,138793.586151337,76105.4089848359,202570.574124264
,Diet high in sugar sweetened beverages,Deaths,2023,2021,151777.349013913,85667.5807907353,225165.245955183
,Diet high in sugar sweetened beverages,Deaths,2023,2023,160106.910138102,88685.9963763217,237826.768969857
,Diet high in red meat,Deaths,2023,1990,179873.095698063,-3.29109243e-08,282956.022256181
,Diet high in red meat,Deaths,2023,2005,211696.26768793,-1.0937311e-09,305105.324129866
,Diet high in red meat,Deaths,2023,2006,214896.938891633,2.4575274e-09,305573.0371863
,Diet high in red meat,Deaths,2023,2010,240140.175513581,2.1737672e-09,329787.505798755
,Diet high in red meat,Deaths,2023,2013,265356.647666135,2.5144681e-09,362712.081004013
,Diet high in red meat,Deaths,2023,2015,283238.935776324,8.0901883e-09,383718.271761651
,Diet high in red meat,Deaths,2023,2016,291013.719137765,1.2597387e-09,396136.753535677
,Diet high in red meat,Deaths,2023,2017,301484.653036042,2.1995638e-09,414806.968515395
,Diet high in red meat,Deaths,2023,2019,314906.868582953,4.4142204e-09,430867.696183522
,Diet high in red meat,Deaths,2023,2021,337816.221008896,3.3453321e-09,477931.633761008
,Diet high in red meat,Deaths,2023,2023,364148.935331213,2.772286e-09,517434.787975671
,Occupational risks,Deaths,2023,1990,1142862.7679744,955573.515146363,1321024.2905581
,Occupational risks,Deaths,2023,2005,1151427.69792108,975598.514711525,1367319.72958175
,Occupational risks,Deaths,2023,2006,1159681.89207605,987641.492420389,1364399.34502223
,Occupational risks,Deaths,2023,2010,1154930.48299342,996294.933129702,1359213.57446845
,Occupational risks,Deaths,2023,2013,1132680.1075569,951478.00453551,1318476.43557286
,Occupational risks,Deaths,2023,2015,1113648.73220498,939347.772373639,1308262.84373837
,Occupational risks,Deaths,2023,2016,1115918.22441235,941722.516727428,1309666.53207572
,Occupational risks,Deaths,2023,2017,1114862.96035366,941156.330712527,1309698.57559441
,Occupational risks,Deaths,2023,2019,1090501.80517306,919118.40633299,1300185.04415877
,Occupational risks,Deaths,2023,2021,1131227.95984795,965234.445104424,1315273.43657261
,Occupational risks,Deaths,2023,2023,1158572.53789102,957835.007753468,1376568.41070052
,Diet high in trans fatty acids,Deaths,2023,1990,387018.738240426,17534.7402280707,762294.630887846
,Diet high in trans fatty acids,Deaths,2023,2005,426162.415307834,19029.0151426145,864735.791244189
,Diet high in trans fatty acids,Deaths,2023,2006,425183.975070531,18213.5197220363,826986.623612542
,Diet high in trans fatty acids,Deaths,2023,2010,424689.204799984,20256.8858749493,841793.598681507
,Diet high in trans fatty acids,Deaths,2023,2013,454219.099265702,23681.9354045031,906835.744371708
,Diet high in trans fatty acids,Deaths,2023,2015,464633.138731457,23976.873833806,898655.181287763
,Diet high in trans fatty acids,Deaths,2023,2016,475295.074095205,25020.0485598361,930968.485258838
,Diet high in trans fatty acids,Deaths,2023,2017,479766.46145951,26312.0044544689,919654.336904222
,Diet high in trans fatty acids,Deaths,2023,2019,414415.813391315,22552.3406748645,800470.294548356
,Diet high in trans fatty acids,Deaths,2023,2021,451451.900065523,22687.5985423702,889469.5585046
,Diet high in trans fatty acids,Deaths,2023,2023,389238.135450795,20866.0930470164,760535.909433043
,"Occupational particulate matter, gases, and fumes",Deaths,2023,1990,141431.293268592,51286.6098437216,264461.860067537
,"Occupational particulate matter, gases, and fumes",Deaths,2023,2005,201324.712465397,67301.7547236387,376096.553027621
,"Occupational particulate matter, gases, and fumes",Deaths,2023,2006,198901.539474664,66775.7258702064,372352.278278825
,"Occupational particulate matter, gases, and fumes",Deaths,2023,2010,200605.659137286,65634.6326431733,373810.117567418
,"Occupational particulate matter, gases, and fumes",Deaths,2023,2013,197015.718397294,63126.4106207561,366149.445469508
,"Occupational particulate matter, gases, and fumes",Deaths,2023,2015,197922.083442497,64481.8035767763,372313.623999141
,"Occupational particulate matter, gases, and fumes",Deaths,2023,2016,200406.851752345,63728.1609701478,381194.956405677
,"Occupational particulate matter, gases, and fumes",Deaths,2023,2017,203364.987185463,64353.3586131939,391550.877901892
,"Occupational particulate matter, gases, and fumes",Deaths,2023,2019,206376.865834768,66612.7775528565,390859.807657393
,"Occupational particulate matter, gases, and fumes",Deaths,2023,2021,193444.59459526,60976.7829502547,370803.905403612
,"Occupational particulate matter, gases, and fumes",Deaths,2023,2023,228603.66600131,73117.0592675052,436518.128621065
,Diet high in sodium,Deaths,2023,1990,1303291.88275447,240032.171183628,3022009.94396095
,Diet high in sodium,Deaths,2023,2005,1320273.8026465,215687.98387358,3221843.5179788
,Diet high in sodium,Deaths,2023,2006,1323655.546579,212192.112955899,3253397.88395783
,Diet high in sodium,Deaths,2023,2010,1375188.74100644,225819.300514798,3388986.27723052
,Diet high in sodium,Deaths,2023,2013,1427266.848212,227260.815272595,3550986.44515114
,Diet high in sodium,Deaths,2023,2015,1489969.46444691,235881.422815736,3690755.88421137
,Diet high in sodium,Deaths,2023,2016,1543363.23583236,238590.634374261,3815104.5642381
,Diet high in sodium,Deaths,2023,2017,1580754.51874571,239999.095994691,3894428.22779876
,Diet high in sodium,Deaths,2023,2019,1524728.31243411,226186.762970715,3785010.63166736
,Diet high in sodium,Deaths,2023,2021,1635133.73483857,241885.344769821,4066891.17782948
,Diet high in sodium,Deaths,2023,2023,1672000.56072272,245561.922879979,4154920.22686427
,Occupational carcinogens,Deaths,2023,1990,204779.084370754,162989.055838142,247095.557900031
,Occupational carcinogens,Deaths,2023,2005,258806.340605287,206368.824298252,307119.405054328
,Occupational carcinogens,Deaths,2023,2006,263959.794157259,210749.075496343,312810.459812029
,Occupational carcinogens,Deaths,2023,2010,286305.968747687,228650.052471226,337948.63732261
,Occupational carcinogens,Deaths,2023,2013,304525.253920175,243804.136150464,359693.689649966
,Occupational carcinogens,Deaths,2023,2015,311074.155737913,249576.274960481,367139.610848114
,Occupational carcinogens,Deaths,2023,2016,315771.080277292,252018.341359152,372198.663755709
,Occupational carcinogens,Deaths,2023,2017,320819.616217075,258212.394888028,378443.437516668
,Occupational carcinogens,Deaths,2023,2019,316319.374524681,255444.774151237,375680.920498506
,Occupational carcinogens,Deaths,2023,2021,328832.276112239,267861.182227287,391894.00681752
,Occupational carcinogens,Deaths,2023,2023,348225.120923467,273241.898579339,418393.773485701
,Diet low in seafood omega-3 fatty acids,Deaths,2023,1990,489217.539919254,120260.457764529,928254.113196536
,Diet low in seafood omega-3 fatty acids,Deaths,2023,2005,529208.909146104,108815.531575926,982367.924395227
,Diet low in seafood omega-3 fatty acids,Deaths,2023,2006,527254.518761885,109013.569220741,979259.589244632
,Diet low in seafood omega-3 fatty acids,Deaths,2023,2010,511547.577581244,114333.406019646,987615.89127913
,Diet low in seafood omega-3 fatty acids,Deaths,2023,2013,528098.975320374,124540.888436391,1040998.72848097
,Diet low in seafood omega-3 fatty acids,Deaths,2023,2015,529564.117520351,128283.512541354,1048678.63880523
,Diet low in seafood omega-3 fatty acids,Deaths,2023,2016,534649.702346247,132175.453775377,1053848.26265988
,Diet low in seafood omega-3 fatty acids,Deaths,2023,2017,531176.53737701,132278.430545854,1040703.94833307
,Diet low in seafood omega-3 fatty acids,Deaths,2023,2019,499300.755459036,122642.868647438,959056.663736266
,Diet low in seafood omega-3 fatty acids,Deaths,2023,2021,524272.870063445,127017.976357132,1023124.72546347
,Diet low in seafood omega-3 fatty acids,Deaths,2023,2023,521498.67692551,132450.425185383,1047911.20994965
,Occupational injuries,Deaths,2023,1990,770041.623086011,643905.759476805,901792.679029488
,Occupational injuries,Deaths,2023,2005,660159.0072604,579647.563416253,731009.752167542
,Occupational injuries,Deaths,2023,2006,665426.964251117,587206.866441085,735421.239633601
,Occupational injuries,Deaths,2023,2010,636806.927053527,548942.7534351,708800.106564753
,Occupational injuries,Deaths,2023,2013,599390.241707724,527465.772220603,673722.084603558
,Occupational injuries,Deaths,2023,2015,573626.12817023,496972.452642434,644399.435116163
,Occupational injuries,Deaths,2023,2016,568781.765323945,496385.00648778,637698.028357817
,Occupational injuries,Deaths,2023,2017,560304.430505314,488088.185648974,641965.698300054
,Occupational injuries,Deaths,2023,2019,537926.589249946,450390.266118731,617780.681247855
,Occupational injuries,Deaths,2023,2021,580889.626931308,488755.757105951,669498.522112599
,Occupational injuries,Deaths,2023,2023,550628.182233492,454727.967405336,634881.412281925
,Low physical activity,Deaths,2023,1990,362190.925975111,138722.524633605,571793.693738705
,Low physical activity,Deaths,2023,2005,449905.762475524,179255.550977004,708960.101264397
,Low physical activity,Deaths,2023,2006,456340.756407594,182742.789855016,714029.474090694
,Low physical activity,Deaths,2023,2010,491999.901159999,195046.123644754,764892.49889259
,Low physical activity,Deaths,2023,2013,528669.62984873,208987.808551609,822975.968735902
,Low physical activity,Deaths,2023,2015,561301.832371936,222094.84913044,891511.468292664
,Low physical activity,Deaths,2023,2016,578074.845829811,229359.978434532,920751.266214767
,Low physical activity,Deaths,2023,2017,594759.825380416,237483.365055869,936265.748425695
,Low physical activity,Deaths,2023,2019,601701.30562293,243739.505704938,928488.52134379
,Low physical activity,Deaths,2023,2021,635882.857057291,258683.727155689,985240.982216516
,Low physical activity,Deaths,2023,2023,670086.822616748,276153.55593431,1034962.83112973
,Diet low in calcium,Deaths,2023,1990,53344.244366577,39183.7636474043,70441.1168628661
,Diet low in calcium,Deaths,2023,2005,60103.6067620861,44998.5516051974,78033.4376246946
,Diet low in calcium,Deaths,2023,2006,60638.4280722938,45508.6185253646,77985.5379923824
,Diet low in calcium,Deaths,2023,2010,63501.8118852927,47307.6519874853,81039.2189556454
,Diet low in calcium,Deaths,2023,2013,64761.9648466514,47249.8407379845,82221.5638583199
,Diet low in calcium,Deaths,2023,2015,67208.9009668913,48540.0815134089,85386.5537685917
,Diet low in calcium,Deaths,2023,2016,68602.2508509459,49044.8820529228,87016.5825351217
,Diet low in calcium,Deaths,2023,2017,69924.0009766073,49786.4404795387,89017.99054733
,Diet low in calcium,Deaths,2023,2019,70451.0229055554,50483.1698162616,90331.076649567
,Diet low in calcium,Deaths,2023,2021,75283.7676090376,55318.7845470806,96746.3933443636
,Diet low in calcium,Deaths,2023,2023,80986.3020901851,60859.4188024898,103916.357718629
,Occupational asthmagens,Deaths,2023,1990,26610.7672490407,14616.3664654877,39923.8938801636
,Occupational asthmagens,Deaths,2023,2005,31137.6375899973,19015.9158189647,46438.1803150478
,Occupational asthmagens,Deaths,2023,2006,31393.5941930121,19355.307058769,47935.4860756137
,Occupational asthmagens,Deaths,2023,2010,31211.9280549202,20732.6614561836,47444.2595441957
,Occupational asthmagens,Deaths,2023,2013,31748.8935317147,21199.5112783367,45519.5609351974
,Occupational asthmagens,Deaths,2023,2015,31026.3648543463,21717.9875634062,43796.5614510731
,Occupational asthmagens,Deaths,2023,2016,30958.5270587737,21933.8900320312,43294.3606931094
,Occupational asthmagens,Deaths,2023,2017,30373.9264458091,21830.447372695,41934.7927894415
,Occupational asthmagens,Deaths,2023,2019,29878.9755636703,21450.1723686108,41725.0030238021
,Occupational asthmagens,Deaths,2023,2021,28061.4622091447,20445.2271621752,40343.8490983272
,Occupational asthmagens,Deaths,2023,2023,31115.5687327514,21396.8095603039,46205.0396968757
,Intimate partner violence,Deaths,2023,1990,137953.484874801,-14039.2726176857,301117.778381786
,Intimate partner violence,Deaths,2023,2005,208213.46587205,3236.30123322812,450166.873616
,Intimate partner violence,Deaths,2023,2006,197866.285492759,2898.13091969384,427164.068831808
,Intimate partner violence,Deaths,2023,2010,165373.414311802,7145.8874961336,352194.884196502
,Intimate partner violence,Deaths,2023,2013,150648.019965164,5565.72325538922,327528.757741678
,Intimate partner violence,Deaths,2023,2015,146375.032821507,6384.23904352184,319551.468155397
,Intimate partner violence,Deaths,2023,2016,145723.756758026,7284.44310858458,317143.358131049
,Intimate partner violence,Deaths,2023,2017,145527.874463075,7851.80684971385,316171.147321946
,Intimate partner violence,Deaths,2023,2019,143810.763447398,10741.0825874273,312269.945800068
,Intimate partner violence,Deaths,2023,2021,144820.463127014,12494.5326435864,306357.130445965
,Intimate partner violence,Deaths,2023,2023,144839.40174917,9178.50122132648,300622.072284252
,All risk factors,Deaths,2023,1990,28900960.8443044,27807053.9347093,30100297.0653248
,All risk factors,Deaths,2023,2005,30717277.4145481,29574531.6249861,31825960.1431415
,All risk factors,Deaths,2023,2006,30627855.5767024,29350397.3961188,31732103.6450651
,All risk factors,Deaths,2023,2010,30980894.3392185,29741580.6863904,32056542.2727797
,All risk factors,Deaths,2023,2013,31282103.8735478,30022567.5676586,32386444.7867153
,All risk factors,Deaths,2023,2015,32047225.6947186,30744665.1347949,33105456.8911576
,All risk factors,Deaths,2023,2016,32588979.2846481,31273800.5261768,33719118.7228946
,All risk factors,Deaths,2023,2017,32988464.4012678,31724852.9849799,34187623.7121304
,All risk factors,Deaths,2023,2019,32562444.9891496,31093852.9271689,33615436.5222799
,All risk factors,Deaths,2023,2021,33395170.4516093,31881454.8215742,34471800.0008331
,All risk factors,Deaths,2023,2023,34768400.0495137,33129071.0810326,36119705.8126425
,Unsafe sex,Deaths,2023,1990,462127.182584428,411687.280109846,525390.054629657
,Unsafe sex,Deaths,2023,2005,1568154.98209492,1481575.24925359,1672635.16341438
,Unsafe sex,Deaths,2023,2006,1494881.88885691,1415000.15781672,1605275.13014917
,Unsafe sex,Deaths,2023,2010,1224266.88447587,1150587.72518973,1338848.75527442
,Unsafe sex,Deaths,2023,2013,1116519.46719009,1030975.31672782,1233201.95889735
,Unsafe sex,Deaths,2023,2015,1091281.07063298,989475.008957312,1219576.63217401
,Unsafe sex,Deaths,2023,2016,1090201.65435421,982738.395226229,1227826.8009188501
,Unsafe sex,Deaths,2023,2017,1082427.08389847,968226.794774325,1224309.8573022
,Unsafe sex,Deaths,2023,2019,1071883.30091244,955822.647608835,1207692.59842968
,Unsafe sex,Deaths,2023,2021,1049434.47069777,916585.730740639,1190294.79097993
,Unsafe sex,Deaths,2023,2023,1071314.84772921,938777.524833866,1210034.25723587
,Environmental/occupational risks,Deaths,2023,1990,13481223.3878461,12097480.5340899,14702170.6809317
,Environmental/occupational risks,Deaths,2023,2005,13387911.8172059,12047858.687268,14644377.6979992
,Environmental/occupational risks,Deaths,2023,2006,13349374.3257238,12013450.5929142,14592114.6814466
,Environmental/occupational risks,Deaths,2023,2010,13467015.3487799,12090432.3762637,14730378.3355728
,Environmental/occupational risks,Deaths,2023,2013,13498675.4702042,12163130.9567568,14846177.9521675
,Environmental/occupational risks,Deaths,2023,2015,13652135.9829849,12205191.1191942,14990311.7753141
,Environmental/occupational risks,Deaths,2023,2016,13842472.352147,12370714.4465537,15228860.5022667
,Environmental/occupational risks,Deaths,2023,2017,13886643.9434388,12392956.171645,15285662.0106158
,Environmental/occupational risks,Deaths,2023,2019,13378861.5283276,11947806.4244834,14803154.1422924
,Environmental/occupational risks,Deaths,2023,2021,13414687.7397944,12002454.601249,14817607.6203724
,Environmental/occupational risks,Deaths,2023,2023,13888792.5821059,12441735.9989858,15368436.5844559
,Behavioural risks,Deaths,2023,1990,18857445.2103741,15992358.1858202,20707485.1018042
,Behavioural risks,Deaths,2023,2005,19061571.9209041,15972408.0381275,21314623.3808578
,Behavioural risks,Deaths,2023,2006,18880458.3205965,15776443.4771548,21144472.8095531
,Behavioural risks,Deaths,2023,2010,18547566.7589732,15281094.9362665,20974633.8108278
,Behavioural risks,Deaths,2023,2013,18393145.4607252,14851708.3712631,20968850.6582368
,Behavioural risks,Deaths,2023,2015,18587066.5165139,14960801.3276175,21267238.9287895
,Behavioural risks,Deaths,2023,2016,18794802.8094597,15126035.5460888,21586038.7992846
,Behavioural risks,Deaths,2023,2017,18895108.4689021,15168601.7246203,21757863.0187625
,Behavioural risks,Deaths,2023,2019,18407767.0322364,14653138.5476232,21115190.4980338
,Behavioural risks,Deaths,2023,2021,18698746.2613143,14934533.542355,21447356.0086142
,Behavioural risks,Deaths,2023,2023,19290429.6503878,15443969.077912,22242121.0603084
,No access to handwashing facility,Deaths,2023,1990,1238427.05886158,-210351.167192745,2491439.3299616
,No access to handwashing facility,Deaths,2023,2005,785258.950431426,-169590.149419451,1654251.65338349
,No access to handwashing facility,Deaths,2023,2006,768129.228923488,-165949.195635008,1630851.95820983
,No access to handwashing facility,Deaths,2023,2010,674833.96166088,-154433.238446729,1391093.11196037
,No access to handwashing facility,Deaths,2023,2013,601947.271751694,-152323.145684436,1269712.06588402
,No access to handwashing facility,Deaths,2023,2015,561062.356699008,-158542.787388368,1189799.25232948
,No access to handwashing facility,Deaths,2023,2016,541587.577311878,-159116.43873517,1166479.88700793
,No access to handwashing facility,Deaths,2023,2017,523005.379490105,-158638.21328604,1129607.35602488
,No access to handwashing facility,Deaths,2023,2019,478465.674848474,-157379.555006437,1058501.613316
,No access to handwashing facility,Deaths,2023,2021,404651.899115332,-128707.667272097,914765.556623136
,No access to handwashing facility,Deaths,2023,2023,416139.856210219,-147564.728493182,994917.231711668
,Child growth failure,Deaths,2023,1990,4112488.27972007,3057288.24048571,4721513.40355422
,Child growth failure,Deaths,2023,2005,2242721.46398516,1521767.88651193,2721285.18241003
,Child growth failure,Deaths,2023,2006,2130691.69905938,1455605.48502592,2590317.06877772
,Child growth failure,Deaths,2023,2010,1825177.77720592,1264542.70745784,2220615.50458221
,Child growth failure,Deaths,2023,2013,1548203.69315081,1045184.95278276,1905623.9666936
,Child growth failure,Deaths,2023,2015,1439401.78552379,972194.360010543,1776128.79154325
,Child growth failure,Deaths,2023,2016,1380835.48989935,922798.364801936,1699797.41841546
,Child growth failure,Deaths,2023,2017,1326764.70293896,884288.33598615,1631748.43384648
,Child growth failure,Deaths,2023,2019,1197747.63969683,785245.268283402,1496252.5621455
,Child growth failure,Deaths,2023,2021,1012291.77941242,610644.045078608,1319409.13063167
,Child growth failure,Deaths,2023,2023,1037101.16629396,660593.305911951,1324935.87958889
,Non-optimal temperature,Deaths,2023,1990,1302179.14868639,1155807.12208083,1511322.16860168
,Non-optimal temperature,Deaths,2023,2005,1553803.60119177,1387596.3410905,1799260.38381448
,Non-optimal temperature,Deaths,2023,2006,1473043.97366086,1315441.63303174,1713689.85780911
,Non-optimal temperature,Deaths,2023,2010,1721122.78231031,1528488.37739048,1994795.37285171
,Non-optimal temperature,Deaths,2023,2013,1673603.90378318,1478844.74345529,1942678.02829207
,Non-optimal temperature,Deaths,2023,2015,1716399.1848808,1519822.59007489,1997523.14440535
,Non-optimal temperature,Deaths,2023,2016,1786733.21249766,1574040.8976218,2092021.88831612
,Non-optimal temperature,Deaths,2023,2017,1820656.47513383,1609072.37570291,2127253.87087525
,Non-optimal temperature,Deaths,2023,2019,1843206.77750302,1616361.51957683,2170993.00902468
,Non-optimal temperature,Deaths,2023,2021,1782226.17900968,1572022.21901724,2079533.02101676
,Non-optimal temperature,Deaths,2023,2023,1870121.64044742,1624232.64624909,2176328.36721252
,Chewing tobacco,Deaths,2023,1990,107619.74874101,55469.568549836,177422.27487902
,Chewing tobacco,Deaths,2023,2005,151015.512151854,93168.2392039604,234816.535573667
,Chewing tobacco,Deaths,2023,2006,159047.953572731,100262.64535623,245924.345904441
,Chewing tobacco,Deaths,2023,2010,177956.469463436,118956.165883791,255920.10249527
,Chewing tobacco,Deaths,2023,2013,191983.118757165,131432.98957615,288224.29043889
,Chewing tobacco,Deaths,2023,2015,203204.686599667,139046.56873627,303324.658114197
,Chewing tobacco,Deaths,2023,2016,214375.707796207,144316.903536184,317951.65484059
,Chewing tobacco,Deaths,2023,2017,222418.901241806,147464.162510191,327757.321120842
,Chewing tobacco,Deaths,2023,2019,226678.248713001,149379.955145348,337359.103799021
,Chewing tobacco,Deaths,2023,2021,248479.240331355,158349.746677094,373667.706177581
,Chewing tobacco,Deaths,2023,2023,251383.307578461,148812.674674685,389020.645716247
,High temperature,Deaths,2023,1990,248735.487004458,178384.329140117,352267.814536316
,High temperature,Deaths,2023,2005,367545.579499554,265325.832844384,494991.692425749
,High temperature,Deaths,2023,2006,341341.800994318,242849.401042341,468368.884427332
,High temperature,Deaths,2023,2010,502631.311720859,370853.662706938,667597.516123903
,High temperature,Deaths,2023,2013,391797.320580998,280240.027142816,536606.841662111
,High temperature,Deaths,2023,2015,441428.179300208,313441.009005655,601612.957184605
,High temperature,Deaths,2023,2016,502936.378634012,357579.157546376,688523.718290892
,High temperature,Deaths,2023,2017,483244.541494408,341971.710462769,667072.959899815
,High temperature,Deaths,2023,2019,513854.962777194,366160.624921927,701710.607015411
,High temperature,Deaths,2023,2021,440346.411980632,313159.39675389,609382.751325464
,High temperature,Deaths,2023,2023,539554.762988193,383716.620796688,748067.004502803
,Kidney dysfunction*,Deaths,2023,1990,1992344.77871756,1628574.34836705,2385435.74180794
,Kidney dysfunction*,Deaths,2023,2005,2517282.60429205,2047101.9758102,2999388.01583821
,Kidney dysfunction*,Deaths,2023,2006,2555739.09115619,2077354.65680905,3037605.09549211
,Kidney dysfunction*,Deaths,2023,2010,2764633.53853818,2257500.92952044,3239359.23662599
,Kidney dysfunction*,Deaths,2023,2013,2979775.80176609,2464906.70939648,3488143.50779806
,Kidney dysfunction*,Deaths,2023,2015,3150953.57368307,2613829.40216852,3708907.75590304
,Kidney dysfunction*,Deaths,2023,2016,3243323.4150283,2684858.48551839,3835093.66410727
,Kidney dysfunction*,Deaths,2023,2017,3320084.92812733,2751991.84888837,3934001.96420658
,Kidney dysfunction*,Deaths,2023,2019,3325787.80922656,2756592.70547448,3949671.77638561
,Kidney dysfunction*,Deaths,2023,2021,3558609.22301077,2966387.66496727,4216988.46690532
,Kidney dysfunction*,Deaths,2023,2023,3711763.79943271,3069071.57238264,4394102.82833967
,Diet low in legumes,Deaths,2023,1990,438573.973418262,-382012.207643497,1145108.5780582
,Diet low in legumes,Deaths,2023,2005,487711.959787678,-376040.186724427,1292671.984603
,Diet low in legumes,Deaths,2023,2006,486833.713033871,-371479.774520663,1303449.83620405
,Diet low in legumes,Deaths,2023,2010,497867.990458444,-368358.752861345,1321489.07175423
,Diet low in legumes,Deaths,2023,2013,524358.592318587,-407372.539844962,1399014.39446419
,Diet low in legumes,Deaths,2023,2015,540489.022674718,-432858.544461766,1453878.90963586
,Diet low in legumes,Deaths,2023,2016,551355.535249999,-445105.563262526,1501890.90255734
,Diet low in legumes,Deaths,2023,2017,559343.995279376,-454274.399379257,1527988.77563676
,Diet low in legumes,Deaths,2023,2019,545195.97537881,-443951.790696084,1490782.89121434
,Diet low in legumes,Deaths,2023,2021,581625.972526967,-463311.993286515,1561673.16841094
,Diet low in legumes,Deaths,2023,2023,593529.780388168,-468420.351831637,1592852.70901489
,Low birth weight and short gestation,Deaths,2023,1990,3033505.9843818,2907887.39520586,3152134.69776412
,Low birth weight and short gestation,Deaths,2023,2005,2181498.64804179,2095490.78776036,2266229.51741883
,Low birth weight and short gestation,Deaths,2023,2006,2147775.23047256,2062305.37822713,2235986.44678358
,Low birth weight and short gestation,Deaths,2023,2010,2020481.70952459,1935726.98427751,2099611.3469303
,Low birth weight and short gestation,Deaths,2023,2013,1913535.05805016,1829149.62080197,1994230.64555757
,Low birth weight and short gestation,Deaths,2023,2015,1841664.90526523,1767489.14179309,1932153.33702905
,Low birth weight and short gestation,Deaths,2023,2016,1797708.85709739,1717553.37532567,1880907.81837136
,Low birth weight and short gestation,Deaths,2023,2017,1749072.94113935,1673656.72944224,1831908.7055992
,Low birth weight and short gestation,Deaths,2023,2019,1639086.77632214,1555669.63161033,1718958.48070919
,Low birth weight and short gestation,Deaths,2023,2021,1502656.40647308,1418301.18036215,1582512.05052858
,Low birth weight and short gestation,Deaths,2023,2023,1464100.49996589,1370210.98415661,1563642.713595
,Low temperature,Deaths,2023,1990,1060325.05937779,959138.02502483,1177376.6335688
,Low temperature,Deaths,2023,2005,1197795.92604289,1085670.86665476,1329842.23600188
,Low temperature,Deaths,2023,2006,1142167.75867905,1038147.46710918,1272411.8862571
,Low temperature,Deaths,2023,2010,1233639.7213552,1116495.47782542,1371161.45927303
,Low temperature,Deaths,2023,2013,1296647.32323978,1173939.18806536,1447430.53935843
,Low temperature,Deaths,2023,2015,1290438.79849422,1159169.41407579,1433185.1018852
,Low temperature,Deaths,2023,2016,1299671.23279572,1163495.16229599,1439016.7115078
,Low temperature,Deaths,2023,2017,1354688.80587246,1209957.27230656,1491111.22579033
,Low temperature,Deaths,2023,2019,1349491.53701543,1195770.7595214,1491966.33401597
,Low temperature,Deaths,2023,2021,1356816.36433146,1201580.76755399,1503284.3051024
,Low temperature,Deaths,2023,2023,1348072.48421366,1182467.99579911,1496914.60128042
,High LDL cholesterol*,Deaths,2023,1990,2614652.91047553,1539373.33214916,3802880.01872364
,High LDL cholesterol*,Deaths,2023,2005,2917294.3650261,1741134.05759587,4223683.16480117
,High LDL cholesterol*,Deaths,2023,2006,2920689.57865819,1744102.17160614,4212828.55608455
,High LDL cholesterol*,Deaths,2023,2010,3020261.35563976,1819880.55119866,4292445.09569143
,High LDL cholesterol*,Deaths,2023,2013,3189687.58434266,1933437.52954235,4542636.49435304
,High LDL cholesterol*,Deaths,2023,2015,3303109.13760027,2031874.30357421,4720468.51994281
,High LDL cholesterol*,Deaths,2023,2016,3376079.42935436,2056432.24311998,4861080.27270171
,High LDL cholesterol*,Deaths,2023,2017,3420499.82199106,2079551.63614955,4930427.55642146
,High LDL cholesterol*,Deaths,2023,2019,3335280.67385908,2017223.31593597,4794808.29322193
,High LDL cholesterol*,Deaths,2023,2021,3561950.66745441,2181824.37576263,5122802.43281509
,High LDL cholesterol*,Deaths,2023,2023,3628983.77894995,2229011.0749789,5361555.40238018
,Particulate matter pollution,Deaths,2023,1990,7036740.80172933,5724825.60117616,8205331.70194231
,Particulate matter pollution,Deaths,2023,2005,7528974.54380901,6216466.06814746,8686843.16088083
,Particulate matter pollution,Deaths,2023,2006,7520016.76670127,6222190.75088363,8628350.89961376
,Particulate matter pollution,Deaths,2023,2010,7517118.64460432,6284874.30936938,8682512.76452203
,Particulate matter pollution,Deaths,2023,2013,7630473.45069496,6326727.73011974,8877391.28564702
,Particulate matter pollution,Deaths,2023,2015,7745722.08569921,6410115.0221616,8991327.37807151
,Particulate matter pollution,Deaths,2023,2016,7841541.93501654,6490384.86240305,9126404.85612373
,Particulate matter pollution,Deaths,2023,2017,7824646.46335855,6436817.69083783,9104871.96784458
,Particulate matter pollution,Deaths,2023,2019,7413801.20170508,5981368.44934935,8740970.4577961
,Particulate matter pollution,Deaths,2023,2021,7366409.45438958,5933473.51506445,8793136.20571877
,Particulate matter pollution,Deaths,2023,2023,7667912.95788143,6241004.32239606,9064880.93554098
,"Unsafe water, sanitation, and handwashing",DALYs,2023,1990,234120489.025621,158790601.672415,303516017.488586
,"Unsafe water, sanitation, and handwashing",DALYs,2023,2005,133830883.897553,89553057.6266915,181514328.880892
,"Unsafe water, sanitation, and handwashing",DALYs,2023,2006,130302776.669114,87428646.0629629,176034996.995565
,"Unsafe water, sanitation, and handwashing",DALYs,2023,2010,111422400.419938,76263894.548676,150565355.700489
,"Unsafe water, sanitation, and handwashing",DALYs,2023,2013,96270369.2035443,62323008.5211973,129480624.747873
,"Unsafe water, sanitation, and handwashing",DALYs,2023,2015,88262780.8177929,56041187.6483913,118812977.398737
,"Unsafe water, sanitation, and handwashing",DALYs,2023,2016,84880897.2209277,52941651.4899113,114990549.126908
,"Unsafe water, sanitation, and handwashing",DALYs,2023,2017,81260196.2689342,49099431.5109228,109909339.58628
,"Unsafe water, sanitation, and handwashing",DALYs,2023,2019,72746797.5737892,44015481.5404533,98384015.4748242
,"Unsafe water, sanitation, and handwashing",DALYs,2023,2021,64866883.5246479,41790689.5004201,86440924.8936595
,"Unsafe water, sanitation, and handwashing",DALYs,2023,2023,61500889.846564,35154515.9564311,85914336.1468109
,Air pollution,DALYs,2023,1990,281788649.14662,226012581.27426,321650669.579328
,Air pollution,DALYs,2023,2005,257275612.294005,215702836.720257,288683061.232013
,Air pollution,DALYs,2023,2006,255445998.359358,213550381.712495,287213513.944836
,Air pollution,DALYs,2023,2010,248373237.76663,209040822.207174,279260040.747781
,Air pollution,DALYs,2023,2013,246844801.067177,208380175.798703,278320968.384094
,Air pollution,DALYs,2023,2015,246579610.563698,207961171.60597,278366276.74356
,Air pollution,DALYs,2023,2016,247049661.390009,207770452.888803,280211667.180778
,Air pollution,DALYs,2023,2017,244590816.200444,205705027.313365,278252553.689476
,Air pollution,DALYs,2023,2019,232470057.578435,195513902.964857,264905688.643114
,Air pollution,DALYs,2023,2021,225454915.338299,190590688.405432,258110379.666253
,Air pollution,DALYs,2023,2023,232483608.853336,193990864.271541,264052157.798444
,Unsafe sanitation,DALYs,2023,1990,138399504.019586,108398429.09711,174211722.235146
,Unsafe sanitation,DALYs,2023,2005,74995104.6600035,58483758.8675024,97897853.3571132
,Unsafe sanitation,DALYs,2023,2006,72849542.8095162,57426274.7125142,93552005.7085079
,Unsafe sanitation,DALYs,2023,2010,60987206.4150748,47810510.3768295,79375908.1867078
,Unsafe sanitation,DALYs,2023,2013,51036864.192377,38412137.3213085,64083009.0264444
,Unsafe sanitation,DALYs,2023,2015,45706486.3392503,35256891.4496306,59265098.3003324
,Unsafe sanitation,DALYs,2023,2016,43524353.1918725,32987449.7009683,56775946.8240094
,Unsafe sanitation,DALYs,2023,2017,41236802.3490539,31370751.3251602,54067009.6876743
,Unsafe sanitation,DALYs,2023,2019,36058523.0436573,27484371.6655866,47445628.0947256
,Unsafe sanitation,DALYs,2023,2021,32870091.1448824,24805069.536688,43223432.2199874
,Unsafe sanitation,DALYs,2023,2023,29374736.6475904,21773374.085429,40016978.6631769
,Unsafe water source,DALYs,2023,1990,162100203.662467,84044921.0357261,225396457.961556
,Unsafe water source,DALYs,2023,2005,90636785.392822,47718593.3877202,124462945.350318
,Unsafe water source,DALYs,2023,2006,88378114.1424634,46695489.3558243,122892835.431902
,Unsafe water source,DALYs,2023,2010,75478670.8681685,38307176.6597172,103937027.511788
,Unsafe water source,DALYs,2023,2013,64257669.5764564,32280841.5022733,88937314.664794
,Unsafe water source,DALYs,2023,2015,58339145.6877486,29790529.6730973,78943760.9450004
,Unsafe water source,DALYs,2023,2016,55995962.075226,28548142.3388161,75829503.0404317
,Unsafe water source,DALYs,2023,2017,53486099.7623832,27058089.7728667,72366681.3168101
,Unsafe water source,DALYs,2023,2019,47640292.9758885,23854727.7173099,65829960.9949419
,Unsafe water source,DALYs,2023,2021,44032640.9656042,21771612.7410413,62546913.447231
,Unsafe water source,DALYs,2023,2023,39840657.8710494,19956166.6407607,55398607.5801876
,Other environmental risks,DALYs,2023,1990,44580899.1517444,33443348.9025239,56876519.8181567
,Other environmental risks,DALYs,2023,2005,57961837.5475333,44152834.1445124,71886432.0766431
,Other environmental risks,DALYs,2023,2006,58851199.1482157,45070984.0304123,72976959.8576029
,Other environmental risks,DALYs,2023,2010,62278971.5190135,47581634.745862,77445847.8439898
,Other environmental risks,DALYs,2023,2013,66611698.8044105,51416484.3637736,81623248.3423271
,Other environmental risks,DALYs,2023,2015,68914366.098632,52196883.0859281,85166989.5882404
,Other environmental risks,DALYs,2023,2016,70660826.961671,53741435.3859068,87641718.9575033
,Other environmental risks,DALYs,2023,2017,71423486.7398209,54647238.5280883,89046835.6686604
,Other environmental risks,DALYs,2023,2019,69521812.1187282,53165929.2996836,87294770.4411745
,Other environmental risks,DALYs,2023,2021,74349586.9096253,57122444.8779258,93159685.2706644
,Other environmental risks,DALYs,2023,2023,75241343.4872353,56725343.0634231,93965711.5059927
,Residential radon,DALYs,2023,1990,1309206.79918302,-577375.287376731,3308010.84599432
,Residential radon,DALYs,2023,2005,1528663.21542678,-687933.778838822,3901212.46502915
,Residential radon,DALYs,2023,2006,1546604.70008447,-698866.100911094,3946285.32746327
,Residential radon,DALYs,2023,2010,1600972.04486879,-722869.272363781,3985832.31356004
,Residential radon,DALYs,2023,2013,1652816.47707697,-749033.407649784,4054331.5104444
,Residential radon,DALYs,2023,2015,1700785.57347623,-763940.844877696,4188538.47715922
,Residential radon,DALYs,2023,2016,1738413.08833991,-776525.168639901,4264544.31746551
,Residential radon,DALYs,2023,2017,1767337.66865981,-788507.853447129,4349120.22393745
,Residential radon,DALYs,2023,2019,1738394.71948905,-768773.724237302,4294213.34433544
,Residential radon,DALYs,2023,2021,1824644.79465489,-807087.843824209,4531210.67443381
,Residential radon,DALYs,2023,2023,1904577.72760487,-863416.532498698,4762349.33716721
,Ambient ozone pollution,DALYs,2023,1990,3498853.29555868,849634.697040389,6380437.64515284
,Ambient ozone pollution,DALYs,2023,2005,6158509.80081058,1470311.32471634,10649132.5198071
,Ambient ozone pollution,DALYs,2023,2006,6436478.24823879,1545129.81456584,11074898.7006566
,Ambient ozone pollution,DALYs,2023,2010,6403442.83456596,1504547.97024664,11035125.9504133
,Ambient ozone pollution,DALYs,2023,2013,6352920.99873674,1442392.02111015,10696606.557931
,Ambient ozone pollution,DALYs,2023,2015,6514640.65051285,1483530.31190655,11034140.3449351
,Ambient ozone pollution,DALYs,2023,2016,6949491.90093648,1604435.07469378,11758552.7396511
,Ambient ozone pollution,DALYs,2023,2017,7209389.1240353,1688367.25349456,12224454.5909274
,Ambient ozone pollution,DALYs,2023,2019,7341500.50246909,1703265.04746585,12604841.9532225
,Ambient ozone pollution,DALYs,2023,2021,6957670.38260599,1676008.09956714,12107937.9361966
,Ambient ozone pollution,DALYs,2023,2023,8471094.15019703,1938094.31129286,14635651.6996549
,Suboptimal breastfeeding,DALYs,2023,1990,49481058.886645,38796628.6186174,62172037.1439078
,Suboptimal breastfeeding,DALYs,2023,2005,24458735.3543272,17600115.5878323,30803038.0631997
,Suboptimal breastfeeding,DALYs,2023,2006,23389493.4729545,16885319.076931,29681755.720649
,Suboptimal breastfeeding,DALYs,2023,2010,19389737.8195484,14360184.5236876,24645671.0263998
,Suboptimal breastfeeding,DALYs,2023,2013,16704252.7655314,12665715.0691677,21488620.6670875
,Suboptimal breastfeeding,DALYs,2023,2015,15263229.025809,11755828.5354372,19012712.4827369
,Suboptimal breastfeeding,DALYs,2023,2016,14588031.5527483,11206003.4699958,18035494.800342
,Suboptimal breastfeeding,DALYs,2023,2017,13834807.1934055,10572281.8239743,17111904.2375901
,Suboptimal breastfeeding,DALYs,2023,2019,12078224.2704986,8952440.88042781,15362375.061401
,Suboptimal breastfeeding,DALYs,2023,2021,9681311.51491085,7056399.66834047,12641852.2281681
,Suboptimal breastfeeding,DALYs,2023,2023,9549601.52498504,6628557.88979662,12348215.8207914
,Child and maternal malnutrition,DALYs,2023,1990,696903291.786218,618732259.417325,760879136.679143
,Child and maternal malnutrition,DALYs,2023,2005,453075290.98644,398328937.957628,501346378.512175
,Child and maternal malnutrition,DALYs,2023,2006,440034775.412011,389920484.74491,489167217.734806
,Child and maternal malnutrition,DALYs,2023,2010,400218423.558839,354849950.323513,445292611.351255
,Child and maternal malnutrition,DALYs,2023,2013,367088281.711446,326479358.067822,412785048.135866
,Child and maternal malnutrition,DALYs,2023,2015,350214867.718539,311965249.655675,392688246.726009
,Child and maternal malnutrition,DALYs,2023,2016,340612553.291542,303866848.09289,380473218.986097
,Child and maternal malnutrition,DALYs,2023,2017,330614434.609543,294267176.375316,368706390.497914
,Child and maternal malnutrition,DALYs,2023,2019,308202563.233042,272447232.073844,346928953.36661
,Child and maternal malnutrition,DALYs,2023,2021,277766210.059117,240618045.81292,319912209.28388
,Child and maternal malnutrition,DALYs,2023,2023,275858608.582175,240889659.256375,315439047.960638
,Vitamin A deficiency,DALYs,2023,1990,21534294.9376443,-42174729.6183578,76324463.6594212
,Vitamin A deficiency,DALYs,2023,2005,9981215.99156412,-15381382.6433201,33710333.4504959
,Vitamin A deficiency,DALYs,2023,2006,8975620.07801068,-13357336.9387038,29736828.2602043
,Vitamin A deficiency,DALYs,2023,2010,6786816.94802489,-7988636.01498522,22648365.5594027
,Vitamin A deficiency,DALYs,2023,2013,5351394.09577141,-5406613.68985481,17636434.6717797
,Vitamin A deficiency,DALYs,2023,2015,4505012.92681129,-4248384.99589194,14553648.1363266
,Vitamin A deficiency,DALYs,2023,2016,4114193.46454125,-3506699.02340765,13264023.5039165
,Vitamin A deficiency,DALYs,2023,2017,3860914.41575946,-2980572.32962277,12456557.3434572
,Vitamin A deficiency,DALYs,2023,2019,3424615.41194027,-2731506.82041877,10818172.7529674
,Vitamin A deficiency,DALYs,2023,2021,2808481.60124346,-1995360.93148312,8539569.96284563
,Vitamin A deficiency,DALYs,2023,2023,2914595.36330863,-2166630.98116362,9731075.10092233
,Lead exposure,DALYs,2023,1990,43271692.3525614,32054183.3058435,55971682.2765597
,Lead exposure,DALYs,2023,2005,56433174.3321066,41663226.4278241,69944881.9116793
,Lead exposure,DALYs,2023,2006,57304594.4481312,42665569.9718827,70591553.7390721
,Lead exposure,DALYs,2023,2010,60677999.4741448,45792356.9478834,75235729.5634079
,Lead exposure,DALYs,2023,2013,64958882.3273335,49561243.1831679,78969441.2954897
,Lead exposure,DALYs,2023,2015,67213580.5251557,51711057.1656847,82381751.7055923
,Lead exposure,DALYs,2023,2016,68922413.8733311,52835115.2838494,85391188.7125503
,Lead exposure,DALYs,2023,2017,69656149.0711611,53381545.0678057,86942658.6562714
,Lead exposure,DALYs,2023,2019,67783417.3992392,51463988.6938631,85833589.0939493
,Lead exposure,DALYs,2023,2021,72524942.1149704,55096305.217504,91382529.6431043
,Lead exposure,DALYs,2023,2023,73336765.7596304,55182800.950154,91372003.0617417
,Iron deficiency,DALYs,2023,1990,40113795.8495472,24518305.1994459,65900515.9492765
,Iron deficiency,DALYs,2023,2005,42133590.5319033,27967360.8529107,63496508.5050654
,Iron deficiency,DALYs,2023,2006,42170292.2589654,28135155.7732963,62876767.4457228
,Iron deficiency,DALYs,2023,2010,42303306.163864,28146310.2471698,62516392.0316745
,Iron deficiency,DALYs,2023,2013,42835648.9171211,28290382.8539788,62442160.5556679
,Iron deficiency,DALYs,2023,2015,43178680.568498,28109195.0690365,64715760.7215629
,Iron deficiency,DALYs,2023,2016,43286088.0886799,28166701.3253084,64373041.3234385
,Iron deficiency,DALYs,2023,2017,43308673.8614969,28356765.4218024,64192155.6927784
,Iron deficiency,DALYs,2023,2019,43118537.912596,28855031.7482786,65277830.4599224
,Iron deficiency,DALYs,2023,2021,42604374.3736312,27926240.9987219,66716282.2205803
,Iron deficiency,DALYs,2023,2023,41989257.0834822,27594703.7459021,65876749.7399558
,Smoking,DALYs,2023,1990,139755286.741154,115560398.821461,164483079.148008
,Smoking,DALYs,2023,2005,154633103.864986,126171126.186939,181820664.242513
,Smoking,DALYs,2023,2006,154322749.705344,125518320.745014,182286343.758478
,Smoking,DALYs,2023,2010,155786823.394289,127318389.438225,181007265.639278
,Smoking,DALYs,2023,2013,155364709.082026,127909574.398449,183525317.187138
,Smoking,DALYs,2023,2015,156343941.377148,128154588.038971,188276305.593334
,Smoking,DALYs,2023,2016,158330695.834047,130495560.432154,189288202.552804
,Smoking,DALYs,2023,2017,158805298.710179,130350327.291721,189500642.464848
,Smoking,DALYs,2023,2019,154444368.080213,125677019.546998,184753615.423515
,Smoking,DALYs,2023,2021,157108292.981122,126730553.841923,188723997.84703
,Smoking,DALYs,2023,2023,161709557.302925,131789103.728996,192487262.923003
,Second-hand smoke,DALYs,2023,1990,53268621.6019216,39970487.0537151,67317279.2890162
,Second-hand smoke,DALYs,2023,2005,45694432.932037,35529764.9670772,55243389.2938264
,Second-hand smoke,DALYs,2023,2006,45211032.6435178,35586281.4027513,54791517.8761799
,Second-hand smoke,DALYs,2023,2010,43999697.8514906,34918199.8368836,53556904.4546532
,Second-hand smoke,DALYs,2023,2013,43619864.8303169,34562861.2767593,53010913.6947377
,Second-hand smoke,DALYs,2023,2015,43510272.8420325,34467899.3712089,52768213.9069707
,Second-hand smoke,DALYs,2023,2016,43795023.3840048,34712768.8048372,53156069.1904489
,Second-hand smoke,DALYs,2023,2017,43756371.1763174,34826137.828851,53122850.9569691
,Second-hand smoke,DALYs,2023,2019,42808430.2961842,34173005.8885434,52221446.6448655
,Second-hand smoke,DALYs,2023,2021,41921285.0098571,33731246.47164,50796314.4489932
,Second-hand smoke,DALYs,2023,2023,44878750.3418384,35856341.6544442,54382630.5551629
,Tobacco,DALYs,2023,1990,188046256.624285,159077954.613663,213089924.699069
,Tobacco,DALYs,2023,2005,195401994.215353,166005961.419705,223015967.047384
,Tobacco,DALYs,2023,2006,194798362.81537,166055766.995698,221389920.313512
,Tobacco,DALYs,2023,2010,195490768.033676,167456664.548425,222770750.248643
,Tobacco,DALYs,2023,2013,195119331.423313,165671847.394894,223849656.792883
,Tobacco,DALYs,2023,2015,196300371.294635,164387043.980475,225836337.163358
,Tobacco,DALYs,2023,2016,198745288.926638,167351596.645564,227152365.131823
,Tobacco,DALYs,2023,2017,199369161.520258,168681183.979865,228254578.256654
,Tobacco,DALYs,2023,2019,194418839.689385,163094358.392985,222223338.078192
,Tobacco,DALYs,2023,2021,196751273.122258,167171918.417838,224511427.091436
,Tobacco,DALYs,2023,2023,203921376.756266,171360628.373311,236562244.29054
,Zinc deficiency,DALYs,2023,1990,3792428.39351113,-11120821.0387749,16569048.7682949
,Zinc deficiency,DALYs,2023,2005,1876998.26092772,-6949085.4223242,8419949.17149733
,Zinc deficiency,DALYs,2023,2006,1840682.60143912,-6525808.99976235,8182424.67374348
,Zinc deficiency,DALYs,2023,2010,1471978.47995946,-4994499.40820545,6396310.79050601
,Zinc deficiency,DALYs,2023,2013,1171948.92091095,-4180566.61214375,5317686.00369103
,Zinc deficiency,DALYs,2023,2015,1024191.62889412,-3646809.19772307,4464368.95865766
,Zinc deficiency,DALYs,2023,2016,957305.233779936,-3477056.57770984,4109595.2163497
,Zinc deficiency,DALYs,2023,2017,881143.526612202,-3209500.22103343,3888545.68417006
,Zinc deficiency,DALYs,2023,2019,733756.341809522,-2756693.01753943,3411830.3187084
,Zinc deficiency,DALYs,2023,2021,662305.601562633,-2530643.35773847,3159885.71438049
,Zinc deficiency,DALYs,2023,2023,542832.68736644,-2013217.64360723,2462556.02196163
,High systolic blood pressure,DALYs,2023,1990,157886080.630587,120981689.672593,195622739.366639
,High systolic blood pressure,DALYs,2023,2005,181707537.979388,147267053.379228,215724900.753956
,High systolic blood pressure,DALYs,2023,2006,183331467.738804,147702960.667094,215018523.833858
,High systolic blood pressure,DALYs,2023,2010,191797966.074558,158085409.714119,224504389.113548
,High systolic blood pressure,DALYs,2023,2013,200287737.166074,165230384.155366,233478892.0303
,High systolic blood pressure,DALYs,2023,2015,207748279.424851,169687443.937023,240430251.831972
,High systolic blood pressure,DALYs,2023,2016,212857384.560131,174483367.742122,244898444.084346
,High systolic blood pressure,DALYs,2023,2017,216114995.671859,177583746.827855,248665321.433723
,High systolic blood pressure,DALYs,2023,2019,213449100.4611,175665438.04753,243895836.414813
,High systolic blood pressure,DALYs,2023,2021,228010550.292708,185014361.900745,261364148.643121
,High systolic blood pressure,DALYs,2023,2023,233664378.216504,189956416.112954,271633270.198771
,Drug use,DALYs,2023,1990,14254798.320952,11922664.5332402,16454839.5124207
,Drug use,DALYs,2023,2005,22562338.4347737,19593892.6639033,25284059.7240523
,Drug use,DALYs,2023,2006,22709035.4427804,19798667.1008445,25464243.6754269
,Drug use,DALYs,2023,2010,22947334.8686707,19963428.2299722,25881398.2585768
,Drug use,DALYs,2023,2013,23587566.6622164,20592210.2300527,26617144.6701052
,Drug use,DALYs,2023,2015,24625568.2655259,21566189.3288064,27583919.8594662
,Drug use,DALYs,2023,2016,25344812.7907261,22241327.0514379,28369804.3047377
,Drug use,DALYs,2023,2017,25967321.1818707,22837535.7227263,28990087.7995151
,Drug use,DALYs,2023,2019,27004182.4861435,23696375.2792492,30164155.4622644
,Drug use,DALYs,2023,2021,28871376.8911136,25603070.0082501,32035075.6410175
,Drug use,DALYs,2023,2023,29416616.1689851,26043663.7428843,32719944.7993156
,High fasting plasma glucose,DALYs,2023,1990,67115960.7574584,56833319.4180382,83288903.2593694
,Dietary risks,DALYs,2023,1990,129974080.260607,50663457.2962846,179577638.019229
,Dietary risks,DALYs,2023,2005,146648428.991433,56721094.9537247,202568370.341365
,Dietary risks,DALYs,2023,2006,147607047.085195,55556490.2293132,203357441.124377
,Dietary risks,DALYs,2023,2010,153073234.113837,57133489.1099302,211107110.472269
,Dietary risks,DALYs,2023,2013,161242149.73771,62967319.5905707,221683498.382157
,Dietary risks,DALYs,2023,2015,166829258.303806,68667756.8620485,232617639.932986
,Dietary risks,DALYs,2023,2016,170931059.928909,72469495.5539066,239803453.698407
,Dietary risks,DALYs,2023,2017,173205893.009705,74137135.0228802,242760896.235377
,Dietary risks,DALYs,2023,2019,171093361.608715,72522732.7187257,238896070.48194
,Dietary risks,DALYs,2023,2021,183830418.06366,76464150.3392992,257992375.796917
,Dietary risks,DALYs,2023,2023,186496524.956624,76568786.7997856,261447381.562737
,High alcohol use,DALYs,2023,1990,46989192.6068459,38131539.3847609,59303641.8403241
,High alcohol use,DALYs,2023,2005,59876439.9582761,50431418.5633083,73331038.6308505
,High alcohol use,DALYs,2023,2006,59544292.1307706,50063311.0143644,72632837.7978712
,High alcohol use,DALYs,2023,2010,58284225.6400455,49156683.3954178,72044279.1426819
,High alcohol use,DALYs,2023,2013,55822469.1773701,46969769.5738579,69907029.8171339
,High alcohol use,DALYs,2023,2015,55983252.402531,46760214.9418096,70001212.3392524
,High alcohol use,DALYs,2023,2016,56065459.5107411,46796415.2489818,70455112.059742
,High alcohol use,DALYs,2023,2017,55750106.3254278,46377036.2950698,70075685.370561
,High alcohol use,DALYs,2023,2019,54650444.2151337,45704666.2221714,68799948.7238182
,High alcohol use,DALYs,2023,2021,55986846.2348552,46414612.663892,70285095.9204519
,High alcohol use,DALYs,2023,2023,56870187.593011,47429285.2744987,71348480.6931762
,High fasting plasma glucose,DALYs,2023,2005,95086065.5053842,82254487.5840881,114267885.860038
,High fasting plasma glucose,DALYs,2023,2006,97246520.4838666,84524729.0944095,116435642.588062
,High fasting plasma glucose,DALYs,2023,2010,108548893.962189,94175052.7940403,126046027.873604
,High fasting plasma glucose,DALYs,2023,2013,118598826.782701,102259220.562449,137318275.39417
,High fasting plasma glucose,DALYs,2023,2015,127168207.128226,109320936.804116,148447007.82259
,High fasting plasma glucose,DALYs,2023,2016,131827862.731991,113223883.758858,155405341.019806
,High fasting plasma glucose,DALYs,2023,2017,136573705.832718,118152145.472321,160017172.302847
,High fasting plasma glucose,DALYs,2023,2019,143872329.723701,125239530.082808,168008812.374111
,High fasting plasma glucose,DALYs,2023,2021,154643066.368685,133592289.607128,179978121.269361
,High fasting plasma glucose,DALYs,2023,2023,161876783.309859,136650849.03956,187956060.822292
,Diet low in nuts and seeds,DALYs,2023,1990,18872670.3964623,5626826.1675138,29907379.3356682
,Diet low in nuts and seeds,DALYs,2023,2005,20293526.1547754,6258239.19418393,32872617.5976566
,Diet low in nuts and seeds,DALYs,2023,2006,20279543.8252632,6234330.84741164,32736742.567066
,Diet low in nuts and seeds,DALYs,2023,2010,20237189.6119871,5905044.51357329,32694074.8307912
,Diet low in nuts and seeds,DALYs,2023,2013,21188167.9678042,5993701.52472331,35467879.037996
,Diet low in nuts and seeds,DALYs,2023,2015,21331779.8112982,5950049.11145011,36038503.9211607
,Diet low in nuts and seeds,DALYs,2023,2016,21604037.0047594,6042485.0293745,36415107.4516328
,Diet low in nuts and seeds,DALYs,2023,2017,21458962.7171419,6044175.79588265,35928042.7943372
,Diet low in nuts and seeds,DALYs,2023,2019,20774130.6363862,6016462.36003533,34528076.0836432
,Diet low in nuts and seeds,DALYs,2023,2021,22442455.7973874,6683285.64498873,37640376.6220148
,Diet low in nuts and seeds,DALYs,2023,2023,22483622.9068292,6713797.14746687,37885424.9809135
,Diet high in sugar sweetened beverages,DALYs,2023,1990,2103074.21239497,765566.909206391,4221460.22279702
,Diet high in sugar sweetened beverages,DALYs,2023,2005,3318492.05932061,1747810.36397459,5209646.45099672
,Diet high in sugar sweetened beverages,DALYs,2023,2006,3412376.59457377,1833197.2816134,5136748.02028279
,Diet high in sugar sweetened beverages,DALYs,2023,2010,3914965.04920814,2163382.64928393,5772995.30484849
,Diet high in sugar sweetened beverages,DALYs,2023,2013,4401872.88955152,2383097.14867277,6604573.65079538
,Diet high in sugar sweetened beverages,DALYs,2023,2015,4805921.67846629,2559898.44448924,7308561.42058786
,Diet high in sugar sweetened beverages,DALYs,2023,2016,5017256.90392308,2666129.77992697,7559000.95261401
,Diet high in sugar sweetened beverages,DALYs,2023,2017,5222728.69802838,2752388.91965066,7848080.98622444
,Diet high in sugar sweetened beverages,DALYs,2023,2019,5627972.26748829,2966022.23946031,8432441.50081955
,Diet high in sugar sweetened beverages,DALYs,2023,2021,6100106.22371319,3160499.27264406,9246126.69396616
,Diet high in sugar sweetened beverages,DALYs,2023,2023,6415238.90209198,3240775.9816669,9669557.65095843
,Metabolic risks,DALYs,2023,1990,288840239.372062,256980456.167976,320893807.769026
,Metabolic risks,DALYs,2023,2005,357638178.800002,322715929.490555,394003331.364552
,Metabolic risks,DALYs,2023,2006,362431171.040205,326382930.295055,399346000.756072
,Metabolic risks,DALYs,2023,2010,387834526.848348,347028745.538192,428194163.472512
,Metabolic risks,DALYs,2023,2013,412544923.361757,369302038.644507,455172783.006894
,Metabolic risks,DALYs,2023,2015,432917962.164591,387633872.970989,474721494.906763
,Metabolic risks,DALYs,2023,2016,444792193.67463,398488458.332211,486951012.34739
,Metabolic risks,DALYs,2023,2017,454048223.460806,406517336.401102,497533606.942209
,Metabolic risks,DALYs,2023,2019,459445930.766167,409861222.703679,504640384.291907
,Metabolic risks,DALYs,2023,2021,490761629.642292,437039880.704556,537177749.062442
,Metabolic risks,DALYs,2023,2023,506731561.093549,449013182.716746,555941559.380438
,Low bone mineral density,DALYs,2023,1990,11103982.4532305,8921254.09020939,13311660.3637633
,Low bone mineral density,DALYs,2023,2005,15634262.9880158,12413552.6387092,19270998.0269617
,Low bone mineral density,DALYs,2023,2006,16095478.7889398,12776604.2917394,19837822.6761468
,Low bone mineral density,DALYs,2023,2010,18197997.6110347,14344493.7278689,22292863.8353514
,Low bone mineral density,DALYs,2023,2013,19732921.7814364,15645658.3687161,24094482.2347357
,Low bone mineral density,DALYs,2023,2015,20851701.7146865,16498333.6084874,25479765.0209631
,Low bone mineral density,DALYs,2023,2016,21176112.5003609,16769700.5551809,25879059.9994567
,Low bone mineral density,DALYs,2023,2017,21299519.1919142,16881165.6441809,25896685.2757934
,Low bone mineral density,DALYs,2023,2019,21111337.6289755,16613314.8838634,25507396.4305005
,Low bone mineral density,DALYs,2023,2021,22400573.0076438,17699576.3619392,27073172.4252239
,Low bone mineral density,DALYs,2023,2023,23967491.191352,18767905.4157727,29375837.8688137
,High body-mass index,DALYs,2023,1990,50097582.9334394,24182854.4956574,77040147.14719
,High body-mass index,DALYs,2023,2005,77916578.0641336,37079006.2352776,117332198.499451
,High body-mass index,DALYs,2023,2006,79798315.2410092,38134958.5277948,119845104.51882
,High body-mass index,DALYs,2023,2010,89945202.6248661,43017975.16738,134240087.790924
,High body-mass index,DALYs,2023,2013,98762408.551048,46903433.8568721,145720637.95505
,High body-mass index,DALYs,2023,2015,106108856.278013,50475532.4648847,155363894.542215
,High body-mass index,DALYs,2023,2016,109741439.369636,52237389.1217075,160350662.242455
,High body-mass index,DALYs,2023,2017,113330080.181701,54128613.7424824,166446221.815584
,High body-mass index,DALYs,2023,2019,119692407.469957,57327563.2919615,175855743.542802
,High body-mass index,DALYs,2023,2021,128723677.025338,62358906.3458558,189028868.816785
,High body-mass index,DALYs,2023,2023,135875886.00489,66168058.8719514,199777564.855383
,Diet high in trans fatty acids,DALYs,2023,1990,10402134.0772379,483619.637791299,20057974.221166
,Diet high in trans fatty acids,DALYs,2023,2005,11489196.1438014,528430.703534543,22845031.4326633
,Diet high in trans fatty acids,DALYs,2023,2006,11460264.0023332,505804.996097991,21924598.7747325
,Diet high in trans fatty acids,DALYs,2023,2010,11359597.5300937,556422.948101999,22237511.5584047
,Diet high in trans fatty acids,DALYs,2023,2013,12072062.5608,648901.511960265,23092794.6233089
,Diet high in trans fatty acids,DALYs,2023,2015,12246633.0342759,654585.739652348,23919784.1807218
,Diet high in trans fatty acids,DALYs,2023,2016,12480970.7443243,679256.81964972,24027858.414128
,Diet high in trans fatty acids,DALYs,2023,2017,12495528.1222714,708720.98323574,23582600.1556504
,Diet high in trans fatty acids,DALYs,2023,2019,10975224.5698048,617236.970610857,20627288.5325081
,Diet high in trans fatty acids,DALYs,2023,2021,12013789.8013308,627899.601703224,23478334.0026979
,Diet high in trans fatty acids,DALYs,2023,2023,10281401.3954711,571657.457169527,19987935.629415
,Diet low in vegetables,DALYs,2023,1990,16420709.8435406,7453161.8242768,26392453.1661685
,Diet low in vegetables,DALYs,2023,2005,17974088.2031808,8694781.8101325,27866861.7761957
,Diet low in vegetables,DALYs,2023,2006,18174395.5981259,8757550.36472543,27938791.5880758
,Diet low in vegetables,DALYs,2023,2010,18889938.6571523,9871399.70348211,28907143.4122579
,Diet low in vegetables,DALYs,2023,2013,19650388.7819839,10457201.6352263,29793749.4818685
,Diet low in vegetables,DALYs,2023,2015,20295409.7921216,10736212.167571,30510967.8805648
,Diet low in vegetables,DALYs,2023,2016,20665635.9205428,11013307.2213106,31451514.7486918
,Diet low in vegetables,DALYs,2023,2017,20893131.8255709,11190351.8789612,31443759.2370506
,Diet low in vegetables,DALYs,2023,2019,21057719.5742478,11416855.0235351,31241076.2415184
,Diet low in vegetables,DALYs,2023,2021,22794863.292851,12465934.4283062,34918377.0030288
,Diet low in vegetables,DALYs,2023,2023,23408358.6826458,12811714.1430707,36034274.7477097
,Diet low in whole grains,DALYs,2023,1990,20789555.3885164,8233584.99980912,32512719.7815538
,Diet low in whole grains,DALYs,2023,2005,25012430.4849953,9989082.34850419,41402026.0883557
,Diet low in whole grains,DALYs,2023,2006,25161725.7838679,10000486.8534828,41066122.0909076
,Diet low in whole grains,DALYs,2023,2010,26077747.5079404,10909414.894449,43041912.0282063
,Diet low in whole grains,DALYs,2023,2013,27690076.0511789,11413026.1234482,45757951.3417255
,Diet low in whole grains,DALYs,2023,2015,28520332.4028543,11910246.5772661,46694838.8007175
,Diet low in whole grains,DALYs,2023,2016,29158741.2606607,12308554.8824254,47141887.0538337
,Diet low in whole grains,DALYs,2023,2017,29433742.8205858,12373014.6910879,47565141.2560372
,Diet low in whole grains,DALYs,2023,2019,29103320.9550693,12381635.6578606,47130005.3370308
,Diet low in whole grains,DALYs,2023,2021,31139595.1053404,13143067.0624855,49233656.9023298
,Diet low in whole grains,DALYs,2023,2023,31744892.7544248,13561595.630198,50143145.6172216
,Occupational carcinogens,DALYs,2023,1990,4938049.69687572,3912117.65599562,5900967.64490898
,Occupational carcinogens,DALYs,2023,2005,5960086.17123011,4757145.87598004,7083045.25031349
,Occupational carcinogens,DALYs,2023,2006,6051856.25415965,4837765.72747376,7149926.78089542
,Occupational carcinogens,DALYs,2023,2010,6433579.80257297,5120994.7311747,7564400.33486487
,Occupational carcinogens,DALYs,2023,2013,6761461.49521384,5395525.20466863,7926306.83050346
,Occupational carcinogens,DALYs,2023,2015,6881719.57574503,5509108.7051646,8126881.35957263
,Occupational carcinogens,DALYs,2023,2016,6979895.54189557,5564684.49885297,8209730.60915188
,Occupational carcinogens,DALYs,2023,2017,7066533.94707398,5667441.10022071,8344307.24689371
,Occupational carcinogens,DALYs,2023,2019,6947210.61162965,5603698.03209868,8277453.84630953
,Occupational carcinogens,DALYs,2023,2021,7254505.89415631,5849944.44274253,8739242.86154868
,Occupational carcinogens,DALYs,2023,2023,7601267.35962538,6040696.83944645,9020493.60947904
,Diet low in fruits,DALYs,2023,1990,33148916.6336548,11350400.0859753,52540274.3471202
,Diet low in fruits,DALYs,2023,2005,37209275.8579521,13472968.701849,56616249.5072841
,Diet low in fruits,DALYs,2023,2006,37602137.0711426,13502999.324346,57298198.2594732
,Diet low in fruits,DALYs,2023,2010,39265851.249898,13815472.3091278,60003008.1246362
,Diet low in fruits,DALYs,2023,2013,41706515.6646411,14720831.2877902,63596154.0167335
,Diet low in fruits,DALYs,2023,2015,43170467.8171111,15351461.6631961,66277700.7149839
,Diet low in fruits,DALYs,2023,2016,44329177.160071,15814890.5524341,68822601.5945298
,Diet low in fruits,DALYs,2023,2017,44831537.3681734,15982100.7498631,69986464.4547823
,Diet low in fruits,DALYs,2023,2019,44117156.507183,15900307.4639057,68460038.8576845
,Diet low in fruits,DALYs,2023,2021,47773126.2764859,17479969.7816849,73560251.7624828
,Diet low in fruits,DALYs,2023,2023,47910446.6441702,17969561.413229,75858037.9464035
,Occupational noise,DALYs,2023,1990,4682537.78235944,3219564.35528159,6270794.67670527
,Occupational noise,DALYs,2023,2005,6415350.42579843,4359683.58480848,8653053.54058346
,Occupational noise,DALYs,2023,2006,6553505.50116087,4451974.88275275,8842314.80014807
,Occupational noise,DALYs,2023,2010,7151390.17644262,4856803.7991256,9634408.7067134
,Occupational noise,DALYs,2023,2013,7701431.94806538,5232041.74443577,10353626.3586329
,Occupational noise,DALYs,2023,2015,8085789.07397236,5494340.33602766,10880778.1548604
,Occupational noise,DALYs,2023,2016,8272228.62806045,5632004.99774564,11139583.3361463
,Occupational noise,DALYs,2023,2017,8468706.46629997,5770438.03738024,11400019.6804455
,Occupational noise,DALYs,2023,2019,8871395.01652956,6054022.80913386,11940263.257578
,Occupational noise,DALYs,2023,2021,9254527.11156231,6328368.3722313,12452077.5788398
,Occupational noise,DALYs,2023,2023,9604007.83085795,6600925.73969509,12948176.2631594
,Diet high in red meat,DALYs,2023,1990,4893783.44106408,-965101.554626697,8329179.01144013
,Diet high in red meat,DALYs,2023,2005,6186358.10243229,-3.80379632e-08,9272482.90667228
,Diet high in red meat,DALYs,2023,2006,6307241.09212803,7.1126939e-09,9311886.71339593
,Diet high in red meat,DALYs,2023,2010,7093720.21763495,9.57274202e-08,9937234.26279864
,Diet high in red meat,DALYs,2023,2013,7871556.29757479,7.70394097e-08,10873474.0770387
,Diet high in red meat,DALYs,2023,2015,8386597.44334893,2.725887346e-07,11609897.1576104
,Diet high in red meat,DALYs,2023,2016,8645057.39840522,2.15512003e-08,12046904.7105886
,Diet high in red meat,DALYs,2023,2017,8966059.4551497,3.69740576e-08,12545730.7498189
,Diet high in red meat,DALYs,2023,2019,9517869.74114848,1.154397151e-07,13576152.6542104
,Diet high in red meat,DALYs,2023,2021,10197066.5513864,1.217533213e-07,14819741.3698468
,Diet high in red meat,DALYs,2023,2023,10935463.5201896,9.64797774e-08,16392597.6246065
,Diet high in processed meat,DALYs,2023,1990,6196230.03737579,1183250.91074206,10714253.4764825
,Diet high in processed meat,DALYs,2023,2005,7286568.37944453,2541944.80884654,11989362.2357727
,Diet high in processed meat,DALYs,2023,2006,7240630.53462419,2686395.47561658,11984354.1608405
,Diet high in processed meat,DALYs,2023,2010,7449355.12954581,3106636.85446193,11573072.9173428
,Diet high in processed meat,DALYs,2023,2013,7735990.06820383,3211657.74316848,11602570.0357696
,Diet high in processed meat,DALYs,2023,2015,8105237.64357196,3366840.47359245,11992114.7202961
,Diet high in processed meat,DALYs,2023,2016,8276372.23289814,3530737.11449061,12190510.0251621
,Diet high in processed meat,DALYs,2023,2017,8477683.22197517,3769702.55314123,12630819.6281003
,Diet high in processed meat,DALYs,2023,2019,8844815.67750883,4212886.31936417,13395540.4990769
,Diet high in processed meat,DALYs,2023,2021,9369410.73067823,4587344.97905686,14360629.2070144
,Diet high in processed meat,DALYs,2023,2023,9887538.70167492,5003262.36385823,15430280.9016015
,Diet low in milk,DALYs,2023,1990,2043294.80261045,666252.316223311,3312089.56963079
,Diet low in milk,DALYs,2023,2005,2635884.71063454,930106.566478431,4116183.40706828
,Diet low in milk,DALYs,2023,2006,2674412.36401223,943152.382752848,4171255.66606124
,Diet low in milk,DALYs,2023,2010,2867044.48180522,1003365.31720383,4498969.43468899
,Diet low in milk,DALYs,2023,2013,2960558.77283349,1035046.39889549,4668996.14130932
,Diet low in milk,DALYs,2023,2015,3097567.54574926,1069622.28226575,4903970.91821227
,Diet low in milk,DALYs,2023,2016,3185304.92902666,1087836.18363016,5025429.36795358
,Diet low in milk,DALYs,2023,2017,3261034.83255891,1106190.44070828,5131317.09935392
,Diet low in milk,DALYs,2023,2019,3300563.20425018,1110018.11462107,5198129.94065519
,Diet low in milk,DALYs,2023,2021,3541815.1053044,1213370.0001008,5646888.1118434
,Diet low in milk,DALYs,2023,2023,3778716.99507588,1292725.18597701,6066595.14601564
,Intimate partner violence,DALYs,2023,1990,12759158.1881213,3899111.07863432,23888154.5550567
,Intimate partner violence,DALYs,2023,2005,17646172.2902194,5686727.26653116,30451202.5562825
,Intimate partner violence,DALYs,2023,2006,17203209.9121181,5685034.21972467,29592513.8219668
,Intimate partner violence,DALYs,2023,2010,15905661.7445418,6041096.89129862,27909132.6131796
,Diet low in seafood omega-3 fatty acids,DALYs,2023,1990,13199724.9876469,3487537.13743942,24315866.9473793
,Diet low in seafood omega-3 fatty acids,DALYs,2023,2005,14028166.9330007,3119221.41249514,25079352.5399631
,Diet low in seafood omega-3 fatty acids,DALYs,2023,2006,13944215.7152386,3132679.94097482,25175619.3675245
,Diet low in seafood omega-3 fatty acids,DALYs,2023,2010,13315622.7583606,3231360.94683084,25498507.3807249
,Diet low in seafood omega-3 fatty acids,DALYs,2023,2013,13617465.622076,3501179.9894715,26151020.6502524
,Diet low in seafood omega-3 fatty acids,DALYs,2023,2015,13496211.8484206,3596015.93230624,25983752.4065357
,Diet low in seafood omega-3 fatty acids,DALYs,2023,2016,13562699.3343219,3627177.63957844,25996113.0594999
,Diet low in seafood omega-3 fatty acids,DALYs,2023,2017,13356869.8536205,3499787.31244492,25670473.6158048
,Diet low in seafood omega-3 fatty acids,DALYs,2023,2019,12526363.505704,3230833.65861346,23714103.3165439
,Diet low in seafood omega-3 fatty acids,DALYs,2023,2021,13285078.1103275,3344262.80585799,25163341.9827808
,Diet low in seafood omega-3 fatty acids,DALYs,2023,2023,13098055.8137201,3397721.31578389,25603462.6087529
,Diet low in fiber,DALYs,2023,1990,11731728.6722879,3394474.90656976,25035898.3137135
,Diet low in fiber,DALYs,2023,2005,12472172.2781844,3958290.14338564,24111347.8191746
,Diet low in fiber,DALYs,2023,2006,12404293.7360121,3830487.3425249,23342831.6125712
,Diet low in fiber,DALYs,2023,2010,12008755.850846,3404813.80417506,22997078.1006871
,Diet low in fiber,DALYs,2023,2013,12233616.5752587,3511282.56671967,25246876.683165
,Diet low in fiber,DALYs,2023,2015,12203519.5608601,3604031.70767708,25940773.5950143
,Diet low in fiber,DALYs,2023,2016,12307748.9263724,3600906.92454894,26356250.9347148
,Diet low in fiber,DALYs,2023,2017,12165634.1100119,3493200.20869358,26012141.8488335
,Diet low in fiber,DALYs,2023,2019,11699329.6611623,3195157.76989829,24257031.6112916
,Diet low in fiber,DALYs,2023,2021,12505955.9778984,3239718.01731569,27235578.7634774
,Diet low in fiber,DALYs,2023,2023,12430861.6535851,3169145.3467866,26778063.4315173
,Intimate partner violence,DALYs,2023,2013,15484995.6702054,6641552.8127085,25528529.7917492
,Intimate partner violence,DALYs,2023,2015,15488923.0207018,7071773.54230259,25102025.0453766
,Intimate partner violence,DALYs,2023,2016,15583912.6049849,7208541.8597629,25000105.4025101
,Intimate partner violence,DALYs,2023,2017,15683258.4502681,7227414.82282229,25167989.7792589
,Intimate partner violence,DALYs,2023,2019,15800270.7597445,7413458.09274406,26044129.9541885
,Intimate partner violence,DALYs,2023,2021,17450757.4513039,8514611.99992165,28285218.6157154
,Intimate partner violence,DALYs,2023,2023,18542099.360126,8737493.4245132,29989110.2437847
,Diet low in polyunsaturated fatty acids,DALYs,2023,1990,10476852.0027416,-33853537.2743163,39665982.3446053
,Diet low in polyunsaturated fatty acids,DALYs,2023,2005,12077634.441195,-36268276.941341,44823311.4896037
,Diet low in polyunsaturated fatty acids,DALYs,2023,2006,12137087.0377938,-35515323.1001011,44950752.2565003
,Diet low in polyunsaturated fatty acids,DALYs,2023,2010,12271926.3292624,-34500230.2036056,48156114.6618779
,Diet low in polyunsaturated fatty acids,DALYs,2023,2013,12962055.8420629,-37116370.2601234,50282639.0498788
,Diet low in polyunsaturated fatty acids,DALYs,2023,2015,13133726.8723589,-37612170.2887237,50690608.5891602
,Diet low in polyunsaturated fatty acids,DALYs,2023,2016,13294662.6117434,-37574505.4869539,50542682.8403583
,Diet low in polyunsaturated fatty acids,DALYs,2023,2017,13200710.9323096,-36560484.6581864,50445609.3872783
,Diet low in polyunsaturated fatty acids,DALYs,2023,2019,12746311.0029805,-35606058.7286083,48726041.9621007
,Diet low in polyunsaturated fatty acids,DALYs,2023,2021,13788402.888502,-39924595.7815307,52597322.3406857
,Diet low in polyunsaturated fatty acids,DALYs,2023,2023,13642308.8853167,-40170447.6228999,51926962.0192104
,Diet low in calcium,DALYs,2023,1990,1414216.29269633,1018133.86951299,1875183.66933855
,Diet low in calcium,DALYs,2023,2005,1512599.15694304,1107982.25549387,1961715.25874038
,Diet low in calcium,DALYs,2023,2006,1518833.0873606,1114337.18532578,1959907.95212343
,Diet low in calcium,DALYs,2023,2010,1563178.38324169,1133149.61999756,2034768.52023195
,Diet low in calcium,DALYs,2023,2013,1580797.47468094,1132922.69244405,2005619.05196243
,Diet low in calcium,DALYs,2023,2015,1632028.91962532,1155693.78806663,2078648.132491
,Diet low in calcium,DALYs,2023,2016,1663338.89984943,1170002.6301209,2119607.3490589
,Diet low in calcium,DALYs,2023,2017,1690361.89177417,1188545.17576971,2161332.069351
,Diet low in calcium,DALYs,2023,2019,1705794.88938282,1209841.44769911,2203779.17216895
,Diet low in calcium,DALYs,2023,2021,1839634.59561371,1337499.18987856,2381322.29129951
,Diet low in calcium,DALYs,2023,2023,1970743.00271453,1449123.25529546,2527027.73550931
,Low physical activity,DALYs,2023,1990,8525623.43588819,3536275.24466103,13060755.5527457
,Low physical activity,DALYs,2023,2005,10637689.4935202,4397904.15415217,16017225.4536234
,Low physical activity,DALYs,2023,2006,10803949.8837748,4476977.77345078,16259667.87236
,Low physical activity,DALYs,2023,2010,11697785.5168438,4896057.85113188,17637749.7613485
,Low physical activity,DALYs,2023,2013,12606504.7908923,5315045.41222563,19143466.7583487
,Low physical activity,DALYs,2023,2015,13386462.0776522,5689061.75203748,20335179.5046508
,Low physical activity,DALYs,2023,2016,13811407.6503377,5859296.11225837,21031778.8098551
,Low physical activity,DALYs,2023,2017,14230079.7226342,6085271.26092666,21735407.4183578
,Low physical activity,DALYs,2023,2019,14696147.4261149,6478847.13520135,22253902.3282066
,Low physical activity,DALYs,2023,2021,15643968.2790477,6918589.66272459,23851155.1674928
,Low physical activity,DALYs,2023,2023,16441325.8911839,7207532.58339353,25151243.0880533
,Diet high in sodium,DALYs,2023,1990,31528191.6153901,6671512.43049064,70870251.1343811
,Diet high in sodium,DALYs,2023,2005,31971751.6215781,6147206.78107507,75598807.8752425
,Diet high in sodium,DALYs,2023,2006,31970789.3862249,6071588.63459562,75586518.5024584
,Diet high in sodium,DALYs,2023,2010,32805331.0957767,6246167.79283639,78274873.5338552
,Diet high in sodium,DALYs,2023,2013,33722830.428644,6061419.47609918,81830436.5905567
,Diet high in sodium,DALYs,2023,2015,34898680.2750755,6230066.98547467,83800756.5820341
,Diet high in sodium,DALYs,2023,2016,35986489.7343394,6381576.98130247,86295661.4356791
,Diet high in sodium,DALYs,2023,2017,36632058.8191179,6306396.31054646,87612124.968599
,Diet high in sodium,DALYs,2023,2019,35439031.7135328,6349299.47611897,84935604.4161559
,Diet high in sodium,DALYs,2023,2021,37893355.5767506,6726654.99320106,88984059.8843608
,Diet high in sodium,DALYs,2023,2023,38390135.4872817,6808180.00276484,91725772.4871875
,Occupational risks,DALYs,2023,1990,80020511.760342,61117523.7767038,100058707.645192
,Occupational risks,DALYs,2023,2005,77441968.31503,59137010.5328973,100094443.726239
,Occupational risks,DALYs,2023,2006,78255710.2692507,58715893.7760814,102008433.472686
,Occupational risks,DALYs,2023,2010,78215917.1864022,56802899.0593125,103724167.517147
,Occupational risks,DALYs,2023,2013,77966017.5152427,56913686.1870416,103811441.251183
,Occupational risks,DALYs,2023,2015,77329126.1318893,55641918.4898933,103610638.717053
,Occupational risks,DALYs,2023,2016,77196415.5408769,55312723.7500225,103050913.210368
,Occupational risks,DALYs,2023,2017,76393972.6057165,54774056.1966563,102578161.792769
,Occupational risks,DALYs,2023,2019,74530273.3869305,52960383.8391846,100732608.871203
,Occupational risks,DALYs,2023,2021,77238095.5653361,55793258.832271,104635958.350042
,Occupational risks,DALYs,2023,2023,77512407.275037,56251845.2967776,104495144.755473
,"Occupational particulate matter, gases, and fumes",DALYs,2023,1990,3351451.20769579,1225456.62367079,6158659.96275481
,"Occupational particulate matter, gases, and fumes",DALYs,2023,2005,4550780.50887852,1527035.90454215,8326197.87685165
,"Occupational particulate matter, gases, and fumes",DALYs,2023,2006,4505231.32042779,1511932.04480197,8255484.45858437
,"Occupational particulate matter, gases, and fumes",DALYs,2023,2010,4518320.86759276,1485602.84353341,8477054.88196532
,"Occupational particulate matter, gases, and fumes",DALYs,2023,2013,4434883.55130633,1417931.19222216,8373934.33691391
,"Occupational particulate matter, gases, and fumes",DALYs,2023,2015,4453481.22307711,1437827.51457919,8318230.65272805
,"Occupational particulate matter, gases, and fumes",DALYs,2023,2016,4510982.07432239,1427954.81968067,8469261.79412385
,"Occupational particulate matter, gases, and fumes",DALYs,2023,2017,4569261.55174088,1454252.20306388,8643255.89678544
,"Occupational particulate matter, gases, and fumes",DALYs,2023,2019,4636772.89985216,1489894.81177151,8831253.17680037
,"Occupational particulate matter, gases, and fumes",DALYs,2023,2021,4410607.43114052,1398961.59329852,8209739.09320192
,"Occupational particulate matter, gases, and fumes",DALYs,2023,2023,5051990.3329005,1582532.7195783,9725493.66074998
,Child growth failure,DALYs,2023,1990,362944451.12285,268368577.794833,419423124.113814
,Child growth failure,DALYs,2023,2005,197042007.451178,132860302.659904,240158634.168483
,Child growth failure,DALYs,2023,2006,187112111.415021,127482728.456069,228372748.623736
,Child growth failure,DALYs,2023,2010,158682812.609213,108965598.711074,194389635.508894
,Child growth failure,DALYs,2023,2013,134460563.213717,89433897.1030777,166552328.752254
,Child growth failure,DALYs,2023,2015,123606025.739608,82628035.1022071,153723378.220243
,Child growth failure,DALYs,2023,2016,117865374.560404,77802274.0857098,146863034.02435
,Child growth failure,DALYs,2023,2017,112255413.306474,73676404.3652121,139716852.934856
,Child growth failure,DALYs,2023,2019,100020492.380153,63770005.3903615,127362613.534419
,Child growth failure,DALYs,2023,2021,82666226.4485475,47861435.2502682,111386179.001122
,Child growth failure,DALYs,2023,2023,84522772.2995805,51843322.668682,110717713.782149
,Occupational ergonomic factors,DALYs,2023,1990,6956075.4528079,-7477297.0965675,20434191.2540126
,Occupational ergonomic factors,DALYs,2023,2005,8861118.28557977,-9108648.58429457,25531161.3522567
,Occupational ergonomic factors,DALYs,2023,2006,9029830.84988101,-9237507.1290866,25993243.9069696
,Occupational ergonomic factors,DALYs,2023,2010,9625432.41559765,-9553224.58901287,27596675.2788272
,Occupational ergonomic factors,DALYs,2023,2013,10093828.0649289,-9780803.68830435,28880648.3977713
,Occupational ergonomic factors,DALYs,2023,2015,10399797.946243,-9862862.12812144,29652004.1580016
,Occupational ergonomic factors,DALYs,2023,2016,10543746.7830551,-9866419.14871437,29979269.7279016
,Occupational ergonomic factors,DALYs,2023,2017,10679744.0432147,-9831242.26726527,30298313.1563683
,Occupational ergonomic factors,DALYs,2023,2019,10944791.8476685,-9952669.01575175,30924132.7527651
,Occupational ergonomic factors,DALYs,2023,2021,11120453.0156699,-10105715.4580274,31361936.1082722
,Occupational ergonomic factors,DALYs,2023,2023,11095722.0414544,-9925879.41742054,31330245.0862828
,Occupational asthmagens,DALYs,2023,1990,1611190.76843679,1164439.10773143,2150795.79624357
,Occupational asthmagens,DALYs,2023,2005,1935410.66006709,1420671.0762379,2518718.45360021
,Occupational asthmagens,DALYs,2023,2006,1959616.32695804,1442539.42887871,2582866.40690644
,Occupational asthmagens,DALYs,2023,2010,2003895.49366483,1551309.67145403,2668784.46991507
,Occupational asthmagens,DALYs,2023,2013,2058870.01440596,1572275.20116972,2740652.37046417
,Occupational asthmagens,DALYs,2023,2015,2062440.17679962,1580166.38391942,2741064.27434828
,Occupational asthmagens,DALYs,2023,2016,2072279.4672807,1566331.74733337,2782059.6066809
,Occupational asthmagens,DALYs,2023,2017,2065123.72622794,1570955.19947476,2748902.06520419
,Occupational asthmagens,DALYs,2023,2019,2077023.79096454,1601995.66805047,2796481.09492775
,Occupational asthmagens,DALYs,2023,2021,2086620.65791374,1587369.84308214,2825135.64301441
,Occupational asthmagens,DALYs,2023,2023,2267943.07191868,1740617.3501343,3095437.37400707
,Occupational injuries,DALYs,2023,1990,58481206.8521664,49994078.8752883,66626168.9141572
,Occupational injuries,DALYs,2023,2005,49719222.263476,43292534.8309299,56630584.8316674
,Occupational injuries,DALYs,2023,2006,50155670.0166633,43827523.7654036,56424753.6860146
,Occupational injuries,DALYs,2023,2010,48483298.4305314,42460941.1076583,55296385.57052
,Occupational injuries,DALYs,2023,2013,46915542.4413222,40539024.1273547,53887905.1727168
,Occupational injuries,DALYs,2023,2015,45445898.1360521,39201119.6607257,52720514.8565694
,Occupational injuries,DALYs,2023,2016,44817283.0462627,38379180.7199586,52073623.0162459
,Occupational injuries,DALYs,2023,2017,43544602.871159,37112691.580442,50936963.2293781
,Occupational injuries,DALYs,2023,2019,41053079.220286,34622378.0499777,47658413.6744974
,Occupational injuries,DALYs,2023,2021,43111381.4548933,36916401.4965949,50274771.5337498
,Occupational injuries,DALYs,2023,2023,41891476.63828,35426377.324892,49021879.8231274
,Chewing tobacco,DALYs,2023,1990,3006494.41523615,1557245.24875231,5024781.25977178
,Chewing tobacco,DALYs,2023,2005,4077063.03826971,2518246.95393304,6226478.78578423
,Chewing tobacco,DALYs,2023,2006,4269418.51124515,2722286.81786594,6494843.47752469
,Chewing tobacco,DALYs,2023,2010,4745048.16718496,3266535.85271644,6853947.99093504
,Chewing tobacco,DALYs,2023,2013,5050378.21016436,3457953.84243502,7563036.62862947
,Chewing tobacco,DALYs,2023,2015,5291736.23970126,3666152.09718632,7852247.93531968
,Chewing tobacco,DALYs,2023,2016,5551109.07933146,3787215.57849821,8199103.97843343
,Chewing tobacco,DALYs,2023,2017,5740535.85521826,3893564.81965867,8319612.85642327
,Chewing tobacco,DALYs,2023,2019,5819172.88722909,3965519.34782389,8501393.24532807
,Chewing tobacco,DALYs,2023,2021,6531388.74292837,4221133.26111266,9769875.63780246
,Chewing tobacco,DALYs,2023,2023,6483553.75746755,3961808.81104173,9929159.77955909
,Low temperature,DALYs,2023,1990,23450599.9046027,19570695.6429257,28073113.8689348
,Low temperature,DALYs,2023,2005,22233160.0414265,19218831.2342864,26049735.15447
,Low temperature,DALYs,2023,2006,20936802.3971366,18371530.0091278,24379143.7838558
,Low temperature,DALYs,2023,2010,21937230.2186423,19382828.4544708,25588330.4400759
,Low temperature,DALYs,2023,2013,23046736.223526,20297823.6999011,26780897.5707645
,Low temperature,DALYs,2023,2015,22808610.0156555,20191420.3287568,26320498.7667526
,Low temperature,DALYs,2023,2016,22609109.4368886,20025267.0061059,25974390.637176
,Low temperature,DALYs,2023,2017,23505789.0123771,20873815.1533861,26935032.8224625
,Low temperature,DALYs,2023,2019,23689683.9214515,20826549.0011466,27479932.950923
,Low temperature,DALYs,2023,2021,23177815.4288984,20403938.509119,26605250.9028207
,Low temperature,DALYs,2023,2023,22920724.364176,20065413.7693191,26044176.89088
,Unsafe sex,DALYs,2023,1990,21640355.5733978,19479410.460905,24278442.5845783
,Unsafe sex,DALYs,2023,2005,78279635.7028497,73855996.2317196,83900822.4441106
,Unsafe sex,DALYs,2023,2006,74633886.414713,70653522.3286363,80259219.7547889
,Unsafe sex,DALYs,2023,2010,61015552.6003013,57435018.2851533,65827696.1629758
,Unsafe sex,DALYs,2023,2013,55156473.2827768,51317438.3053738,60371200.9425837
,Unsafe sex,DALYs,2023,2015,53328649.2442478,48914821.0416482,58819469.3887589
,Unsafe sex,DALYs,2023,2016,52984724.8641113,48271397.9021098,58779141.9952661
,Unsafe sex,DALYs,2023,2017,52321696.4301838,47244501.9866525,58439100.5608562
,Unsafe sex,DALYs,2023,2019,51481661.7514646,46696558.0907655,57651786.3108164
,Unsafe sex,DALYs,2023,2021,50051910.5127016,44773968.2066537,56635839.9565249
,Unsafe sex,DALYs,2023,2023,50567971.9467196,44808032.4326315,57086878.5640998
,All risk factors,DALYs,2023,1990,1419151733.56805,1336886513.34857,1525877030.21755
,All risk factors,DALYs,2023,2005,1317580362.58653,1231500022.44414,1413475221.68715
,All risk factors,DALYs,2023,2006,1304321370.34837,1221145098.56297,1397234160.83204
,All risk factors,DALYs,2023,2010,1277292760.36851,1193205917.48318,1370020432.85242
,All risk factors,DALYs,2023,2013,1254214037.7164,1169060347.28089,1348526821.21453
,All risk factors,DALYs,2023,2015,1257937275.02069,1175402863.82307,1360470944.83519
,All risk factors,DALYs,2023,2016,1263380325.81548,1179232298.53128,1366797270.99943
,All risk factors,DALYs,2023,2017,1261973444.9193,1179004174.53631,1365503810.29181
,All risk factors,DALYs,2023,2019,1237462054.35025,1151531166.2208,1339666560.35784
,All risk factors,DALYs,2023,2021,1242575810.14462,1152025237.35299,1347473181.46294
,All risk factors,DALYs,2023,2023,1271685730.14154,1176421662.53824,1379572794.13064
,Behavioural risks,DALYs,2023,1990,1071490866.62655,965196460.170715,1165268753.68624
,Behavioural risks,DALYs,2023,2005,942324052.656984,844017715.389368,1035426714.98247
,Behavioural risks,DALYs,2023,2006,926648506.084221,830774698.661624,1019305848.52743
,Behavioural risks,DALYs,2023,2010,881628617.455806,794250141.611751,972222483.662439
,Behavioural risks,DALYs,2023,2013,850971700.373377,757932648.911584,943048207.244146
,Behavioural risks,DALYs,2023,2015,842025960.776364,741673206.10682,933453655.686696
,Behavioural risks,DALYs,2023,2016,839869750.634623,739635441.269335,933906201.74469
,Behavioural risks,DALYs,2023,2017,833534377.595643,731524474.302518,925301861.509802
,Behavioural risks,DALYs,2023,2019,806781430.967783,703060423.849131,895300081.735658
,Behavioural risks,DALYs,2023,2021,795773611.09195,687677552.786708,889318026.592414
,Behavioural risks,DALYs,2023,2023,807697498.858188,697238560.363032,904547457.931998
,No access to handwashing facility,DALYs,2023,1990,85481300.5176432,-16837931.0671666,173514545.961825
,No access to handwashing facility,DALYs,2023,2005,50445780.19024,-10846330.955388,105535715.376518
,No access to handwashing facility,DALYs,2023,2006,48980656.6157852,-10556611.9856661,103026612.257899
,No access to handwashing facility,DALYs,2023,2010,41773440.6500376,-9615352.00743168,87301028.4522476
,No access to handwashing facility,DALYs,2023,2013,36691806.2614697,-9258094.55085601,77191863.1203204
,No access to handwashing facility,DALYs,2023,2015,33942770.3385741,-9324943.93753739,70906462.3692354
,No access to handwashing facility,DALYs,2023,2016,32613595.669029,-9252676.51302267,68729032.6303108
,No access to handwashing facility,DALYs,2023,2017,31176587.6048742,-9048540.792231,66293795.5942539
,No access to handwashing facility,DALYs,2023,2019,27953688.8836838,-8732144.77276899,61813837.4694112
,No access to handwashing facility,DALYs,2023,2021,23432655.4953245,-6582983.58276504,51800505.313982
,No access to handwashing facility,DALYs,2023,2023,23696786.9255566,-7775180.39699297,54658425.4861969
,Environmental/occupational risks,DALYs,2023,1990,627617059.18692,557692878.160225,698507920.724297
,Environmental/occupational risks,DALYs,2023,2005,517424199.808254,464212908.56785,571900988.001103
,Environmental/occupational risks,DALYs,2023,2006,512048087.814334,459641817.814633,565272527.575375
,Environmental/occupational risks,DALYs,2023,2010,497054669.507654,446132880.507788,548237875.303564
,Environmental/occupational risks,DALYs,2023,2013,479862708.477613,429866792.708931,527585896.689432
,Environmental/occupational risks,DALYs,2023,2015,474675605.498462,425194813.365535,521800288.581135
,Environmental/occupational risks,DALYs,2023,2016,474438595.262066,423340198.045391,522062128.211451
,Environmental/occupational risks,DALYs,2023,2017,468797772.343041,419985877.918492,516616600.507209
,Environmental/occupational risks,DALYs,2023,2019,447564625.888664,399681112.956866,496293184.26918
,Environmental/occupational risks,DALYs,2023,2021,439370673.133114,391169933.541224,486629251.720369
,Environmental/occupational risks,DALYs,2023,2023,445177857.35025,394760805.077376,496392252.862633
,Non-optimal temperature,DALYs,2023,1990,36304103.6231963,29588357.4569901,45135414.5107644
,Non-optimal temperature,DALYs,2023,2005,37920658.435607,31612039.5455506,45282314.4903504
,Non-optimal temperature,DALYs,2023,2006,34927480.1177449,29403676.4050516,41896305.0843413
,Non-optimal temperature,DALYs,2023,2010,42725632.5795926,35994654.0413863,50834061.5436038
,Diet low in legumes,DALYs,2023,1990,11257256.6663072,-10163646.5443559,29112698.7133718
,Diet low in legumes,DALYs,2023,2005,12402399.0515025,-10223674.8132228,32306360.9825786
,Diet low in legumes,DALYs,2023,2006,12329170.891541,-9999747.28847098,32129381.9774423
,Diet low in legumes,DALYs,2023,2010,12363539.7093921,-9603255.55664705,31906900.9995593
,Diet low in legumes,DALYs,2023,2013,12921041.833479,-10253353.4157756,33834244.3092
,Diet low in legumes,DALYs,2023,2015,13212835.6695174,-10893706.249873,34426793.3461577
,Diet low in legumes,DALYs,2023,2016,13431910.8086586,-11215074.8543805,35211591.4642822
,Diet low in legumes,DALYs,2023,2017,13525599.4256055,-11384637.032476,35472760.0011379
,Diet low in legumes,DALYs,2023,2019,13217439.98662,-11172041.7245733,34752119.5044081
,Diet low in legumes,DALYs,2023,2021,14122636.147218,-12047926.7675081,36431905.2938154
,Diet low in legumes,DALYs,2023,2023,14326607.3167397,-12304191.0257444,37349051.6757239
,Non-optimal temperature,DALYs,2023,2013,37221902.1901273,31703929.399163,44647377.0803493
,Non-optimal temperature,DALYs,2023,2015,38530415.3366187,32965904.6784718,46223830.2013867
,Non-optimal temperature,DALYs,2023,2016,40070159.1815653,34348640.0206808,47970649.5265191
,Non-optimal temperature,DALYs,2023,2017,39916303.0749818,34549585.2974128,47619185.5335747
,Non-optimal temperature,DALYs,2023,2019,40598162.4798341,35050718.1092595,48652712.391783
,Non-optimal temperature,DALYs,2023,2021,37666863.7224085,33043577.9694749,45130574.5484412
,Non-optimal temperature,DALYs,2023,2023,40059721.3135908,34648754.1658885,47751083.3646017
,High temperature,DALYs,2023,1990,13092028.0369722,9098589.54805309,17458886.8059347
,High temperature,DALYs,2023,2005,16002439.6850214,12104419.8723576,20575525.7091826
,High temperature,DALYs,2023,2006,14259450.4151625,10727310.5185776,18333437.6111448
,High temperature,DALYs,2023,2010,21184992.1818205,16097669.356075,26494339.403553
,High temperature,DALYs,2023,2013,14535956.7713141,11063373.4456703,18912498.3478329
,High temperature,DALYs,2023,2015,16118601.252821,12263673.2636708,20850295.9795729
,High temperature,DALYs,2023,2016,17838197.4767296,13504410.7445227,23129289.2624811
,High temperature,DALYs,2023,2017,16818898.5234974,12783255.1617472,21653760.6125988
,High temperature,DALYs,2023,2019,17406122.8369189,13244288.9853295,22586128.8441005
,High temperature,DALYs,2023,2021,14805640.2617201,11412279.6224953,19564361.4854863
,High temperature,DALYs,2023,2023,17515666.5568643,13247334.5837677,23195769.3655092
,Low birth weight and short gestation,DALYs,2023,1990,280822730.591377,268811594.689152,292774368.912098
,Low birth weight and short gestation,DALYs,2023,2005,206588411.001176,198340022.115249,215031288.886895
,Low birth weight and short gestation,DALYs,2023,2006,203766948.019478,195585721.110888,212079674.17367
,Low birth weight and short gestation,DALYs,2023,2010,193214813.929461,184437386.654956,201991733.685546
,Low birth weight and short gestation,DALYs,2023,2013,184483459.122124,175951556.425783,193050524.01224
,Low birth weight and short gestation,DALYs,2023,2015,178558655.808577,170809072.130131,186889675.171698
,Low birth weight and short gestation,DALYs,2023,2016,174805572.690701,166713807.615236,182820959.965204
,Low birth weight and short gestation,DALYs,2023,2017,170614356.24635,162772608.571061,178266737.323156
,Low birth weight and short gestation,DALYs,2023,2019,161048343.051888,153079481.581082,169218548.79225
,Low birth weight and short gestation,DALYs,2023,2021,149036313.52321,140362333.760598,158280964.505824
,Low birth weight and short gestation,DALYs,2023,2023,145869359.298732,136893354.231505,156716091.98213
,High LDL cholesterol*,DALYs,2023,1990,65465614.7831578,41024420.4889502,92501509.7693841
,High LDL cholesterol*,DALYs,2023,2005,74235775.4345009,47707003.1393852,100244883.810888
,High LDL cholesterol*,DALYs,2023,2006,74345724.2688294,47912791.717794,100455332.283312
,High LDL cholesterol*,DALYs,2023,2010,76421700.9465827,48888056.1894952,103938192.440282
,High LDL cholesterol*,DALYs,2023,2013,80643545.1324053,51894699.4365042,109690712.532227
,High LDL cholesterol*,DALYs,2023,2015,83039719.9286924,53683449.8707949,112707893.935469
,High LDL cholesterol*,DALYs,2023,2016,84658020.8245188,54788665.6434172,114952885.040551
,High LDL cholesterol*,DALYs,2023,2017,85277508.8617033,54998863.3125161,115120131.684303
,High LDL cholesterol*,DALYs,2023,2019,83572575.0649652,54082851.4078995,112993788.67548
,High LDL cholesterol*,DALYs,2023,2021,89650552.1985201,58470579.5040659,121223172.606271
,High LDL cholesterol*,DALYs,2023,2023,90731063.2970551,58978279.5974464,123325597.002097
,Kidney dysfunction*,DALYs,2023,1990,52173286.0313621,45385250.1418248,60640644.8256375
,Kidney dysfunction*,DALYs,2023,2005,64674839.8397152,55945492.4699421,74450678.0723133
,Kidney dysfunction*,DALYs,2023,2006,65545563.373649,56646467.7552168,75425074.1137756
,Kidney dysfunction*,DALYs,2023,2010,69860998.0906139,60172804.3873098,79919879.2452881
,Kidney dysfunction*,DALYs,2023,2013,74573985.6753011,63691370.762092,85100247.5296142
,Kidney dysfunction*,DALYs,2023,2015,78297094.9771069,66680424.1646679,89212097.462222
,Kidney dysfunction*,DALYs,2023,2016,80453735.442388,68579435.5463928,91853146.9624027
,Kidney dysfunction*,DALYs,2023,2017,82008787.0674321,70192241.2025629,93863732.8540356
,Kidney dysfunction*,DALYs,2023,2019,82668161.5629075,71182511.4115159,95195492.8237771
,Kidney dysfunction*,DALYs,2023,2021,88451846.4957958,76490873.5763781,101673497.453708
,Kidney dysfunction*,DALYs,2023,2023,91057092.4632413,77577498.1385153,104844843.970938
,Particulate matter pollution,DALYs,2023,1990,280075875.106256,224893167.509155,319415617.215785
,Particulate matter pollution,DALYs,2023,2005,254488394.439345,212676383.302727,286714758.724249
,Particulate matter pollution,DALYs,2023,2006,252532144.61828,210395170.28527,285541125.385004
,Particulate matter pollution,DALYs,2023,2010,245348280.522176,205362901.66675,276446592.207658
,Particulate matter pollution,DALYs,2023,2013,243737281.514115,205232037.101124,275511724.223062
,Particulate matter pollution,DALYs,2023,2015,243342221.222686,205307200.003844,274865970.212246
,Particulate matter pollution,DALYs,2023,2016,243590483.47818,204753312.199405,276189102.042952
,Particulate matter pollution,DALYs,2023,2017,240970703.957711,201978095.870103,273481352.552039
,Particulate matter pollution,DALYs,2023,2019,228666907.876533,191834385.541626,261004736.003426
,Particulate matter pollution,DALYs,2023,2021,221721732.197064,187696921.2337,254956124.804716
,Particulate matter pollution,DALYs,2023,2023,227944406.040219,189924789.664386,260701417.089274
,Nitrogen dioxide pollution,DALYs,2023,1990,333875.450859084,-437685.215443574,1207663.20923571
,Nitrogen dioxide pollution,DALYs,2023,2005,311984.834677452,-403836.140849031,1191002.30608334
,Nitrogen dioxide pollution,DALYs,2023,2006,310236.657686649,-401295.346663062,1194294.80980125
,Nitrogen dioxide pollution,DALYs,2023,2010,301966.930844294,-370530.215138016,1188458.36423314
,Nitrogen dioxide pollution,DALYs,2023,2013,288163.819126512,-336084.004937373,1132457.73860007
,Nitrogen dioxide pollution,DALYs,2023,2015,277984.398528049,-312065.942017418,1099659.91342694
,Nitrogen dioxide pollution,DALYs,2023,2016,269175.714691874,-293931.943312229,1059664.49540056
,Nitrogen dioxide pollution,DALYs,2023,2017,255957.794456654,-276865.968021656,1009698.83125904
,Nitrogen dioxide pollution,DALYs,2023,2019,230085.173540543,-243419.397241348,944703.834766814
,Nitrogen dioxide pollution,DALYs,2023,2021,226937.741492132,-240199.736972268,937794.282648882
,Nitrogen dioxide pollution,DALYs,2023,2023,232616.86603497,-250029.797300153,956020.320254579
,Unsafe sanitation,Deaths,2023,2007,1171309.80729957,913876.473187668,1600014.73432839
,Other environmental risks,Deaths,2023,2007,2648820.87408318,1967919.19702404,3300293.40428469
,Suboptimal breastfeeding,Deaths,2023,2007,246946.260350767,177135.616945676,310894.849702115
,Tobacco,Deaths,2023,2007,6685239.70442011,5776673.10249162,7565606.52231905
,High alcohol use,Deaths,2023,2007,1305434.69143621,1038345.32981879,1738435.23358648
,Metabolic risks,Deaths,2023,2007,13825777.7340589,12691885.5351778,15017122.2935277
,High body-mass index,Deaths,2023,2007,2229713.68331063,1168271.56725807,3297064.9467315
,Diet low in vegetables,Deaths,2023,2007,715023.099298018,370026.418332998,1079629.91256516
,Diet high in red meat,Deaths,2023,2007,220544.584936941,2.8380762e-09,313206.577381517
,Diet low in seafood omega-3 fatty acids,Deaths,2023,2007,525443.929313237,110161.078876575,970227.683533297
,Air pollution,Deaths,2023,2007,7702198.92194632,6401126.70598176,8790093.09747617
,Lead exposure,Deaths,2023,2007,2584831.74529847,1928455.3044735,3206029.21842638
,Unsafe water source,Deaths,2023,2007,1425797.30833419,728985.67325736,2030028.01161587
,Ambient ozone pollution,Deaths,2023,2007,363353.201710623,88229.5397950731,623235.444062979
,Iron deficiency,Deaths,2023,2007,56552.2112956002,30171.7985574145,75215.9893849433
,"Unsafe water, sanitation, and handwashing",Deaths,2023,2007,2085000.82481652,1387769.02016357,2932147.04556577
,Drug use,Deaths,2023,2007,362210.80564814,314082.518792814,410912.897233133
,Child and maternal malnutrition,Deaths,2023,2007,4258595.74092278,3689224.35124347,4693368.23645925
,Vitamin A deficiency,Deaths,2023,2007,71053.047207373,-150753.368312065,277361.57571427
,Zinc deficiency,Deaths,2023,2007,19326.412994049,-68167.5598099387,83336.0418776206
,Second-hand smoke,Deaths,2023,2007,1463227.06790362,1145627.01477781,1790359.1033388
,Residential radon,Deaths,2023,2007,63989.1287847054,-28744.0761106019,160886.673866414
,High systolic blood pressure,Deaths,2023,2007,8527223.01046149,6903087.18757448,9961576.30391691
,Dietary risks,Deaths,2023,2007,5777213.92661222,2245243.03373785,8203358.1225317
,Diet low in fruits,Deaths,2023,2007,1339467.85447508,530769.871057674,2036235.1018112
,Diet low in milk,Deaths,2023,2007,109824.319049853,39810.0722553478,171416.666267073
,Diet low in nuts and seeds,Deaths,2023,2007,773897.556583085,224763.064741054,1265452.17789105
,Diet low in fiber,Deaths,2023,2007,428308.204787478,126296.399751753,799333.782128576
,Diet high in sodium,Deaths,2023,2007,1337873.51365735,215685.32177187,3307619.2027168
,Occupational carcinogens,Deaths,2023,2007,271404.845142988,216074.56843247,321532.853278391
,Smoking,Deaths,2023,2007,5399064.95188266,4391986.60483769,6331847.43206531
,High fasting plasma glucose,Deaths,2023,2007,3282959.15975587,2849978.51710148,3907180.07124267
,Diet high in trans fatty acids,Deaths,2023,2007,426339.804159484,17456.6871964338,826505.202225287
,Low bone mineral density,Deaths,2023,2007,313880.532790073,268883.093057271,358340.333565729
,Unsafe sex,Deaths,2023,2007,1412078.3110839,1333201.55531852,1523745.80284113
,Diet low in whole grains,Deaths,2023,2007,928782.787013316,408411.958828624,1549053.08586164
,Behavioural risks,Deaths,2023,2007,18811513.6585233,15690279.6191337,21095103.0978862
,Occupational injuries,Deaths,2023,2007,663859.617442383,589116.916397907,727671.419876889
,Child growth failure,Deaths,2023,2007,2026559.92118871,1398336.60312523,2483169.4729461
,Diet high in processed meat,Deaths,2023,2007,237924.525269415,74635.3639282169,406121.466603561
,Low physical activity,Deaths,2023,2007,465964.96262927,185691.238617116,727318.902842846
,Diet low in polyunsaturated fatty acids,Deaths,2023,2007,460058.599348838,-1263159.90627099,1772269.47058028
,Occupational asthmagens,Deaths,2023,2007,31675.4752230805,19739.939313142,48844.4728889293
,Diet low in legumes,Deaths,2023,2007,488994.237997487,-370165.790061144,1305182.73140098
,All risk factors,Deaths,2023,2007,30751388.3776813,29456029.8803843,31788940.1525433
,Intimate partner violence,Deaths,2023,2007,187698.848917238,3635.65463464036,405624.850134017
,Occupational risks,Deaths,2023,2007,1167288.85230286,990814.591691583,1369061.71780651
,Low temperature,Deaths,2023,2007,1180857.75868796,1072896.61994423,1308028.66774908
,High LDL cholesterol*,Deaths,2023,2007,2945666.27246912,1758317.22066241,4207206.54157642
,No access to handwashing facility,Deaths,2023,2007,749883.160500835,-164764.643762636,1600030.44560562
,"Occupational particulate matter, gases, and fumes",Deaths,2023,2007,200348.914494408,67425.061151593,370173.198085226
,Particulate matter pollution,Deaths,2023,2007,7551088.5336839,6239049.3860498,8685384.5195194
,Diet low in calcium,Deaths,2023,2007,61537.056276962,46368.9892150784,78697.919084533
,Chewing tobacco,Deaths,2023,2007,166215.117459406,108535.516337411,257902.626349101
,High temperature,Deaths,2023,2007,352780.359198759,248214.194475197,486744.9778865
,Environmental/occupational risks,Deaths,2023,2007,13430257.0614091,12027122.1944961,14658026.9047498
,Non-optimal temperature,Deaths,2023,2007,1521640.71112562,1359474.66661197,1766081.05580969
,Kidney dysfunction*,Deaths,2023,2007,2612029.62139264,2125075.42850425,3087782.09313085
,Low birth weight and short gestation,Deaths,2023,2007,2123602.55605993,2030997.58655055,2210296.31427281
,Unsafe water source,DALYs,2023,2007,85552641.0295684,44106047.0430585,117616810.810069
,Unsafe sanitation,DALYs,2023,2007,70240430.8624688,55505369.0800075,88975146.1777633
,Other environmental risks,DALYs,2023,2007,59979048.5197954,45938760.9237282,74573198.2661602
,Ambient ozone pollution,DALYs,2023,2007,6765155.16958646,1631050.45558729,11487666.1817651
,Child and maternal malnutrition,DALYs,2023,2007,428503107.578231,378192158.547809,473701211.271204
,Lead exposure,DALYs,2023,2007,58406254.5744135,43545656.8428652,71998235.2756308
,Iron deficiency,DALYs,2023,2007,42182280.3138454,28090496.4500386,62278262.1659376
,Tobacco,DALYs,2023,2007,195825298.748198,167374891.598549,222643702.195784
,Zinc deficiency,DALYs,2023,2007,1762350.20397829,-6120185.06779115,7604121.93118043
,High alcohol use,DALYs,2023,2007,59389763.0615232,49719897.1178624,72434865.6065074
,Metabolic risks,DALYs,2023,2007,369148878.219766,331651461.883865,407674278.249269
,Diet low in vegetables,DALYs,2023,2007,18394456.1461328,9032036.53595308,28110727.0218166
,High body-mass index,DALYs,2023,2007,82153609.483503,39392745.935809,123056633.152418
,Diet high in red meat,DALYs,2023,2007,6479652.2956442,9.46069147e-08,9414374.21781388
,Diet low in fruits,DALYs,2023,2007,38133443.7441472,13585847.1405387,58562718.7495453
,Diet low in seafood omega-3 fatty acids,DALYs,2023,2007,13862779.8303169,3158421.34118272,25231404.8934765
,Diet low in milk,DALYs,2023,2007,2736969.5936968,959209.274362962,4282471.15877049
,Low physical activity,DALYs,2023,2007,11025972.0568221,4581309.470952,16554015.5462577
,Diet low in fiber,DALYs,2023,2007,12329271.0253704,3734255.34450781,22586881.2424143
,Occupational ergonomic factors,DALYs,2023,2007,9187622.27228138,-9344612.98864679,26412988.3889436
,Diet high in sodium,DALYs,2023,2007,32214671.4664847,6005111.64531758,76386000.0566309
,Occupational asthmagens,DALYs,2023,2007,1982487.54652341,1468949.73689465,2652909.89986221
,Occupational injuries,DALYs,2023,2007,50077540.5202597,43634563.9830797,56258972.7791788
,No access to handwashing facility,DALYs,2023,2007,47342231.0788072,-10429113.5282728,99377742.0641929
,"Unsafe water, sanitation, and handwashing",DALYs,2023,2007,126138621.8669,84938231.9410593,173159302.180839
,High temperature,DALYs,2023,2007,14479790.0697528,10966740.6890387,18600472.2982667
,All risk factors,DALYs,2023,2007,1296297475.53811,1211230811.95622,1391129032.00049
,High LDL cholesterol*,DALYs,2023,2007,74916262.4897307,48252276.8770953,101701766.404366
,Environmental/occupational risks,DALYs,2023,2007,509213172.731984,456198377.57598,561304307.806422
,Particulate matter pollution,DALYs,2023,2007,251588385.684028,210108020.130634,284153123.811453
,Nitrogen dioxide pollution,DALYs,2023,2007,308857.046351768,-397118.689007013,1193450.11396057
,Residential radon,DALYs,2023,2007,1572793.94538185,-710332.762697581,3976508.84335522
,Diet low in legumes,DALYs,2023,2007,12325429.8945387,-9826777.92351413,31893646.8500674
,Low birth weight and short gestation,DALYs,2023,2007,201803842.175306,193126310.176779,210741843.36763
,Air pollution,DALYs,2023,2007,254644571.92729,213245649.663594,286151493.275546
,Suboptimal breastfeeding,DALYs,2023,2007,22334283.1979331,16016801.8189881,28093291.5961533
,Smoking,DALYs,2023,2007,155380620.991411,126586842.049926,183253488.482008
,Vitamin A deficiency,DALYs,2023,2007,8185909.97052362,-11420223.7493468,26623990.7419313
,Drug use,DALYs,2023,2007,22858155.0055499,19906046.2555091,25522448.9763172
,Second-hand smoke,DALYs,2023,2007,45071363.0356107,35518431.6866781,54771223.1161865
,High systolic blood pressure,DALYs,2023,2007,185880209.617703,148357653.006239,218041094.656657
,Dietary risks,DALYs,2023,2007,149276526.506025,55719099.7175722,206125061.882124
,High fasting plasma glucose,DALYs,2023,2007,99999740.2210729,87473222.243434,119707359.703228
,Diet low in nuts and seeds,DALYs,2023,2007,20338494.1704376,6191318.53434125,32547119.9623095
,Low bone mineral density,DALYs,2023,2007,16657161.0372326,13249710.1604275,20435534.317753
,Diet high in trans fatty acids,DALYs,2023,2007,11479475.5381124,483174.311854944,21712459.1304862
,Occupational carcinogens,DALYs,2023,2007,6189092.78277872,4932220.47866208,7328027.49917127
,Occupational noise,DALYs,2023,2007,6695060.64438799,4549840.46024404,9025954.47149681
,Diet low in whole grains,DALYs,2023,2007,25429478.652917,10207330.9989175,41281177.1964581
,Intimate partner violence,DALYs,2023,2007,16789844.5818199,5751235.67199491,29148978.0435326
,Diet high in processed meat,DALYs,2023,2007,7267446.28279597,2841640.09911344,11821816.861811
,Diet low in calcium,DALYs,2023,2007,1533505.72107277,1128187.56969945,1979466.86252379
,Diet low in polyunsaturated fatty acids,DALYs,2023,2007,12226240.4069068,-35074394.5182573,45621374.810812
,Occupational risks,DALYs,2023,2007,78661147.5788329,58037803.1856591,102813079.584929
,"Occupational particulate matter, gases, and fumes",DALYs,2023,2007,4529343.81260172,1520287.94213266,8354693.33915973
,Child growth failure,DALYs,2023,2007,177820636.475275,122220631.694805,218542711.156478
,Chewing tobacco,DALYs,2023,2007,4453895.72063687,2946086.2710021,6827959.52895391
,Low temperature,DALYs,2023,2007,21753994.1136241,19113813.4934863,25301842.3389983
,Unsafe sex,DALYs,2023,2007,70521399.2622548,66649435.6588409,75904057.3199036
,Behavioural risks,DALYs,2023,2007,914327119.632528,822542610.498754,1006114141.68222
,Non-optimal temperature,DALYs,2023,2007,35910132.7412154,30060721.177759,43170329.2479028
,Kidney dysfunction*,DALYs,2023,2007,66730933.021694496,57660138.8323966,76112808.406735
